"Data Source","World Development Indicators",

"Last Updated Date","2026-04-08",

"Country Name","Country Code","Indicator Name","Indicator Code","1960","1961","1962","1963","1964","1965","1966","1967","1968","1969","1970","1971","1972","1973","1974","1975","1976","1977","1978","1979","1980","1981","1982","1983","1984","1985","1986","1987","1988","1989","1990","1991","1992","1993","1994","1995","1996","1997","1998","1999","2000","2001","2002","2003","2004","2005","2006","2007","2008","2009","2010","2011","2012","2013","2014","2015","2016","2017","2018","2019","2020","2021","2022","2023","2024","2025",
"Aruba","ABW","Rural population","SP.RUR.TOTL","22505","22747","22972","23124","23207","23232","23196","23051","22800","22498","22157","21791","21224","21030","20776","20507","20309","20191","20104","20135","20318","20531","20791","21148","21424","21080","20524","20316","20429","20858","21692","22799","23882","25506","26863","27631","28747","29885","30633","31057","31385","31697","31966","32410","33214","34213","34979","35400","35837","36249","36497","36934","37662","38425","39049","39678","40221","40475","40800","41182","41260","41004","40905","40973","41264","",
"Africa Eastern and Southern","AFE","Rural population","SP.RUR.TOTL","111032160","113681311","116448633","119304902","122288692","125378512","128527579","131793416","135191652","138649429","142164256","145728969","149268294","152988596","156897262","160829160","164875928","168889116","173294178","178063666","182687869","187656492","192993915","198194995","203203382","208176732","213104843","218084542","222949852","227755085","232869893","238075874","243422297","249185160","254613108","260151499","266262251","272264524","278255180","284398264","290529188","296635883","302806843","309006560","315253549","321665646","328227026","335347249","342166245","349643587","357478970","365311649","373334239","381547399","389581077","397722318","405930605","414226898","422869281","431950212","441054369","449899457","458408691","467013510","475096789","",
"Afghanistan","AFG","Rural population","SP.RUR.TOTL","8301167","8441059","8589734","8745586","8908345","9079642","9256311","9438477","9627799","9822230","10022273","10218179","10412051","10614943","10818867","11014873","11194969","11374276","11551606","11547475","11104231","10039057","9220955","9139043","9347815","9527542","9505317","9463094","9561075","9837858","9966093","10112171","10956720","12313104","13371924","14022249","14573046","15113581","15666015","16230356","16394501","16482777","17328835","18377389","18990038","19595425","20311194","20574843","20888394","21509103","21987632","22650394","23426271","24094061","24859678","25554853","26143845","26825487","27557586","28337682","29199291","29861163","30274281","30894968","31686773","",
"Africa Western and Central","AFW","Rural population","SP.RUR.TOTL","84014848","85280694","86558837","87859261","89163536","90483595","91828619","93188121","94588274","96039667","97555214","99101330","100675829","102316272","104045064","105879148","107738608","109664038","111748515","113957054","116199803","118494605","120923012","123205001","125394550","127748385","130234641","132608013","135120932","137713854","140214209","142488224","145235277","147974927","150717007","153605887","156478321","159315806","162242363","165160270","168136420","171215392","174361496","177556691","180819821","184139064","187451955","190899738","194415870","197896751","201395318","205014708","208583014","212088708","215615578","219089003","222569343","225963892","229182171","232192068","235024216","237749496","240329060","243070193","245961860","",
"Angola","AGO","Rural population","SP.RUR.TOTL","4688237","4728453","4754249","4781944","4811480","4842330","4873604","4904146","4932828","4958649","5004775","5087892","5201039","5331544","5461559","5585913","5702290","5818003","5936055","6052739","6171252","6290308","6408984","6527712","6643631","6755796","6862196","6957174","7046058","7135071","7222527","7308349","7389552","7467433","7552365","7642969","7729472","7810973","7883933","7949629","8015316","8085137","8162624","8253326","8361908","8488111","8627806","8777599","8936762","9105434","9287407","9483141","9690421","9908055","10124688","10273182","10418581","10556478","10680713","10792811","10886060","10963212","11028821","11079544","11117550","",
"Albania","ALB","Rural population","SP.RUR.TOTL","1112613","1145548","1179558","1213744","1248295","1282348","1315751","1349801","1387344","1426166","1460262","1492483","1525876","1557449","1588276","1619565","1649883","1680964","1710565","1739655","1770654","1801688","1835424","1869925","1904586","1938635","1970379","2003253","2033578","2079861","2106770","2081520","2054777","2026684","1997380","1967000","1935681","1903551","1870740","1837372","1803572","1764052","1734437","1701288","1665467","1626391","1583952","1538401","1491781","1445807","1401700","1356966","1319823","1287381","1255613","1224768","1194827","1165768","1137571","1110217","1083685","1057957","1033013","1008836","985406","",
"Andorra","AND","Rural population","SP.RUR.TOTL","3951","4092","4209","4299","4360","4390","4420","4471","4509","4506","4464","4384","4269","4123","3946","3743","3518","3276","3025","2773","2529","2309","2142","2037","1991","2018","2107","2203","2298","2377","2753","3222","3605","3949","4171","4248","4370","4540","4722","4902","5087","5337","5679","6262","7049","7776","8453","8966","9234","9358","9071","8798","8737","8586","8447","8287","8299","8484","8638","8765","8828","8884","8963","9040","9107","",
"Arab World","ARB","Rural population","SP.RUR.TOTL","63211722","64156628","65080794","66037760","67039955","68104235","69287071","70564585","71860836","73179704","74508915","75857760","77220394","78739386","80345318","82091532","84003593","85905738","87996341","90350288","92666406","94694865","96668129","98765337","100773317","102704810","104624073","106535233","108294876","110029158","112615864","114427564","116346939","118896293","121556978","124095960","126523543","128892914","131347206","133804627","136278177","138751405","141196156","143589000","145986717","148467158","151012177","153694409","156415901","159092443","161453159","163510400","164753723","165863473","167985662","170837395","173958946","176976294","179697897","182616111","185618319","188346950","191680351","194915735","197932371","",
"United Arab Emirates","ARE","Rural population","SP.RUR.TOTL","34804","35133","35548","36039","36571","37066","37408","37462","40282","46763","53803","60449","66834","73199","79893","87411","99345","117981","140613","166103","191925","212782","229724","247094","264677","282220","303233","328045","353287","378849","404591","430344","455907","481040","505470","529349","564477","609066","650785","689119","723621","754142","780660","802900","820558","829760","873642","969765","1073602","1128784","1142356","1167311","1200052","1234284","1277914","1332903","1384100","1412382","1415074","1414050","1391774","1402071","1459387","1502524","1558189","",
"Argentina","ARG","Rural population","SP.RUR.TOTL","5764381","5713100","5653155","5585201","5510292","5430054","5347745","5267417","5192364","5125494","5071317","5028709","4993804","4965974","4943680","4922398","4900421","4879245","4857085","4831372","4800080","4762309","4717395","4666684","4611436","4552906","4493060","4434171","4378972","4328627","4284559","4248484","4217895","4190275","4165878","4143394","4121208","4099038","4076295","4052870","4028032","4000160","3969629","3937540","3904989","3873296","3842009","3809731","3778772","3750105","3718871","3711012","3708494","3704056","3701131","3698893","3693912","3685898","3675993","3662286","3640709","3611716","3581395","3554494","3530379","",
"Armenia","ARM","Rural population","SP.RUR.TOTL","910395","915902","924560","933071","942304","959544","977858","991139","1001285","999781","993475","994044","991139","992449","993464","992557","999512","1017124","1038473","1050079","1050961","1051177","1051559","1052588","1055816","1060900","1066683","1073682","1080149","1108634","1146779","1172772","1167321","1138208","1119484","1111490","1112833","1112424","1109128","1103233","1128698","1129821","1128262","1124493","1120461","1115920","1110874","1105434","1099499","1092969","1086067","1080332","1078792","1077089","1072482","1066844","1059487","1051356","1043595","1036736","1031366","1026221","1022520","1016883","1037112","",
"American Samoa","ASM","Rural population","SP.RUR.TOTL","12557","12781","12931","12983","12957","12868","12724","12557","12414","12325","12271","12203","12132","12065","12005","11978","11967","11939","11887","11799","11768","11835","11911","11955","11965","11944","11890","11802","11684","11535","11308","10923","10386","9754","9068","8373","7715","7147","6720","6489","6477","6531","6600","6690","6798","6919","7048","7181","7313","7439","7556","7670","7783","7893","8001","8107","8210","8311","8411","8508","8646","8756","8801","8852","8911","",
"Antigua and Barbuda","ATG","Rural population","SP.RUR.TOTL","33603","34302","35074","35972","37006","38130","39248","40333","41356","42270","42803","42925","42824","42606","42370","42167","42051","42045","42083","42157","42231","42246","42241","42258","42147","41887","41619","41351","41097","40871","40684","40885","41588","42473","43473","44592","45815","47092","48349","49556","50766","51913","52976","54051","55178","56385","57684","59056","60477","61883","63122","64149","65047","65830","66494","67057","67545","67987","68396","68789","69215","69654","70084","70500","70900","",
"Australia","AUS","Rural population","SP.RUR.TOTL","1891497","1893218","1909421","1920718","1934341","1945548","1956559","1930453","1897249","1866039","1841967","1868371","1884752","1897843","1933713","1949246","1965852","1990888","2021392","2053360","2089630","2132949","2181968","2226324","2267181","2308258","2346169","2381337","2418698","2457662","2492329","2523469","2553496","2580664","2612049","2649082","2689867","2727464","2762241","2798414","2833929","2862658","2868874","2877313","2886504","2901614","2914415","2937350","2969494","3009106","3036006","3054575","3081493","3105171","3117071","3125167","3140795","3165535","3188615","3217025","3264804","3278655","3295446","3336037","3371821","",
"Austria","AUT","Rural population","SP.RUR.TOTL","3530778","3542199","3555041","3567667","3580031","3590743","3602339","3614709","3618015","3614280","3610027","3608711","3611794","3613209","3599752","3569401","3540751","3517851","3488540","3453635","3421806","3394817","3347970","3275441","3195374","3108963","3019695","2931767","2852168","2791930","2755515","2745157","2748169","2744796","2731177","2713309","2697237","2683039","2671373","2664760","2662322","2666759","2676037","2686050","2700356","2716846","2728594","2735760","2742469","2747407","2751163","2756787","2764313","2773061","2784793","2803897","2820039","2823568","2819713","2813371","2805155","2796573","2803147","2810159","2802422","",
"Azerbaijan","AZE","Rural population","SP.RUR.TOTL","2021400","2063554","2125370","2167387","2240556","2303505","2373964","2421412","2473086","2532711","2575858","2622474","2657906","2678300","2706400","2731776","2751600","2779377","2811877","2870421","2886000","2929076","2976076","3026400","3079074","3120237","3154314","3195873","3226961","3246443","3322400","3399953","3475576","3545100","3608276","3664776","3716800","3768076","3840400","3911687","3933183","3961633","3986733","3974946","3963596","3985889","4017094","4047957","4113250","4193053","4229746","4264699","4293942","4314580","4325882","4327049","4317102","4293088","4255797","4197085","4209491","4220751","4215088","4213127","4226645","",
"Burundi","BDI","Rural population","SP.RUR.TOTL","2713435","2780544","2849381","2907325","2988496","3069258","3140639","3217684","3291426","3359475","3428777","3508417","3503398","3493428","3576763","3661081","3738255","3829418","3935325","4027771","4193302","4359900","4461723","4574010","4676819","4769140","4849326","4950709","5050761","5139838","5236918","5335227","5468893","5289293","5313927","5631465","5625156","5614452","5712040","5839244","5949744","6087622","6247419","6432080","6658651","6890738","7121102","7364223","7646020","8008323","8346506","8594418","8839899","9085662","9311145","9426954","9484063","9593863","9762456","9953027","10102335","10228353","10347796","10465109","10559681","",
"Belgium","BEL","Rural population","SP.RUR.TOTL","3124265","3101913","3080609","3064438","3048621","3027274","2996050","2960055","2919687","2878261","2835415","2799469","2770438","2738978","2707442","2675159","2639931","2603321","2566045","2528827","2492276","2453113","2413615","2374861","2336544","2299240","2262351","2226858","2196740","2167736","2137462","2108908","2081211","2053347","2023982","1992880","1961807","1931966","1901901","1872479","1843661","1817052","1792638","1767994","1743923","1722208","1702663","1684659","1667860","1651585","1637396","1629804","1611445","1591159","1570968","1553439","1535319","1515948","1498276","1482519","1465807","1456320","1461288","1466427","1468967","",
"Benin","BEN","Rural population","SP.RUR.TOTL","2270853","2296916","2323310","2349265","2374876","2400211","2425014","2449259","2473302","2497375","2521755","2546605","2572257","2599000","2627064","2657055","2689540","2724976","2763620","2806618","2853578","2902767","2953536","3005274","3058551","3114112","3172344","3233864","3299182","3368560","3442581","3521945","3607231","3747847","3869615","3932922","4018767","4120964","4231237","4344079","4457476","4570209","4681741","4793978","4907485","5029584","5147462","5257253","5370693","5483272","5595178","5706772","5817748","5927309","6034730","6141500","6245541","6345653","6439925","6527228","6607473","6680394","6747288","6809168","6863208","",
"Burkina Faso","BFA","Rural population","SP.RUR.TOTL","4537983","4600158","4663905","4729840","4798858","4871821","4947690","5026464","5108661","5192717","5278959","5365467","5453148","5545664","5645645","5755148","5869919","5988593","6111093","6235359","6363094","6493320","6627022","6769259","6921452","7083291","7250494","7419795","7592053","7767791","7947151","8122934","8296226","8473279","8654516","8839666","9023543","9205071","9392351","9585960","9778906","9976269","10179583","10392328","10619625","10864551","11132029","11412383","11693288","11979674","12275521","12585023","12913527","13252779","13602566","13966426","14342304","14726439","15107324","15486957","15817372","16098004","16368767","16627547","16876175","",
"Bangladesh","BGD","Rural population","SP.RUR.TOTL","49179087","50497102","51881572","53308485","54772068","56269402","57791268","59363536","60966487","62533743","63960674","64852138","65848329","67465118","69047045","70353461","71429515","72368446","73235900","74116000","75099927","76402149","77957920","79523169","81060379","82568727","84033779","85453350","86818286","88148988","89459344","90726233","92009997","93321203","94663971","96043620","97419871","98838822","100302391","101779919","103175957","104382940","105432254","106358527","107163593","107846612","108416676","108897461","109307449","109668406","110003316","110416600","110908001","111387170","111847946","112302169","112768738","113203368","113619833","114082169","114551246","115015289","115734374","116326899","116845100","",
"Bulgaria","BGR","Rural population","SP.RUR.TOTL","4947765","4891811","4863748","4824397","4639173","4454884","4376430","4321120","4267692","4166815","4047541","3942233","3844353","3769739","3637610","3661915","3635353","3572891","3480030","3399836","3354856","3288781","3220215","3160573","3081544","3140135","3112901","3050114","2990551","2901609","2873652","2841082","2805385","2759642","2725379","2703934","2701344","2688169","2653285","2623459","2592956","2467079","2391438","2349638","2321283","2291031","2241730","2211960","2180178","2136426","2106641","2012695","1989504","1935830","1903888","1878543","1849353","1810372","1771636","1739125","1747464","1734406","1714549","1693375","1677994","",
"Bahrain","BHR","Rural population","SP.RUR.TOTL","29298","30461","31656","32886","34158","35517","37711","40789","44018","46774","48767","50457","52812","55373","57848","60226","62493","64634","66643","68516","70257","71617","72072","71594","70451","68814","66874","64849","62995","61606","61016","58283","59714","61526","63542","65727","68040","70435","72859","75253","77558","80418","84252","85377","83553","78499","69932","57572","40320","19706","0","0","0","0","0","0","0","0","0","0","0","0","0","0","0","",
"Bahamas, The","BHS","Rural population","SP.RUR.TOTL","49318","51265","53282","55278","57048","58644","60269","61902","63516","64973","65932","66339","66386","66171","65806","65366","64886","64371","63809","63196","62530","61651","60507","59226","57891","56596","55428","54469","53847","53695","54081","54742","55524","56387","57230","58047","58838","59585","60272","60876","61412","61788","61994","62150","62279","62380","62570","62906","63317","63863","64603","65376","66102","66834","67598","68372","69157","69969","70829","71729","72584","73415","74260","74610","74940","",
"Bosnia and Herzegovina","BIH","Rural population","SP.RUR.TOTL","2657803","2689462","2712887","2729420","2741233","2749325","2754415","2756597","2755534","2751326","2744556","2738433","2732699","2724618","2714957","2704647","2694089","2683651","2674121","2666720","2663146","2664596","2669669","2676769","2684666","2692334","2698788","2703382","2705582","2704693","2700188","2691774","2542779","2331762","2212648","2194680","2276384","2347317","2375608","2386031","2389622","2387456","2378887","2360105","2325659","2287601","2256121","2215707","2166844","2117413","2068135","2018592","1968444","1924753","1884697","1844730","1805097","1766051","1728321","1690664","1650628","1606555","1569663","1542667","1514967","",
"Belarus","BLR","Rural population","SP.RUR.TOTL","5520285","5467651","5434186","5404254","5371818","5336183","5296767","5251701","5195584","5133764","5064757","4993333","4909400","4813333","4715875","4615449","4518156","4430147","4346709","4273160","4187856","4114209","4040816","3963363","3885084","3808950","3736106","3657628","3558924","3475438","3420872","3363396","3338655","3325852","3297314","3260367","3223251","3175397","3119949","3060084","3002143","2947318","2872801","2810762","2747224","2702899","2630656","2572724","2519850","2453041","2413623","2359757","2311820","2271120","2235469","2211395","2192552","2173598","2150790","2123677","2083378","2034374","1986501","1944455","1903687","",
"Belize","BLZ","Rural population","SP.RUR.TOTL","42111","43165","44245","45428","46709","48063","49488","50978","52509","54003","55233","56254","57281","58346","59471","60872","62564","64332","66144","68034","70126","72472","74989","77618","80330","83094","85869","88622","91322","93932","96376","98572","100618","102609","104712","107241","110345","113958","117896","121949","125977","130087","134439","139063","143933","149021","154278","159653","165086","170503","175522","180204","184963","189815","194751","199792","205414","211154","216102","220278","224131","227755","233032","238664","242931","",
"Bermuda","BMU","Rural population","SP.RUR.TOTL","143","0","0","0","0","0","0","0","0","0","0","0","0","0","0","0","0","0","0","0","0","0","0","0","0","0","0","0","0","0","0","0","0","0","0","0","0","0","0","0","0","0","0","0","0","0","0","0","0","0","0","0","0","0","0","0","0","0","0","0","0","0","0","0","0","",
"Bolivia","BOL","Rural population","SP.RUR.TOTL","2336386","2377426","2419471","2462635","2506840","2552031","2598259","2645618","2694045","2743157","2792571","2842198","2891754","2941264","2990855","3040204","3090026","3136674","3173843","3201307","3219526","3229239","3231188","3226570","3217009","3203624","3188064","3172527","3158756","3148162","3142320","3143188","3152122","3166070","3181396","3197811","3215092","3232533","3249716","3266702","3282563","3296501","3309262","3322343","3335959","3349904","3364666","3379748","3394130","3407718","3420497","3432355","3443070","3453719","3467584","3481109","3494356","3507315","3520020","3532520","3539659","3540019","3546425","3561196","3570548","",
"Brazil","BRA","Rural population","SP.RUR.TOTL","40044415","40657790","41275384","41887978","42479072","43027819","43517490","43932686","44262673","44504039","44651725","44639449","44404743","43978158","43393068","42695640","41942482","41187012","40484640","39894960","39491763","39237940","39021536","38829411","38655809","38491837","38325460","38146555","37950221","37729927","37479840","37182380","36885494","36626209","36358554","36043470","35628437","34997533","34188743","33390105","32805167","32446394","32140714","31872619","31636261","31426749","31232272","31038998","30832640","30598647","30326272","30029762","29733436","29438979","29146127","28852569","28554777","28252576","27943874","27633484","27311161","26956386","26604695","26147729","25660615","",
"Barbados","BRB","Rural population","SP.RUR.TOTL","137542","138495","139129","139718","140155","140442","140620","140354","139569","138346","136366","133158","128830","123559","117571","111370","105352","99973","95599","92685","91902","92131","92390","92679","92984","93285","93553","93776","93940","94059","94231","94567","95008","95461","95906","96335","96740","97126","97513","97931","98174","98921","100467","102179","103974","105765","107471","109047","110468","111583","112198","112563","112888","113180","113452","113702","113933","114144","114333","114496","114647","114772","114751","114562","114287","",
"Brunei Darussalam","BRN","Rural population","SP.RUR.TOTL","50051","50649","50853","50818","50643","50320","49931","49593","49428","49585","49680","50167","51844","54174","56815","59723","62832","66074","69286","72369","75301","77971","80498","82800","84552","85831","86726","87153","87227","87264","87439","87962","88718","89435","90134","90814","91475","92117","92740","93344","93930","94477","94880","95056","95048","94923","94758","94816","95231","95964","97100","98601","100288","102078","103949","105771","107397","108852","110253","111589","112859","113984","114857","115564","116151","",
"Bhutan","BTN","Rural population","SP.RUR.TOTL","218521","224776","231532","238754","246265","254127","262357","270950","279911","289246","298765","307999","316740","325103","333151","340984","348714","356449","364316","372364","380669","389406","398404","407455","416573","425700","434864","444044","453152","462167","470236","473983","452166","429877","425571","416497","413058","416450","420357","425920","432179","438046","443561","448705","453485","457097","459051","460296","461477","462615","463742","464899","466096","467264","468236","468824","469103","468709","467509","465971","464399","462881","461235","458185","454616","",
"Botswana","BWA","Rural population","SP.RUR.TOTL","500671","511747","523222","535160","547160","552633","551105","548135","544382","540513","537203","541119","556611","579685","605586","633103","663154","695228","733882","773667","797424","816602","835353","841444","838567","828403","812612","793060","771160","750540","735818","730725","734198","740359","747630","755236","762517","769305","775509","780843","784935","786798","784894","779585","772406","764403","756515","749530","744261","741522","742195","746083","750682","754420","758119","762104","766641","771926","778077","785278","793785","804044","815193","817953","820319","",
"Central African Republic","CAF","Rural population","SP.RUR.TOTL","1359777","1376135","1392547","1408997","1425495","1442056","1458701","1475416","1492157","1508352","1518234","1518822","1514059","1508957","1508496","1518046","1530283","1538609","1547996","1558490","1570116","1582969","1596987","1612089","1628311","1645552","1663691","1683030","1708762","1750438","1803536","1858862","1917029","1977385","2038484","2093335","2146809","2205110","2264168","2325239","2388161","2439645","2491100","2548578","2601117","2657139","2708214","2756460","2810730","2786420","2757598","2793653","2811226","2817749","2791355","2778405","2810245","2837033","2864627","2878804","2900109","2921321","2891853","2900897","2978557","",
"Canada","CAN","Rural population","SP.RUR.TOTL","5544419","5537619","5500652","5444730","5383158","5323680","5286183","5248641","5195328","5143391","5128723","5251798","5327750","5425142","5538815","5651055","5737475","5802074","5852725","5900005","5963016","6021444","6064836","6080771","6089857","6104303","6142496","6215495","6291318","6400749","6491788","6562050","6600494","6598480","6578183","6553272","6546090","6552292","6552905","6553322","6557755","6563555","6554379","6521074","6486035","6456265","6442886","6432224","6429065","6437070","6457010","6489034","6543007","6601036","6657642","6695819","6751889","6796692","6839886","6870504","6863793","6815136","6872157","7004566","7142822","",
"Central Europe and the Baltics","CEB","Rural population","SP.RUR.TOTL","50786771","50691845","50593309","50519517","50316224","50031898","49842935","49762655","49611415","49305887","48876758","48433033","48018276","47606703","47164898","46954184","46528940","46181188","45953353","45611830","44865432","44493986","44214202","43942077","43659228","43534985","43356778","43175792","43023649","42861243","42750501","42550467","42347211","42297133","42284134","42240320","42191686","42153719","42103923","42050584","41816774","41416519","41089664","40974316","40858474","40647521","40447578","40293742","40032135","39921566","39697762","39579571","39520302","39396288","39284492","39159782","39106273","39019679","38981011","38968227","38834642","38529996","38434080","38373288","38226000","",
"Switzerland","CHE","Rural population","SP.RUR.TOTL","2609650","2625904","2655829","2674305","2679213","2670505","2659135","2653685","2650050","2644706","2631262","2615496","2609152","2604542","2596345","2573946","2538302","2508165","2485384","2465052","2446291","2426531","2400283","2364101","2321693","2278194","2235025","2194350","2157690","2125945","2104483","2091577","2074981","2053367","2029568","2004521","1977578","1950624","1929964","1919146","1918020","1924855","1936321","1948367","1960014","1971200","1982376","1998903","2022941","2046375","2065097","2084870","2098995","2094159","2068431","2020532","1953276","1866789","1763129","1648230","1525355","1375262","1323530","1316842","1309273","",
"Channel Islands","CHI","Rural population","SP.RUR.TOTL","67703","68562","69576","70708","71912","73148","74412","75718","77035","78352","79692","81048","82363","83620","84812","85892","86750","87391","87933","88392","88756","89259","90035","90902","91817","92762","93722","94718","95767","96889","98144","99137","99734","100268","100740","101043","101325","101766","102227","102649","103001","103463","104055","104593","105065","105493","105891","106279","106675","107096","107566","108079","108612","109130","109632","110020","110223","110446","110825","111270","111669","112025","112382","112763","113139","",
"Chile","CHL","Rural population","SP.RUR.TOTL","2622111","2608130","2593550","2578237","2561762","2543810","2524536","2504005","2482290","2459732","2435972","2408208","2375458","2339177","2300496","2260969","2222255","2185883","2153423","2126677","2107865","2098896","2101521","2112002","2126644","2144811","2165658","2188519","2212484","2236209","2258628","2277976","2291520","2293850","2283566","2263841","2237386","2206797","2176223","2149046","2128480","2118788","2123152","2134610","2147463","2161828","2177148","2193229","2209852","2226150","2241148","2253842","2263033","2266983","2266364","2262210","2259540","2264176","2274353","2279277","2267264","2244084","2221316","2198671","2175095","",
"China","CHN","Rural population","SP.RUR.TOTL","535352722","532924276","550425660","567455085","570556041","586568427","604059561","620689694","638038288","656724831","676091938","695925591","714348632","730239315","745814308","757448758","768405750","777868092","784866062","785271348","790962591","793552685","801200175","802033910","798207307","801870902","805160652","809564867","817247824","825449050","837815325","840757030","845070760","848593748","852045180","854960524","846442414","837558632","827747612","817037462","802637877","792874543","779894422","766208498","754833904","743250800","729674271","713117536","702206162","687706214","679098958","647902976","635110895","620410501","607044544","588789237","571215421","555131332","540059817","524949305","514720978","498265397","491187847","486269694","480535177","",
"Cote d'Ivoire","CIV","Rural population","SP.RUR.TOTL","2996517","3057812","3123935","3194748","3270802","3354038","3445407","3543808","3648922","3762325","3886266","4020913","4163818","4310289","4455821","4594858","4681466","4736293","4835591","4989357","5164043","5350486","5546580","5752119","5965555","6185376","6409314","6635783","6865271","7103053","7352320","7611922","7880543","8156052","8436101","8721392","9012475","9309001","9607232","9862890","10073564","10277082","10472969","10660697","10842431","11021136","11197285","11371156","11539909","11703353","11865281","12024239","12173723","12312170","12504725","12757106","13012897","13260359","13492641","13715482","13926904","14132716","14331470","14520851","14698269","",
"Cameroon","CMR","Rural population","SP.RUR.TOTL","4456811","4508998","4571505","4643943","4713581","4781626","4849470","4918372","4989488","5063511","5140485","5208451","5259653","5300950","5340382","5386755","5442586","5502777","5573477","5651648","5759050","5885679","5949473","5995946","6089031","6197786","6312176","6431758","6550589","6668085","6789037","6910451","7030979","7152980","7275066","7395626","7515352","7635378","7758673","7886197","8016287","8150351","8293813","8446597","8607108","8779110","8914831","9078610","9271085","9466881","9666755","9868714","10074161","10284364","10522703","10779823","11027794","11265278","11501731","11745865","11989811","12231902","12477336","12731197","12988265","",
"Congo, Dem. Rep.","COD","Rural population","SP.RUR.TOTL","11860785","12153387","12454609","12766391","13086507","13421647","13776911","14148269","14529241","14912250","15297097","15670359","16036850","16414224","16797676","17184350","17566529","17945296","18436150","19017072","19540464","20032483","20553910","21123832","21746213","22378028","22984278","23602203","24243012","24884909","25578156","26287716","27024321","27830035","28987725","30012225","30381804","30653003","31265693","32089756","32879903","33669686","34434164","35162470","35908577","36792502","37701590","38610138","39536045","40513826","41555122","42661934","43823082","45043512","46292107","47532544","48922202","50410177","51782204","53096497","54471578","55891177","57338936","58845037","60379966","",
"Congo, Rep.","COG","Rural population","SP.RUR.TOTL","668707","683165","701091","719412","738215","757517","777350","797645","818491","839973","862048","884792","908240","932225","955693","972253","980106","983236","982575","979003","973728","968155","963428","960699","966887","982037","999625","1018534","1038501","1059560","1081240","1103597","1126352","1150956","1175732","1198578","1220342","1233185","1245536","1263337","1295369","1327283","1341260","1362125","1393397","1430124","1472653","1518524","1561677","1617563","1678165","1725892","1767301","1803524","1840700","1879193","1919202","1960907","2004438","2049091","2095391","2143699","2194231","2246695","2287047","",
"Colombia","COL","Rural population","SP.RUR.TOTL","8093061","8193163","8291064","8384427","8471972","8547967","8605837","8647423","8675955","8693759","8705863","8714438","8727477","8756772","8799744","8849885","8904554","8969351","9043635","9121151","9205982","9295251","9386057","9479517","9566894","9634970","9689470","9741942","9793296","9844742","9897219","9943544","9986708","10031648","10069306","10088425","10088286","10078156","10065278","10048256","10026819","10009181","10003567","10015677","10050100","10108874","10176735","10240556","10300965","10361128","10422683","10482578","10541055","10600281","10660762","10726230","10814032","10962084","11138122","11249483","11321752","11346392","11358309","11366471","11359419","",
"Comoros","COM","Rural population","SP.RUR.TOTL","171686","172945","174105","175226","176384","177573","179304","182437","186583","191058","195897","201142","206806","212872","219307","225974","232749","239582","246354","252981","259313","265171","270726","276219","281703","287265","292955","298811","304936","311492","318561","325873","332715","338965","345216","351520","357929","364478","371149","378153","385784","394052","402656","410569","418341","426627","434731","442649","450462","458210","465889","473560","481245","489393","497837","505965","513800","521348","529254","537007","544959","552984","560786","568482","575968","",
"Cabo Verde","CPV","Rural population","SP.RUR.TOTL","196372","200902","205891","210258","213765","216656","219219","221762","224621","228148","232210","235224","236501","237363","238553","240285","242259","243938","245346","246444","247453","247562","245919","242670","238089","232635","226775","220918","215526","211325","209759","209997","210223","210453","210654","210743","210679","210487","210131","209549","208829","208162","207507","206728","205804","204729","203489","202011","200170","197869","194751","190555","185706","180566","175172","169579","163836","157971","151986","145875","139561","133498","129760","125848","121918","",
"Costa Rica","CRI","Rural population","SP.RUR.TOTL","874753","906362","938450","970610","1000825","1027754","1051665","1072900","1091548","1108569","1125141","1141888","1159764","1179793","1201986","1225776","1251124","1277945","1306029","1335267","1365182","1395288","1425411","1455179","1484110","1511523","1536289","1557925","1576324","1591743","1605187","1616903","1626437","1633615","1638273","1640495","1640196","1637190","1631566","1623515","1612652","1597856","1578163","1554039","1526325","1495701","1461896","1424954","1385627","1343644","1298078","1251908","1241096","1228878","1216250","1203555","1190355","1176513","1162389","1147718","1131657","1113861","1095600","1078188","1061339","",
"Caribbean small states","CSS","Rural population","SP.RUR.TOTL","1733666","1756482","1772069","1783558","1791224","1795029","1796120","1795869","1796019","1797998","1800914","1801557","1797239","1788808","1778955","1768913","1759901","1752800","1748417","1747644","1751702","1757407","1762057","1766172","1769820","1774242","1779188","1783064","1786589","1790279","1793621","1799901","1810615","1822137","1834104","1847768","1862235","1876831","1891618","1906645","1921697","1937153","1954017","1972825","1992393","1986288","2005094","2025174","2045153","2062463","2080353","2095304","2108103","2122423","2136431","2149851","2163150","2175285","2199620","2218840","2224530","2234051","2242744","2255337","2264994","",
"Cuba","CUB","Rural population","SP.RUR.TOTL","3060931","3110459","3160102","3210497","3260439","3308502","3353644","3395338","3434115","3471017","3506708","3531569","3532841","3511785","3472552","3419041","3355443","3286327","3216730","3152010","3097737","3061096","3021047","2971344","2939376","2938295","2911678","2878815","2850376","2817286","2793187","2771062","2759645","2765020","2775017","2776874","2764175","2742045","2724469","2725797","2706692","2687122","2699180","2705534","2706553","2702638","2694203","2682343","2668756","2655047","2642474","2632400","2624858","2619321","2613306","2607890","2601051","2591463","2580482","2568496","2558487","2547113","2532079","2520700","2507070","",
"Curacao","CUW","Rural population","SP.RUR.TOTL","30995","30717","30701","30739","30753","30744","30592","30467","30511","30591","30653","30824","30516","29991","29932","29741","29451","29120","28562","28124","27809","27558","27454","27251","26976","26673","26201","25507","24627","23712","22902","22150","21443","20695","19689","18544","17402","16204","14788","13362","12222","11537","11503","11702","11871","12149","12439","12665","12805","12869","13013","13177","13263","13392","13551","13709","13834","13858","13766","13585","13399","13252","13184","13288","13363","",
"Cayman Islands","CYM","Rural population","SP.RUR.TOTL","0","0","0","0","0","0","0","0","0","0","0","0","0","0","0","0","0","0","0","0","0","0","0","0","0","0","0","0","0","0","0","0","0","0","0","0","0","0","0","0","0","0","0","0","0","0","0","0","0","0","0","0","0","0","0","0","0","0","0","0","0","0","0","0","0","",
"Cyprus","CYP","Rural population","SP.RUR.TOTL","379417","378880","378481","378854","379585","380753","382444","384286","385942","387218","387918","387849","386767","381532","357579","326975","309371","296996","285181","274722","265941","259165","255353","254343","254313","254528","255003","255722","256652","257772","259077","260527","262490","265966","270378","274603","278744","282889","287094","291418","295931","300784","306343","312751","319706","327071","334742","342620","350583","358509","366282","373780","381073","388196","395115","401945","408710","415281","421560","427590","433413","439035","443753","448227","452547","",
"Czechia","CZE","Rural population","SP.RUR.TOTL","3883138","3828481","3796785","3769872","3747975","3723888","3695337","3661732","3622980","3580329","3513648","3442499","3384035","3330364","3296206","3284720","3090217","3015151","3099994","3075643","2608316","2523826","2528241","2532111","2535989","2540596","2545290","2550440","2556691","2562733","2560730","2560002","2570479","2584218","2598511","2611836","2624543","2637569","2650314","2661524","2665924","2665188","2667920","2674404","2681923","2691926","2705233","2726929","2755497","2777200","2791476","2803732","2814271","2821797","2831361","2843529","2855596","2869802","2886039","2904067","2917788","2870066","2913834","2962055","2966735","",
"Germany","DEU","Rural population","SP.RUR.TOTL","17694573","17484607","17265874","17027578","16762106","16516377","16297927","16068492","15907806","15892751","15897456","15899958","15949285","15974772","15958244","15878142","15791418","15738679","15709571","15702582","15722600","15735222","15710079","15659823","15597606","15555423","15555864","15573661","15628944","15744904","15876025","15987023","16103912","16204849","16255627","16297578","16338439","16355376","16350153","16352187","16364845","16381804","16397560","16393506","16375377","16349961","16313750","16272401","16220066","16155624","16105392","15781599","15768731","15747480","15730251","15767609","15782298","15717845","15634121","15533898","15409705","15280967","15149354","15072134","15015329","",
"Djibouti","DJI","Rural population","SP.RUR.TOTL","42325","43015","43827","44821","45995","47252","48453","49563","50591","51921","53536","55260","57183","59260","61773","65052","69167","73932","78917","83492","87175","89893","91972","94037","96594","100135","104898","110745","117144","125753","138703","150831","149926","147969","152346","155712","161697","170162","180090","189714","199170","209076","219178","227538","234245","240789","247962","255259","261755","267640","273041","278139","282999","287599","291892","295821","299371","302547","305322","307649","309464","310717","311439","313130","316662","",
"Dominica","DMA","Rural population","SP.RUR.TOTL","36897","37364","37781","38237","38733","39274","39864","40494","41157","41838","42352","42559","42579","42485","42279","41969","41564","41064","40477","39811","39070","38187","36991","35497","33836","32090","30340","28668","27171","25929","25018","24602","24518","24481","24438","24389","24328","24251","24147","24008","23818","23656","23572","23489","23364","23205","23019","22804","22562","22307","22036","21822","21596","21528","21470","21216","20707","20110","19746","19388","19024","18641","18255","17884","17515","",
"Denmark","DNK","Rural population","SP.RUR.TOTL","1192463","1175309","1157935","1139654","1120711","1100986","1081204","1061191","1039498","1017760","998927","979883","959286","939243","919012","899197","882008","867517","854208","842146","831474","822094","813079","804369","796384","789954","785300","781859","779318","778614","779578","780685","781759","782466","783000","784942","787398","789015","790749","792948","795603","793726","790262","785946","772143","758397","747618","741382","737072","731160","728675","715442","713841","699415","695141","697624","704545","690864","689096","685541","685805","687484","685459","680769","675636","",
"Dominican Republic","DOM","Rural population","SP.RUR.TOTL","2281985","2327482","2369908","2409288","2446035","2479257","2510843","2542239","2571949","2600744","2628624","2652945","2672468","2688421","2701195","2711390","2720557","2730324","2742252","2758039","2779631","2808936","2844857","2886027","2930717","2977316","3025060","3073655","3122875","3172411","3220751","3265653","3305538","3339354","3365451","3381500","3387572","3383466","3369388","3347958","3320978","3287726","3249531","3194748","3105550","2991133","2864581","2740312","2633902","2560568","2537113","2561590","2594151","2627447","2662112","2698736","2738025","2781187","2829327","2882526","2943137","3011755","3097401","3132211","3152613","",
"Algeria","DZA","Rural population","SP.RUR.TOTL","7844204","7804961","7728117","7661885","7627195","7624415","7700297","7841339","7994240","8156450","8324963","8499931","8682779","8873263","9070525","9370358","9770556","10077939","10283244","10470552","10646337","10815278","10978649","11139156","11299478","11463919","11629426","11784515","11923443","12043430","12144323","12233250","12327634","12417098","12480499","12523150","12548397","12557718","12528156","12468745","12407257","12338950","12261771","12180867","12104339","12031949","11964778","11908489","11872066","11885843","11897423","11907095","11917976","11928989","11939157","11948508","11954809","11955327","11941683","11913596","11867532","11808013","11742450","11664402","11572829","",
"East Asia & Pacific (excluding high income)","EAP","Rural population","SP.RUR.TOTL","722506057","724385693","746381621","768140638","776074573","796654295","818504658","839663794","861635492","885041850","909209232","933770032","956812569","977438151","998799687","1015979651","1031446391","1045767255","1057497999","1062492976","1072989078","1080630601","1093358948","1099357527","1100652300","1109167120","1116978843","1125710879","1137600653","1149839506","1166083235","1172539396","1179890068","1186032665","1191701466","1196603056","1189837227","1182591806","1174247327","1164655234","1151254986","1142444703","1130190928","1117083400","1106125450","1094884914","1081851935","1066158177","1055887397","1041522692","1033060713","1002230315","989724737","975248480","961906789","943491620","925568770","908669609","889640274","873314230","862103148","843915936","835088413","828769818","821922152","",
"Early-demographic dividend","EAR","Rural population","SP.RUR.TOTL","749827522","766578426","783579850","800805359","818353044","835590924","852507342","869780209","887362764","904893426","922736323","939918189","956960695","974909971","994085611","1013141776","1031096663","1048885780","1066606988","1085260214","1105513291","1127833635","1151112505","1174294226","1197638618","1221131864","1244784558","1268476808","1292310199","1316095761","1340706036","1364561523","1387310606","1409375977","1429586559","1449966519","1472268009","1493890088","1514513915","1534306510","1553830389","1573106147","1591202693","1608457078","1625586438","1641962822","1658035265","1674070736","1688482030","1702662357","1716988726","1731125902","1743407486","1752856689","1761975809","1772211724","1784317879","1796642759","1808418673","1819593623","1831108513","1840415066","1849960442","1860564103","1870472034","",
"East Asia & Pacific","EAS","Rural population","SP.RUR.TOTL","783664118","785342020","807202772","828869457","836709477","857169009","878795426","899463706","920860618","943690458","967312161","991584016","1013959914","1033736362","1054080561","1070760175","1085922809","1099807621","1111237770","1115846281","1126037969","1133362640","1145746790","1151425409","1152288236","1160250355","1167318307","1175219183","1186259421","1197758710","1213385441","1219295076","1226240505","1232158457","1237642373","1242317148","1235428920","1228258960","1219956792","1210164512","1196583329","1187103071","1173070590","1157542883","1143829070","1130451748","1115823620","1098586174","1086979130","1071663629","1062600417","1031418100","1018834683","1004405530","991133678","972720699","954816200","937970624","919040309","902761099","891514944","873207444","864209726","857816246","850853072","",
"Europe & Central Asia (excluding high income)","ECA","Rural population","SP.RUR.TOTL","81255503","82113212","83169184","84155591","85066796","85832941","86538600","87140717","87604601","88058582","88417286","88776068","89081841","89354817","89646595","89855068","90117167","90493583","90750127","91100504","91467936","91763459","92081367","92420357","92770827","93161689","93559035","93912318","94203541","94643872","95110642","95361696","95641724","95736237","95716904","95693927","95737036","95576473","95323878","94876912","94530956","94268587","93936119","93520782","93092445","92648256","92186172","91526266","91147492","90791810","90374058","89729700","88248238","85279701","81953639","79675064","79442569","79911301","80211983","80161730","80225762","80218798","79756517","79187529","79406344","",
"Europe & Central Asia","ECS","Rural population","SP.RUR.TOTL","300778861","300434977","300408829","300001554","299163750","298099876","296606406","295203080","293816724","292355770","290857881","289661408","288272184","286740025","285139265","283894213","282717702","281886820","281166506","280422231","279466989","278791341","278056785","277448360","277021319","276774490","276412125","276073214","275796755","275765146","275964129","276144375","276740449","277081965","276867996","276494322","275658953","274474419","273435690","272770750","271240194","269801861","268650540","267701713","267121567","266472147","265503836","264482466","263814720","263194543","262101391","260620126","258640013","254865897","250852140","247875975","246761517","246705276","246389101","245578101","244811403","243827814","242803162","241891148","241625078","",
"Ecuador","ECU","Rural population","SP.RUR.TOTL","2998080","3057297","3119330","3184570","3254121","3327780","3404993","3485083","3567317","3650790","3734557","3817753","3899362","3978222","4052898","4119158","4174903","4221932","4262172","4297644","4331191","4365251","4402966","4444677","4487013","4527496","4565046","4600403","4634274","4668117","4703761","4738150","4769603","4796942","4820025","4842694","4866686","4892098","4920160","4951979","4988571","5033594","5086280","5142742","5200843","5260591","5323149","5389230","5459936","5536189","5617497","5702137","5786491","5867017","5945304","6025142","6108331","6197761","6300945","6404933","6478465","6527102","6578768","6629118","6667020","",
"Egypt, Arab Rep.","EGY","Rural population","SP.RUR.TOTL","16722524","16996301","17272020","17549272","17834714","18134846","18464351","18814250","19167360","19525802","19884719","20245416","20621153","21016471","21437231","21894560","22379925","22899276","23455427","24037219","24661584","25323277","26021632","26787553","27600886","28430780","29253440","30083750","30975367","31905502","32953864","33990935","34935407","35869984","36756150","37617704","38447492","39255322","40108314","40988631","41851917","42713240","43582283","44467246","45361306","46262505","47161560","48060231","48976504","49929880","50925857","52047461","53277052","54577098","55900935","57163266","58424220","59678532","60811889","61863283","62836352","63724156","64606260","65617760","66659375","",
"Euro area","EMU","Rural population","SP.RUR.TOTL","104494914","103879585","103101505","102114689","100899263","99616051","98333637","97119005","96125514","95306207","94575231","93991016","93605448","93216754","92814417","92591536","92364523","92089669","91851648","91623416","91448856","91199278","90854063","90509790","90135774","89796970","89486072","89230852","89021216","88918824","88878132","88819966","88772151","88689772","88486160","88256809","87777965","87077193","86657027","86391399","85941391","85393915","85191946","85128338","85105307","85026320","84928977","84949725","85033915","84903569","84585239","84047615","83676419","83075224","82580583","82080664","81390635","81120938","80812570","80360434","80073334","79741936","79548216","79480221","79354672","",
"Eritrea","ERI","Rural population","SP.RUR.TOTL","871388","889166","907965","927698","948190","969414","990250","1011754","1035064","1059194","1084395","1110712","1137363","1164302","1190842","1216888","1245497","1276699","1308634","1341336","1375074","1409938","1445617","1476775","1503081","1528709","1554247","1582733","1614910","1635824","1655288","1538919","1413249","1424119","1430815","1473513","1507531","1486564","1473958","1471674","1480830","1518450","1566394","1627393","1690639","1727070","1750449","1772613","1816821","1860543","1895679","1928907","1953317","1977695","1992062","2000251","2014636","2033779","2064276","2098504","2135504","2178051","2221359","2266289","2314528","",
"Spain","ESP","Rural population","SP.RUR.TOTL","13261801","13174769","13042852","12854807","12646549","12426221","12186805","11973754","11784005","11585031","11444393","11363333","11284074","11205751","11128906","11054012","10979998","10906915","10831010","10751183","10668277","10581422","10489281","10392216","10295126","10200471","10107623","10019466","9935609","9855650","9780015","9729631","9711454","9704777","9700458","9697317","9694341","9692182","9688031","9679494","9669328","9675139","9739142","9825783","9891367","9943892","9990789","10052157","10090536","10064472","10007598","9958346","9894574","9793495","9701154","9634722","9588219","9562786","9563176","9595694","9616062","9590947","9578782","9608377","9615797","",
"Estonia","EST","Rural population","SP.RUR.TOTL","513806","504482","495481","491559","489035","486070","483468","479881","476913","475776","473648","474400","471980","468712","465335","461706","457655","453682","449553","446213","443324","441348","439944","439855","440803","441678","442868","445006","446625","447955","450830","453470","451751","447691","446062","445944","446654","447846","448391","452697","455619","452628","449543","446386","443274","440193","436963","434249","432285","430583","428671","426406","423753","420542","417147","414621","411526","408479","406107","403659","400431","396914","398053","401809","402122","",
"Ethiopia","ETH","Rural population","SP.RUR.TOTL","19857067","20319484","20807306","21318422","21853537","22413207","22968618","23545034","24164595","24796459","25444974","26103113","26760797","27430793","28095356","28733742","29409007","29919209","30366806","30754159","30856689","31570341","32744702","33593547","34396730","35288275","36244895","37389172","38757679","40148857","41532782","43239568","44967707","46452411","47983129","49549681","51081065","52619180","54167232","55755792","57354164","58982764","60651476","62356222","64088510","65842023","67617542","69727893","71177746","72913358","74699902","76509854","78357513","80113871","81877064","83663350","85506474","87394880","89248249","91144728","93200529","95137766","96875952","99017129","100864234","",
"European Union","EUU","Rural population","SP.RUR.TOTL","148696814","147884650","146961365","145856953","144403143","142814263","141328517","140022286","138873070","137771949","136661171","135667392","134918936","134177307","133401549","133043369","132464621","131915536","131526057","131033788","130193008","129649143","129087219","128525238","127923244","127512712","127063994","126659232","126326948","126067523","125930069","125718891","125536233","125400482","125167586","124918243","124425471","123701254","123239920","122931138","122275906","121419289","120897412","120719326","120571614","120276776","119978664","119841197","119659422","119409527","118880936","118227423","117799831","117076126","116495633","115943754","115219824","114919199","114594526","114142498","113728747","113132310","112847303","112698646","112421938","",
"Fragile and conflict affected situations","FCS","Rural population","SP.RUR.TOTL","190776179","193665333","196799679","199962542","203147608","206353439","209540862","212770021","216048067","219386026","222822607","226274425","229794524","233584763","237623740","241714244","245937819","250159067","254738415","259530448","263718189","267547085","271941276","276633759","281347568","286152103","290790294","295427858","300080743","305036129","310904454","316399929","322967132","330311517","338484581","346507529","353094373","359409611","366265857","373412906","380249967","387268832","395148321","403323863","411296029","419501181","427932037","436593134","444841909","453787606","462792322","471424218","479251492","486574278","494745162","503153761","511773435","520501334","529318176","538541209","547845974","556826932","564558816","573143380","582490459","",
"Finland","FIN","Rural population","SP.RUR.TOTL","1967778","1951650","1938389","1928002","1916703","1902781","1890918","1883048","1873851","1855227","1830441","1814228","1805261","1794034","1779967","1771908","1766535","1763851","1764294","1764370","1764062","1767265","1774288","1782341","1788699","1790689","1790686","1790361","1790829","1795287","1801237","1806441","1810303","1811152","1806898","1797639","1782848","1764022","1742979","1721558","1701794","1686194","1674844","1665946","1658551","1651783","1645244","1638443","1631513","1625886","1620506","1613339","1604369","1595021","1584498","1572324","1559796","1544707","1525465","1505017","1488280","1475516","1461436","1451468","1446356","",
"Fiji","FJI","Rural population","SP.RUR.TOTL","301043","303245","306075","309654","313913","318948","324614","329913","334585","339193","343690","348037","352167","356008","359677","363540","368243","374720","382633","390977","399609","408495","417608","426895","436265","445450","453358","457650","458421","457489","455119","451637","447404","442779","438168","434059","431670","432008","433638","435219","436726","438147","439497","440714","441753","442582","443139","443085","441780","439441","436623","433364","429661","425597","421320","416819","412030","406635","401424","396061","391726","388119","384914","382532","380089","",
"France","FRA","Rural population","SP.RUR.TOTL","18167982","17949124","17681604","17315704","16865536","16367661","15886980","15494485","15239947","15055329","14894865","14765430","14662774","14596755","14566850","14573121","14598272","14638378","14682583","14728751","14786841","14849584","14871252","14914697","14948583","14981054","15011313","15041661","15071751","15098315","15108481","15095409","15061717","15002210","14920246","14826314","14723953","14617080","14510857","14418670","14307114","14170605","14059551","14025439","14115447","14255918","14412545","14566533","14705729","14817425","14893418","14951111","14991648","15018442","15018072","14799609","14279017","14289152","14323906","14359738","14390983","14425783","14482930","14508304","14532968","",
"Faroe Islands","FRO","Rural population","SP.RUR.TOTL","26961","27063","27127","27194","27272","27377","27456","27479","27491","27511","27556","27638","27723","27802","27900","28027","28199","28442","28795","29142","29473","29839","30137","30348","30556","30988","31183","31348","31719","31960","31757","31448","31198","30576","29528","28618","28376","28604","28831","29042","29420","29877","30324","30679","30812","30789","30713","30820","30843","30793","30530","30438","30267","30037","30069","30247","30509","30945","31411","31907","32239","32613","32888","33085","33129","",
"Micronesia, Fed. Sts.","FSM","Rural population","SP.RUR.TOTL","33153","34233","35354","36408","37391","38423","39506","40597","41703","42866","44094","45274","46399","47574","48783","49921","51014","52176","53570","55208","56917","58676","60470","62299","64163","66062","67993","69949","71677","73161","74642","76123","77754","79556","81177","82354","83424","84602","85714","86574","87025","87274","87338","87212","86932","86534","86006","85354","84631","83883","83569","83691","83837","84011","84219","84459","84728","85031","85350","85624","86098","86628","86987","87363","87748","",
"Gabon","GAB","Rural population","SP.RUR.TOTL","447764","450176","449950","447453","443060","437214","430387","423013","415580","409555","405175","400448","394370","387330","379659","371635","363523","355546","347946","340990","335008","330406","327197","324909","323166","321549","319626","316918","312964","307908","302221","296477","291304","287443","284360","280923","277151","273156","269030","264830","260650","256560","252609","248863","245433","242462","240048","238260","237158","236884","237597","239382","242240","245862","244855","243178","240599","237238","233311","228966","224170","218939","213314","207788","206589","",
"United Kingdom","GBR","Rural population","SP.RUR.TOTL","11239637","11422545","11615151","11806752","11991866","12176699","12346555","12506327","12646476","12759727","12848105","12910736","12918635","12863063","12758023","12623056","12476758","12331973","12206067","12116154","12067183","12056076","12062920","12090976","12143397","12210302","12280649","12348189","12413037","12475405","12531967","12574866","12578477","12539483","12471560","12381783","12275469","12162080","12053285","11957988","11882071","11833494","11806054","11790442","11792225","11811097","11836875","11866919","11894900","11913937","11928644","11933162","11919967","11893053","11867091","11830149","11794171","11721725","11635996","11547191","11413223","11394887","11441708","11533920","11600232","",
"Georgia","GEO","Rural population","SP.RUR.TOTL","2091251","2087621","2090974","2110110","2120937","2126203","2129739","2133253","2135218","2137646","2144237","2152050","2160675","2165148","2163360","2148001","2138721","2141387","2132610","2126809","2131427","2133710","2135455","2139415","2142290","2144652","2145242","2140535","2134721","2146076","2154312","2180849","2211089","2242833","2223737","2156460","2093393","2039764","2000669","1968606","1936898","1910447","1893265","1876503","1856952","1834019","1809817","1784528","1761694","1727803","1696555","1664482","1634427","1612791","1598464","1587698","1576794","1565774","1553829","1539015","1526349","1504607","1484624","1458241","1439906","",
"Ghana","GHA","Rural population","SP.RUR.TOTL","5340202","5447270","5530653","5613876","5698526","5787047","5879775","5978038","6083630","6200905","6338004","6488924","6650053","6823067","7003925","7190968","7382851","7585526","7800453","8021604","8236391","8444309","8661948","8889351","9077228","9218268","9352886","9486293","9621229","9757487","9892106","10017692","10134947","10246774","10349377","10446279","10541072","10642714","10754418","10873709","11009066","11164277","11328928","11488551","11643294","11796541","11949163","12101889","12253287","12403703","12551608","12700373","12853892","13008831","13160945","13308478","13455060","13594042","13719977","13840014","13961388","14082125","14171060","14255974","14333686","",
"Gibraltar","GIB","Rural population","SP.RUR.TOTL","0","0","0","0","0","0","0","0","0","0","0","0","0","0","0","0","0","0","0","0","0","0","0","0","0","0","0","0","0","0","0","0","0","0","0","0","0","0","0","0","0","0","0","0","0","0","0","0","0","0","0","0","0","0","0","0","0","0","0","0","0","0","0","0","0","",
"Guinea","GIN","Rural population","SP.RUR.TOTL","3211273","3249024","3285457","3320700","3354971","3388503","3421611","3454524","3487252","3519086","3548690","3575478","3599781","3622362","3643748","3664333","3684975","3706979","3732004","3762011","3798878","3843751","3897624","3960110","4029690","4106939","4191746","4283364","4379887","4478275","4618913","4790399","4928219","5062509","5197691","5325114","5456775","5547769","5629927","5733498","5822375","5873981","5940596","6049110","6153296","6250535","6355153","6476237","6606790","6741876","6881425","7025693","7172050","7321581","7478305","7644204","7810040","7978503","8149422","8325277","8493346","8658159","8821215","8982471","9137446","",
"Gambia, The","GMB","Rural population","SP.RUR.TOTL","361967","372428","383029","393671","403863","413402","422312","430844","439155","447217","455127","463097","471313","479746","487249","493279","498545","503443","508274","513496","519618","526869","536074","548345","563294","580135","598542","618318","639259","661160","683688","706311","727588","744949","756752","764067","768506","770796","771636","771700","771599","772185","774401","779324","786236","794206","803429","813676","824521","835816","847504","859580","871978","884229","895808","906588","916585","925827","934307","942366","950773","959433","967928","976565","985332","",
"Guinea-Bissau","GNB","Rural population","SP.RUR.TOTL","499763","502660","507465","510670","504701","492287","484636","485765","492937","495229","496954","497812","497408","501827","518248","548893","583948","622294","662103","683085","686161","689115","689640","688096","684932","680666","675826","671021","666963","664331","663546","668878","682218","699281","715707","728738","739104","748612","758207","768423","779848","792549","806159","820597","835674","851331","867763","885057","902772","920838","939658","957784","976506","995576","1014601","1033344","1051761","1069639","1087084","1104378","1121306","1137851","1154615","1171580","1186238","",
"Equatorial Guinea","GNQ","Rural population","SP.RUR.TOTL","199571","203119","207049","211198","215573","220188","225048","230152","235331","238021","236742","233141","228354","223040","217621","212404","207320","204164","203959","206375","212829","223556","237481","253041","267765","279826","288927","295424","300210","304202","308079","312508","318210","325963","336685","349590","363177","377485","392516","408252","430298","458421","485182","509600","531577","546806","555284","560941","563473","562473","557421","546726","530190","508709","482110","451425","463718","475725","487518","499090","508326","516325","524994","533405","542066","",
"Greece","GRC","Rural population","SP.RUR.TOTL","3678910","3664839","3632171","3578520","3515198","3449016","3388259","3328947","3266124","3199332","3136908","3091836","3058013","3018868","2978720","2957455","2956493","2950676","2947885","2947355","2943358","2941615","2934723","2928688","2921945","2913540","2904807","2897309","2891554","2891061","2906546","2926706","2935529","2940992","2945009","2948617","2951457","2955296","2959805","2957536","2953698","2949496","2932893","2903340","2867315","2827944","2786195","2742745","2701323","2663741","2628735","2594631","2554934","2511560","2471156","2432595","2401716","2377910","2355968","2338505","2320881","2284165","2238688","2208999","2185413","",
"Grenada","GRD","Rural population","SP.RUR.TOTL","65470","66172","66694","67056","67238","67246","67089","66872","66720","66668","66701","66767","66768","66644","66421","66111","65716","65244","64709","64107","63414","63034","63207","63542","63872","64245","64661","65112","65587","66076","66568","67044","67433","67711","67906","68042","68148","68258","68404","68611","68908","69198","69465","69773","70056","70322","70583","70838","71086","71327","71555","71887","72328","72769","73157","73471","73717","73860","73959","74072","74220","74350","74393","74391","74353","",
"Greenland","GRL","Rural population","SP.RUR.TOTL","13569","13554","13310","12905","12386","12154","12049","12078","12171","12305","12487","12528","12690","12771","12809","12735","12636","12377","12208","11987","11852","11846","11779","11718","11593","11432","11182","11132","11210","11205","11135","11003","10895","10782","10659","10570","10584","10599","10592","10566","10421","10266","10144","10017","9921","9855","9739","9499","9225","9093","8888","8802","8586","8262","8063","7830","7739","7644","7437","7297","7168","7056","6910","6788","6639","",
"Guatemala","GTM","Rural population","SP.RUR.TOTL","2769563","2831589","2895964","2962184","3030402","3099543","3168478","3237901","3308290","3379546","3453486","3531622","3616191","3709959","3818937","3942048","4066977","4201203","4349690","4497101","4636954","4760867","4869978","4986775","5122469","5261009","5398340","5535965","5677358","5820958","5965259","6105388","6243424","6383151","6520824","6625519","6679965","6697110","6690096","6668367","6639147","6621712","6640832","6690486","6746066","6798265","6848465","6900217","6951340","7002320","7057634","7120079","7189864","7265749","7347539","7436267","7538793","7654206","7774964","7835555","7889196","7936163","7985475","8045936","8107136","",
"Guam","GUM","Rural population","SP.RUR.TOTL","14388","13377","12350","11503","10829","10324","9977","9777","9713","9774","9955","10184","10420","10659","10898","11133","11367","11602","11835","12074","12340","12586","12771","12896","12969","12999","12999","12978","12947","12921","12881","12782","12621","12419","12191","11949","11704","11469","11262","11103","10981","10844","10686","10522","10360","10207","10073","9964","9890","9859","9864","9864","9851","9828","9799","9764","9723","9679","9631","9579","9599","9679","9734","9766","9777","",
"Guyana","GUY","Rural population","SP.RUR.TOTL","403999","412818","421127","429475","437878","446372","455014","463853","472969","482442","491084","498213","504847","511334","517508","523330","528820","533935","538611","542795","545928","547383","547528","546896","545576","543648","541194","538321","535120","531692","528159","526721","528291","530753","533243","535676","537937","540010","541905","543553","544858","545688","546166","547080","548431","549564","550550","551404","551939","551886","551009","549169","549268","552013","555099","558429","561910","565501","582436","594232","594031","599842","604284","607657","611034","",
"High income","HIC","Rural population","SP.RUR.TOTL","350693058","349427469","348216384","346638857","344668107","342538866","339959534","337370499","334911166","332547504","330609382","329508494","327750327","325684088","323367324","322056926","320919500","319896381","319261276","318443695","317400484","316655717","315713437","314800501","313859522","312921473","311689310","310422084","309230941","308270928","307694535","307364608","307369291","307240831","306510903","305483392","304030987","302716431","301672654","301103799","299805553","298061354","295501704","292522870","289646958","287344082","285437181","283850747","282656941","281921159","281016618","280583553","280887925","281043760","281250566","281571230","281734687","282073391","282221389","282306167","282282388","281024538","280933609","281391608","281693642","",
"Hong Kong SAR, China","HKG","Rural population","SP.RUR.TOTL","458036","468675","486522","498204","502543","505911","498829","498698","495696","489725","487995","485339","480666","478602","476728","467694","454970","442784","432199","437621","431385","425206","418292","412956","404177","391672","368610","306385","211467","113398","39329","15194","10122","5590","2314","413","0","0","0","0","0","0","0","0","0","0","0","0","0","0","0","0","0","0","0","0","0","0","0","0","0","0","0","0","0","",
"Honduras","HND","Rural population","SP.RUR.TOTL","1580578","1628372","1672165","1713421","1752517","1789824","1825616","1860248","1894278","1928395","1963387","2000042","2039075","2080136","2121812","2166839","2216026","2266120","2316850","2368259","2420300","2472787","2525661","2579009","2632654","2686333","2740207","2794515","2849455","2905682","2964001","3024330","3086297","3149616","3214072","3279564","3345565","3411389","3472463","3532779","3596507","3658622","3717881","3773882","3826572","3876002","3921905","3964453","4003791","4039748","4071893","4100258","4125355","4146281","4180201","4213796","4246222","4277485","4307897","4337497","4364685","4388116","4411938","4437494","4461806","",
"Heavily indebted poor countries (HIPC)","HPC","Rural population","SP.RUR.TOTL","143578686","146554825","149603736","152720141","155924732","159222539","162597380","166107458","169769358","173508669","177332722","181162965","184968496","188942781","193116565","197338463","201641110","205899673","210651960","215632287","219713905","223451585","228051853","233288390","238561835","243804197","249061257","254385193","260038226","265877542","271619105","277265129","284257964","292197057","299618239","306887378","314599974","322223213","330055017","338081642","345790253","353586189","362303340","371418150","380311791","389441608","398731427","408026103","416907846","426437472","435861489","445454480","455324717","465309668","475647297","486257833","497195023","508558952","519740591","530959808","542300888","553280086","563632520","574327205","584918106","",
"Croatia","HRV","Rural population","SP.RUR.TOTL","2892795","2874208","2854313","2830698","2803418","2775012","2746831","2717446","2688241","2660098","2631552","2605515","2582174","2560563","2540745","2522409","2506062","2489896","2472567","2450749","2423801","2399381","2378234","2355096","2329518","2303203","2277211","2252429","2229551","2209549","2194340","2140654","2078905","2080337","2094469","2071768","2036313","2020287","2014152","2001943","1980270","1905112","1906958","1909044","1911712","1916690","1919820","1922024","1924151","1924000","1920808","1914406","1904202","1889771","1871426","1844144","1818133","1782221","1751345","1725755","1701565","1676947","1658012","1650280","1642520","",
"Haiti","HTI","Rural population","SP.RUR.TOTL","3270554","3315954","3362161","3406614","3451585","3499285","3547042","3595066","3643666","3692563","3741803","3765651","3832404","3904016","3977961","4054161","4132274","4212046","4293424","4376172","4460091","4545325","4632247","4718188","4799161","4875256","4946411","5012546","5073706","5129366","5179035","5221203","5254917","5280429","5297365","5306604","5308883","5303850","5291123","5270915","5244200","5209929","5167090","5150762","5179485","5203058","5227206","5250300","5271973","5292581","5287115","5279451","5293529","5304901","5313960","5321238","5326357","5329357","5330460","5329711","5326127","5318067","5308627","5300872","5293264","",
"Hungary","HUN","Rural population","SP.RUR.TOTL","4648721","4654957","4654687","4650672","4647789","4642122","4636630","4633412","4629749","4626746","4621085","4610213","4599035","4588132","4582093","4581726","4578813","4571195","4557359","4535360","4507521","4476534","4442153","4403354","4362082","4321374","4280940","4240439","4200394","4121467","4045803","4012090","3976895","3938654","3899510","3860312","3819939","3778568","3736208","3692212","3649377","3601626","3551449","3561014","3535223","3416879","3321982","3317989","3202413","3161218","3046952","3043571","3018049","2968952","2919714","2891830","2881726","2873843","2866352","2864188","2872914","2869447","2866298","2849618","2821591","",
"IBRD only","IBD","Rural population","SP.RUR.TOTL","1380688284","1392703336","1425195138","1457238172","1475328437","1505674631","1536516052","1566629960","1597469643","1629420859","1662587710","1696339687","1727905126","1756735625","1785120890","1810004500","1834801171","1858780495","1880229833","1895352918","1916969488","1936455871","1961335985","1979757222","1994013188","2015759629","2036820750","2058732866","2083880733","2109582824","2139607549","2159519976","2180161663","2199407616","2217297960","2234069299","2238959069","2242611729","2245185866","2246858673","2243940162","2245691442","2243475856","2239899479","2238838277","2237063652","2232605987","2224336499","2221345138","2214606355","2213564893","2190150718","2185128716","2176434831","2167878276","2154435858","2143519598","2134007397","2121809498","2111072575","2104244929","2088701582","2081905005","2078406463","2075126527","",
"IDA & IBRD total","IBT","Rural population","SP.RUR.TOTL","1722723709","1741992360","1782018066","1821836060","1847938217","1886529974","1925806290","1964592812","2004315490","2045191472","2087164037","2129074736","2168834259","2206939514","2246022192","2281276465","2315195358","2348277881","2379368598","2404933037","2437217673","2467781316","2504634487","2535449224","2562043094","2596409795","2630296481","2665073939","2703225439","2742165549","2785525176","2818730284","2853871425","2888428933","2921245199","2953075214","2973488114","2992462993","3010137942","3026690967","3038443941","3054769804","3067239039","3078167802","3091203798","3103523941","3113483411","3120350722","3132114939","3140824773","3155575040","3147588841","3156917882","3161116301","3166937409","3168483351","3172689956","3178558731","3181987675","3187374891","3196963647","3197555391","3206099920","3217963343","3229881447","",
"IDA total","IDA","Rural population","SP.RUR.TOTL","342035425","349289024","356822928","364597888","372609780","380855343","389290238","397962852","406845847","415770613","424576327","432735049","440929133","450203889","460901302","471271965","480394187","489497386","499138765","509580119","520248185","531325445","543298502","555692002","568029906","580650166","593475731","606341073","619344706","632582725","645917627","659210308","673709762","689021317","703947239","719005915","734529045","749851264","764952076","779832294","794503779","809078362","823763183","838268323","852365521","866460289","880877424","896014223","910769801","926218418","942010147","957438123","971789166","984681470","999059133","1014047493","1029170358","1044551334","1060178177","1076302316","1092718718","1108853809","1124194915","1139556880","1154754920","",
"IDA blend","IDB","Rural population","SP.RUR.TOTL","101614620","103635622","105784656","108046747","110397198","112823309","115319840","117840963","120411453","123085767","125827637","128535098","131225229","134019119","136909938","139906633","142979506","146174253","149454701","153136461","157609226","162336729","166716033","170785646","174808638","179157261","183642163","188187942","192793083","197501249","202311535","207140413","211696189","216129003","220564494","225085156","229709982","234298041","238879590","243350185","247897489","252477997","256658106","260696245","264867096","269018083","273254317","278103826","283291220","288708420","294299353","299521830","304246763","308548846","312662302","316572358","320179497","323838098","327602059","331235798","334715885","338167245","341378252","344307443","347307466","",
"Indonesia","IDN","Rural population","SP.RUR.TOTL","75398085","77325542","79317542","81387905","83547327","85488083","87329411","89409163","91620871","93916713","96226880","98511773","100740024","102889228","104941634","106906644","108806251","110639484","112438977","114216317","115963038","117656441","119266884","120786936","122192612","123429064","124461805","125341726","126123116","126804733","127359822","127757818","127915595","127860655","127652577","127323994","126927799","126510317","126090133","125682565","125355036","125100762","124852806","124608686","124339289","124122658","123990261","123880956","123766639","123634193","123516854","123530071","123419493","123242216","122966212","122595150","122224637","121765437","121220030","120608691","120153103","119348672","118521181","117768206","116936040","",
"IDA only","IDX","Rural population","SP.RUR.TOTL","240420805","245653402","251038272","256551141","262212582","268032034","273970398","280121889","286434394","292684846","298748690","304199951","309703904","316184770","323991364","331365332","337414681","343323133","349684064","356443658","362638959","368988716","376582469","384906356","393221268","401492905","409833568","418153131","426551623","435081476","443606092","452069895","462013573","472892314","483382745","493920759","504819063","515553223","526072486","536482109","546606290","556600365","567105077","577572078","587498425","597442206","607623107","617910397","627478581","637509998","647710794","657916293","667542403","676132624","686396831","697475135","708990861","720713236","732576118","745066518","758002833","770686564","782816663","795249437","807447454","",
"Isle of Man","IMN","Rural population","SP.RUR.TOTL","21937","21634","21598","21641","21699","21796","22052","22514","23088","23713","24387","25053","25807","26730","27717","28618","29334","29976","30616","31220","31757","32044","32045","31929","31768","31593","31638","31976","32387","32819","33285","33684","33938","34133","34319","34481","34733","35141","35592","36033","36446","36841","37301","37823","38351","38835","39252","39571","39810","40034","40310","40483","40434","40320","40184","40027","39953","40007","40088","40149","40190","40203","40219","40245","40259","",
"India","IND","Rural population","SP.RUR.TOTL","357839038","366075862","374315608","382544792","390845089","398877427","406538553","414299154","422142663","429916532","438239792","446625401","454808117","463040907","471397247","480023660","488675543","497520414","506345631","515654584","525767491","536304259","547217333","558530665","570227907","582152802","594278830","606523489","618833388","631259149","643726151","656053177","668361079","680737472","692969292","705185767","717468852","729670522","741758789","753667153","765438404","777133989","788343923","798893541","809137143","818728445","827689071","836080287","843814083","851512596","859193297","866781260","874742588","882334475","889345693","895788394","902255954","908494076","914169786","919344187","923922894","927115988","930009287","933771782","937610709","",
"Not classified","INX","Rural population","SP.RUR.TOTL","","","","","","","","","","","","","","","","","","","","","","","","","","","","","","","","","","","","","","","","","","","","","","","","","","","","","","","","","","","","","","","","","","",
"Ireland","IRL","Rural population","SP.RUR.TOTL","1559419","1542442","1529601","1515117","1497391","1478676","1463241","1450592","1438024","1428448","1424049","1426499","1434680","1445019","1456727","1468954","1479922","1489383","1500659","1511568","1520720","1531249","1539333","1544603","1549028","1546597","1542446","1538118","1527499","1517395","1514186","1517545","1521293","1521172","1518770","1517908","1521413","1528241","1535543","1543968","1555372","1570607","1587063","1602125","1619986","1643653","1676514","1712939","1734841","1739675","1737826","1736435","1736189","1738337","1745004","1756688","1775403","1790812","1808132","1827668","1840952","1856296","1882250","1906034","1923759","",
"Iran, Islamic Rep.","IRN","Rural population","SP.RUR.TOTL","14177823","14465673","14761008","15064518","15377988","15738271","16090805","16281654","16533570","16785371","17041231","17286857","17519554","17749415","17982045","18222917","18544039","18771833","19125836","19515635","19945990","20715706","21520355","22040529","22538949","23023446","23587378","24088273","24581253","25000755","25418042","25854797","25789446","25362492","24883179","24618886","24484603","24110463","23933487","23750298","23593228","23461922","23173386","22965571","23004210","23077850","23258026","23271408","23123199","22944935","22754556","22571301","22411582","22272385","22142144","22012987","21892081","21765842","21698783","21585424","21405713","21235830","21186610","21133614","21042151","",
"Iraq","IRQ","Rural population","SP.RUR.TOTL","3934041","3922269","3926503","3942839","3961209","3989454","4026399","4065238","4105218","4146235","4189056","4232029","4275427","4320750","4365377","4408894","4453370","4503953","4555417","4592308","4620399","4639687","4652511","4679876","4726924","4758850","4818241","4923868","5043617","5209406","5323636","5443102","5679378","6037043","6409590","6696374","6965171","7209713","7439323","7671417","7905287","8125814","8349715","8562879","8764188","8979189","8997299","8881895","9022455","9325789","9605965","9929768","10358213","10780606","11086852","11298012","11574596","11842726","12129409","12411885","12690442","12978101","13279212","13581587","13865024","",
"Iceland","ISL","Rural population","SP.RUR.TOTL","34497","34046","33673","33371","32787","32327","32193","32002","31434","31007","30582","30244","29811","29306","29061","28643","28224","27866","27561","27362","27178","26900","26641","26337","26053","25757","25399","25009","24670","24280","23939","23457","23115","22954","22746","22360","21943","21639","22812","22712","22588","22669","22521","22225","22087","22619","23710","23799","22014","20880","20804","21020","20799","20667","20888","20749","20857","21387","21683","21716","21487","21566","22238","22554","22487","",
"Israel","ISR","Rural population","SP.RUR.TOTL","488193","480688","485082","483960","484368","482766","476859","479731","472278","467648","466688","465277","461418","464399","461998","456211","450235","444556","438811","435843","433180","430101","428230","428112","427115","428557","429546","431259","433546","436354","445654","468892","481050","489721","498251","507302","516098","524172","531066","539366","548340","556006","562097","567441","573120","579465","586686","594969","604490","618911","630346","642200","654384","667102","680654","695189","710219","725809","742103","759142","776018","793256","812580","836283","844214","",
"Italy","ITA","Rural population","SP.RUR.TOTL","20436610","20310107","20188371","20061958","19941161","19817147","19679541","19537310","19389894","19249600","19129100","19033261","18981671","18953918","18923408","18887749","18843197","18798473","18758819","18728644","18709123","18704480","18717415","18731236","18746968","18767090","18784607","18803448","18828530","18856361","18882193","18900174","18910764","18909745","18891933","18862867","18832471","18801773","18762939","18719655","18680867","18645604","18637613","18694948","18789966","18851986","18874102","18927868","19002528","19028311","19012776","18967577","18803216","18511203","18349098","18303777","18276877","18289839","18357368","18214383","18117705","18046705","18008624","17967681","17918820","",
"Jamaica","JAM","Rural population","SP.RUR.TOTL","1159129","1158846","1155639","1150327","1143447","1134979","1125414","1115889","1107526","1101789","1100112","1101290","1103876","1107741","1111877","1115451","1118633","1121491","1124446","1128309","1133697","1140909","1149965","1160182","1170336","1179046","1185683","1190549","1194550","1198494","1203041","1208633","1215276","1222383","1229323","1235900","1242029","1247598","1252371","1256237","1259148","1261441","1263600","1265708","1267603","1269141","1270245","1270862","1271034","1271011","1271115","1271026","1268445","1265219","1260930","1255549","1249028","1241323","1232455","1222595","1214094","1204849","1192781","1179902","1166045","",
"Jordan","JOR","Rural population","SP.RUR.TOTL","488949","506794","523276","539814","559393","585085","617740","656346","697766","737206","770713","796731","816202","831507","844284","855064","863989","872040","879933","888344","897538","904969","909866","911897","910598","906328","899783","891694","883390","877055","900067","928144","940727","962760","995039","1033622","1067952","1096611","1121934","1146038","1169785","1193797","1218838","1245578","1275317","1301660","1365456","1410790","1388950","1348952","1294488","1230492","1141160","1081874","1051737","965150","944328","933724","920590","905407","888594","872253","854931","837095","814462","",
"Japan","JPN","Rural population","SP.RUR.TOTL","34249304","33603566","33004591","32467222","31958054","31464307","30922971","30435451","29984073","29548577","29095379","28845950","28213049","27577478","27088155","26943645","27097747","27291315","27491256","27677827","27832309","27944108","28023489","28088120","28130196","28163402","28167529","28148751","28104547","28051869","27979599","27923534","27857758","27776914","27683945","27579895","27493744","27440226","27395128","27291080","27128318","26500715","24791894","22451959","19967697","17942700","16434238","15014338","13712786","12659859","12009305","11679890","11452753","11276767","11130420","10993546","10859755","10729335","10604276","10489745","10377401","10212754","10037960","9858369","9682263","",
"Kazakhstan","KAZ","Rural population","SP.RUR.TOTL","5211723","5319909","5427548","5533383","5633984","5727772","5816998","5905811","5994713","6075891","6152235","6231831","6313830","6391604","6464902","6537635","6633466","6753280","6870730","6939263","6955514","6960838","6960876","6960944","6965827","6979827","7023158","7094605","7179299","7268807","7340587","7403143","7439421","7430784","7350232","7235463","7120740","6980622","6829808","6768088","6816771","6887295","6966502","7053011","7145237","7241831","7341084","7440176","7535048","7625731","7710348","7782164","7841036","7886736","7918905","7937032","7942693","7934784","7906533","7859926","7795356","7694032","7724512","7775026","7810241","",
"Kenya","KEN","Rural population","SP.RUR.TOTL","7061712","7313927","7582739","7867386","8168402","8486727","8817725","9158486","9508354","9864400","10215549","10539702","10844110","11144301","11438682","11730689","12022698","12337264","12686850","13066672","13481898","13918016","14371429","14854020","15360054","15881620","16414831","16961545","17531493","18122323","18727037","19319599","19900878","20483063","21069698","21658411","22241480","22830552","23434029","24075482","24681198","25155696","25497370","25722450","25891116","26035257","26208091","26467447","26886528","27534494","28340551","29132453","29907327","30666395","31410235","32145546","32903355","33681595","34445086","35232892","35922210","36567989","37200488","37833597","38434343","",
"Kyrgyz Republic","KGZ","Rural population","SP.RUR.TOTL","1426102","1471256","1512107","1554593","1597866","1638947","1682858","1726716","1771604","1814029","1850231","1884928","1921771","1958544","1998351","2037539","2075886","2114230","2152180","2192086","2232542","2274959","2320633","2369816","2418560","2464830","2512642","2561752","2608330","2665470","2723839","2780498","2828122","2846506","2863729","2910426","2970025","3026696","3081847","3130390","3168182","3198670","3228393","3262584","3302449","3340068","3376298","3408883","3441765","3488093","3538949","3591601","3661476","3744457","3830205","3919929","4010785","4099473","4192460","4291511","4384568","4470278","4554797","4635680","4714291","",
"Cambodia","KHM","Rural population","SP.RUR.TOTL","4895291","4998791","5112377","5229451","5334281","5442891","5554569","5669749","5736930","5680320","5470831","5127356","4714297","4513729","5498099","6273448","5823165","5353862","4908412","4619137","4537772","4601786","4720350","4876735","5039784","5192471","5380573","5592617","5787057","5985737","6215754","6452361","6781746","7171780","7656707","8265636","8869632","9466841","9842899","9995199","10141323","10288983","10437988","10585878","10730701","10873353","11016245","11155972","11290923","11393184","11437705","11427305","11367067","11261684","11113705","10925820","10704329","10445636","10148721","9957505","10063273","10166049","10256594","10344718","10429346","",
"Kiribati","KIR","Rural population","SP.RUR.TOTL","39980","40586","41100","41544","41954","42375","42519","42405","42386","42727","43401","44102","44776","45326","45217","44278","43088","41888","40959","40847","41315","41818","42372","42945","43520","44203","45052","45958","46862","47772","48666","49441","50087","50682","51223","51719","52010","51664","50938","50274","50219","51059","52131","53199","54265","55346","56275","56524","56336","56054","56026","56294","56614","56955","57212","57293","57141","56561","55548","54172","52442","51817","51439","50992","50495","",
"St. Kitts and Nevis","KNA","Rural population","SP.RUR.TOTL","40442","39902","38962","37846","36624","35345","34051","32770","31516","30253","29351","28970","28741","28534","28342","28169","28013","27872","27736","27591","27466","27379","27299","27211","27119","27023","26922","26816","26701","26573","26428","26443","26743","27164","27595","28043","28495","28949","29417","29906","30423","30845","31093","31270","31435","31586","31743","31902","32053","32170","32181","32258","32357","32377","32384","32372","32350","32315","32266","32203","32119","32014","31942","31935","31949","",
"Korea, Rep.","KOR","Rural population","SP.RUR.TOTL","18087492","18435670","18762341","19067447","19321279","19529642","19691380","19718068","19572066","19333484","19116061","18957624","18833611","18706473","18557100","18357480","18077100","17731560","17340182","16928399","16524582","16134431","15749981","15347837","14889822","14365548","13774801","13084675","12362321","11687902","11152394","10754392","10413735","10116908","9884278","9739889","9673624","9654019","9636277","9620592","9599075","9531459","9397148","9239487","9085487","8967082","8928891","8903202","8910747","8912635","8935346","9007800","9081761","9164474","9270619","9366605","9446650","9516833","9603924","9685143","9757675","9752526","9733823","9740302","9745630","",
"Kuwait","KWT","Rural population","SP.RUR.TOTL","76517","81747","87614","94101","101180","109099","118140","128279","139090","149573","157826","158685","151523","139673","126828","117330","110201","102677","94860","86864","78701","69045","58142","48125","41090","39626","40824","42137","43564","45073","34138","27294","32880","33419","32958","32796","32048","29938","26779","23111","19547","15367","10114","4946","1140","0","0","0","0","0","0","0","0","0","0","0","0","0","0","0","0","0","0","0","0","",
"Latin America & Caribbean (excluding high income)","LAC","Rural population","SP.RUR.TOTL","101262540","102711258","104155475","105568457","106937150","108235453","109443038","110554764","111569239","112491737","113315033","113949001","114403537","114669234","114775708","114756284","114656359","114551076","114507762","114565877","114798222","115149847","115512842","115911154","116343831","116784356","117165208","117516306","117861076","118183541","118501854","118773234","119046965","119355098","119615066","119743495","119656215","119260222","118624675","117961999","117427348","117039074","116710004","116470109","116350764","116365697","116509030","116675477","116850863","117021920","117169062","117325289","117443746","117482891","117457985","117350072","117196322","117037388","116974834","116756966","116374127","115882055","115405356","114873747","114255337","",
"Lao PDR","LAO","Rural population","SP.RUR.TOTL","1955015","1998288","2042797","2087840","2133064","2179424","2226873","2274506","2321709","2368830","2416585","2465545","2516247","2569163","2622764","2673159","2717693","2757340","2795681","2836954","2884802","2940650","3004040","3073291","3146766","3223946","3304707","3388821","3475844","3564807","3654658","3744607","3833499","3920433","4003089","4077654","4139281","4180946","4205089","4219027","4226347","4230952","4234831","4239579","4247350","4265823","4291245","4316019","4340961","4366526","4392962","4420550","4449706","4480773","4513660","4548667","4571779","4596077","4618616","4638797","4656343","4670262","4681426","4690438","4696450","",
"Lebanon","LBN","Rural population","SP.RUR.TOTL","1046720","1049765","1050684","1048311","1042150","1032073","1020281","1006456","992358","979194","965649","953408","940382","924776","906584","885037","854207","823628","799872","775368","751237","727789","700726","673866","652732","635141","623624","615438","608018","603186","598677","595344","593380","591308","589452","588837","589751","591780","594996","599817","606108","609880","611755","613318","616077","618150","620862","624771","626654","626239","623143","620334","627268","676775","735092","736264","705913","674416","641926","608509","585665","573793","562597","551230","539740","",
"Liberia","LBR","Rural population","SP.RUR.TOTL","927667","942954","958532","974088","989764","1005603","1021370","1037045","1052764","1068448","1084077","1099134","1114227","1130127","1146191","1161567","1175807","1190192","1205384","1221111","1237760","1255271","1274011","1296727","1323819","1355376","1460336","1408551","1435832","1463732","1260038","821738","902842","1019217","1112444","1203283","1273208","1374841","1516913","1595815","1646451","1684037","1715540","1715728","1722575","1787466","1876916","1958888","2021003","2065180","2104910","2167223","2222497","2248629","2272113","2295076","2317468","2337388","2357419","2377849","2400274","2423367","2447046","2471981","2495526","",
"Libya","LBY","Rural population","SP.RUR.TOTL","1145523","1189464","1235061","1281300","1322676","1340630","1327403","1293964","1245810","1188772","1128159","1068194","1016262","987783","983264","985005","987664","991311","996023","1001827","1008654","1016169","998070","954518","931227","926620","918714","907768","894555","879680","863428","846031","827788","809010","789947","770864","752101","734150","717645","703223","692260","685211","681632","681858","686271","695101","708060","723001","739058","755434","772092","755029","737021","753709","770357","795843","808058","821006","834319","846496","857578","867887","877793","886562","894181","",
"St. Lucia","LCA","Rural population","SP.RUR.TOTL","73812","74390","75054","75713","76343","76965","77559","78193","78908","79625","80373","81143","81862","82561","83270","83995","84734","85472","86212","86976","87833","88770","89699","90628","91593","92612","93642","94645","95553","96354","97135","98259","99782","101386","103098","104985","106872","108749","110664","112568","114436","116146","118098","120583","123432","126500","129642","132651","135351","137627","139267","140062","140452","140557","140370","139888","139083","137928","136434","134582","132346","129528","126760","127117","127443","",
"Latin America & Caribbean","LCN","Rural population","SP.RUR.TOTL","111782388","113327634","114849799","116323815","117728734","119040531","120242931","121334620","122324217","123222877","124029672","124654185","125097292","125351976","125442470","125402166","125277941","125145717","125081943","125124306","125351268","125700150","126064154","126465504","126899595","127339806","127717422","128059889","128389164","128688504","128977969","129209039","129425458","129656429","129819775","129840023","129643128","129143083","128418224","127691474","127126965","126743801","126447875","126249085","126169822","126196338","126370075","126563319","126763138","126954598","127122902","127302585","127470488","127552101","127562366","127484057","127345772","127163946","127034493","126735550","126276280","125729844","125215636","124661052","124016256","",
"Least developed countries: UN classification","LDC","Rural population","SP.RUR.TOTL","222117420","226882370","231812153","236860691","242055165","247411496","252879594","258546908","264359695","270089836","275619105","280529486","285482682","291407018","298631742","305394388","310800995","316041127","321710760","327760542","333251095","338909642","345837656","353526507","361259434","368933601","376584450","384180552","391855942","399655961","407506098","415270799","424450570","434598080","444374211","454149312","464245049","474216099","484098102","493844836","503222048","512550624","522503271","532487940","541942537","551436201","561023749","570546192","579617308","589388781","599333679","609824414","620759838","631764644","642667810","653497403","664498549","675628418","686855913","698709267","711015995","722993213","734542902","746457452","758212271","",
"Low income","LIC","Rural population","SP.RUR.TOTL","98280583","100095072","101993591","103957909","106010598","108127555","110287885","112537230","114873707","117266964","119745808","122275614","124754800","127387936","130223034","133141183","136142011","139260614","142855205","146669467","149836922","152020728","154633531","158150625","161711941","165147822","168492736","171647561","174782584","178108254","181423311","184346160","188587837","193791050","198346488","202946629","208239942","213382896","218509148","223808933","228855300","234048396","240180949","246643972","252869022","259371144","266267334","273025051","279795352","286739447","293588074","299972640","305374359","310317912","316277799","322968010","329962873","337210129","344768633","352805433","360784450","368555820","376087118","384084597","392140365","",
"Liechtenstein","LIE","Rural population","SP.RUR.TOTL","13088","13431","13901","14455","15032","15441","15835","16350","16938","17183","17252","17634","18072","18607","19153","19477","19651","19967","20447","20897","20849","20988","21482","21668","21829","22105","22449","22762","23135","23486","23878","24298","24671","25079","25424","25716","26001","26274","26758","27330","27752","28250","28704","29059","29398","29681","29943","30151","30344","30584","30829","31079","31374","31651","31872","32075","32255","32452","32679","32930","33196","33423","33691","33997","34521","",
"Sri Lanka","LKA","Rural population","SP.RUR.TOTL","7965488","8115948","8271146","8433433","8596023","8751279","8901603","9053805","9211850","9376088","9549641","9736146","9935380","10135471","10333876","10534511","10741685","10955285","11177526","11408440","11639854","11859827","12036644","12157252","12247810","12385130","12597157","12814168","13017655","13231530","13394150","13573369","13869278","14183883","14466197","14777492","15128572","15475415","15818142","16151590","16472469","16743814","16911976","17013527","17091939","17150228","17201262","17243569","17271692","17281224","17277734","17271933","17303541","16790708","16910095","17028425","17184641","17344585","17482466","17552585","17609245","17763212","17747508","17597528","17467118","",
"Lower middle income","LMC","Rural population","SP.RUR.TOTL","670093378","684951215","700025479","715350761","730865103","746195275","761211698","776405614","791776170","807179784","823121719","838538015","853860954","870195151","887910304","905628674","922298824","939654090","957013652","975222504","995409950","1016953648","1038985302","1061447529","1084308433","1107655395","1131282874","1155032111","1178860623","1202876391","1227876719","1251935878","1275637997","1299420982","1323001337","1346550953","1369888934","1393045027","1416068238","1438518778","1460554736","1481999030","1501944774","1520639461","1538790453","1555903503","1572448293","1589220529","1605365710","1621216835","1637400049","1653695548","1670268305","1685714753","1701119872","1715698131","1730160777","1744309834","1757603057","1770169985","1782039828","1792210386","1801755297","1811768383","1822135823","",
"Low & middle income","LMY","Rural population","SP.RUR.TOTL","1613483439","1632888603","1672802492","1712602738","1738789736","1777432627","1817096779","1856115720","1896080074","1937427291","1979904493","2022158093","2062552831","2101315118","2141093492","2176806475","2210920373","2244194339","2275522143","2301437587","2334242636","2364714521","2401080619","2431617090","2457809521","2491625852","2525026297","2559113941","2596286184","2634201124","2677102178","2708738691","2741912319","2774710295","2806033770","2836477801","2855783101","2873517874","2889954417","2904833448","2915666752","2930965638","2942287862","2951951517","2963335175","2973921787","2982423223","2987590760","2998212416","3005314735","3018539224","3009037949","3016572542","3019065342","3023155343","3022956411","3025375501","3029467499","3031217389","3034876976","3042755892","3041848684","3049032544","3059099124","3069499124","",
"Lesotho","LSO","Rural population","SP.RUR.TOTL","709556","726633","743854","761298","779105","797575","819239","844612","871086","897906","925260","953307","982251","1012360","1044208","1078528","1112872","1145328","1178275","1212726","1248461","1285266","1323052","1361716","1401127","1441198","1477822","1508138","1534510","1557315","1576562","1592526","1605566","1615771","1623591","1630055","1635327","1636968","1633995","1627190","1616609","1602733","1585917","1565753","1541435","1513013","1491222","1480210","1471039","1460721","1449269","1437700","1426142","1414037","1401139","1387141","1373956","1369153","1363243","1356484","1349643","1342108","1333479","1324978","1316483","",
"Late-demographic dividend","LTE","Rural population","SP.RUR.TOTL","786273903","785934256","805813530","825254429","830767374","849004690","868057164","886158882","904838302","924751494","945439709","966744638","986072593","1002591551","1018634175","1030735865","1042597691","1053606304","1062123512","1063797628","1071065003","1075481143","1084847816","1087507776","1085699712","1091304856","1096420405","1102593756","1112014464","1122024711","1136139288","1140600301","1146747290","1151769897","1155941624","1159188250","1150519494","1141229218","1130958209","1120121709","1104962315","1094678891","1080949757","1066411858","1054493087","1042389905","1028283398","1011386892","1000323739","985634714","976421308","944842859","932176703","917173160","904120497","885993189","868318882","851731213","832985313","816633104","804565277","785863533","776670095","769778408","762438962","",
"Lithuania","LTU","Rural population","SP.RUR.TOTL","1673770","1675270","1674471","1669171","1661300","1651772","1640873","1627100","1607774","1574432","1549798","1547380","1522398","1497232","1472896","1445497","1419805","1397440","1371447","1343490","1315682","1288878","1267820","1251537","1236947","1224550","1212907","1201068","1191537","1191139","1196235","1199657","1200281","1196949","1191316","1185012","1178941","1173146","1167412","1161651","1155657","1147848","1140044","1135228","1127867","1110439","1090902","1075423","1063323","1050668","1029187","1006793","990790","976940","964844","954021","944067","935191","926207","920752","915465","893312","898008","902383","900317","",
"Luxembourg","LUX","Rural population","SP.RUR.TOTL","95732","95564","95526","95134","94664","94078","92993","91474","89850","88425","87032","85990","84894","83446","81999","80310","78191","75995","74089","72616","71729","71376","71141","70930","70826","70821","71012","71341","71704","72202","72841","73433","73728","73673","73335","72781","72002","71011","69941","68936","67983","67035","66019","65077","64225","63384","62511","61520","60574","59545","58361","57245","56065","54655","53085","51325","49263","47132","44557","41794","38707","34652","34219","34644","34908","",
"Latvia","LVA","Rural population","SP.RUR.TOTL","910243","910190","909350","908962","908850","906941","901725","896548","892641","887005","879149","870810","862373","853762","845438","836498","826804","817896","810024","802073","793566","785458","778738","773467","769277","766393","766147","769297","774581","778609","780307","781981","778434","771514","767560","765585","765436","765299","764105","761949","756384","747512","739686","733304","725994","718758","712675","707275","700182","688924","674845","662677","654376","647120","640630","634855","628410","622089","616387","611154","605842","599628","596572","596032","588129","",
"Macao SAR, China","MAC","Rural population","SP.RUR.TOTL","8231","8219","8299","8257","9822","10991","10256","9517","8798","8127","7688","6972","6515","6075","5648","5235","4833","4449","4121","3863","3637","3427","3270","3138","2957","2683","2394","2132","1851","1571","1302","1068","852","647","482","368","280","194","120","60","18","0","0","0","0","0","0","0","0","0","0","0","0","0","0","0","0","0","0","0","0","0","0","0","0","",
"St. Martin (French part)","MAF","Rural population","SP.RUR.TOTL","0","0","0","0","0","0","0","0","0","0","0","0","0","0","0","0","0","0","0","0","0","0","0","0","0","0","0","0","0","0","0","0","0","0","0","0","0","0","0","0","0","0","0","0","0","0","0","0","0","0","0","0","0","0","0","0","0","0","0","0","0","0","0","0","0","",
"Morocco","MAR","Rural population","SP.RUR.TOTL","8212478","8392356","8558637","8721845","8878636","9043857","9214773","9390294","9564594","9738052","9911492","10092178","10239757","10395873","10548872","10700331","10847117","10996661","11150423","11303330","11462362","11623895","11773144","11943862","12095189","12228705","12335707","12413748","12467617","12518941","12569530","12609634","12654099","12694789","12683797","12735372","12811519","12897973","12994519","13094824","13192099","13284340","13366108","13431845","13485221","13527656","13550778","13556638","13551270","13539212","13529411","13526226","13530602","13545995","13578255","13620954","13671138","13726223","13773369","13816976","13867850","13925421","13993977","14076664","14166268","",
"Monaco","MCO","Rural population","SP.RUR.TOTL","0","0","0","0","0","0","0","0","0","0","0","0","0","0","0","0","0","0","0","0","0","0","0","0","0","0","0","0","0","0","0","0","0","0","0","0","0","0","0","0","0","0","0","0","0","0","0","0","0","0","0","0","0","0","0","0","0","0","0","0","0","0","0","0","0","",
"Moldova","MDA","Rural population","SP.RUR.TOTL","1580141","1598129","1622060","1640204","1654273","1650149","1646286","1655207","1658850","1659670","1658654","1654217","1644002","1636839","1636641","1633417","1630877","1629725","1625486","1624106","1624556","1625167","1625544","1620501","1614514","1610276","1606343","1595063","1579590","1568786","1578931","1582929","1598320","1604320","1606037","1603021","1618454","1617568","1739696","1742931","1742558","1760382","1757873","1753690","1753655","1751580","1751102","1740920","1739343","1738453","1738007","1735102","1734460","1732104","1725267","1710225","1689275","1653839","1615501","1577959","1545850","1510461","1456381","1400907","1356907","",
"Madagascar","MDG","Rural population","SP.RUR.TOTL","4556981","4661032","4766701","4874122","4983797","5096512","5213040","5334873","5462595","5595204","5731918","5870386","6009880","6152834","6302455","6461289","6626659","6797304","6973559","7155250","7341196","7529547","7721195","7916915","8116172","8319656","8525725","8735573","8953061","9179322","9415550","9661577","9916089","10181466","10459905","10752028","11058510","11378169","11709179","12047011","12385672","12722244","13056477","13391828","13734100","14087308","14451179","14824434","15207810","15601666","16001915","16401547","16799386","17199456","17602848","18008943","18420316","18839987","19268963","19667704","20064250","20453085","20837415","21219490","21597446","",
"Maldives","MDV","Rural population","SP.RUR.TOTL","80825","82798","84856","86981","89129","92171","96146","99779","102824","105663","108543","111176","113324","115054","116495","117894","119450","121280","123214","125136","127216","129480","131909","134506","137573","141652","146465","151472","156470","161459","166656","171990","177197","182133","186723","191081","194920","198034","200522","202508","204171","204895","204457","203419","202386","202024","204418","209503","215372","221601","228148","234938","241854","248741","255641","262984","270613","278052","285315","292398","299270","305874","308886","307656","306133","",
"Middle East, North Africa, Afghanistan & Pakistan","MEA","Rural population","SP.RUR.TOTL","111035558","112938684","114863742","116870310","118980631","121242258","123651647","126043048","128536048","131077976","133655395","136187445","138718454","141408528","144194986","147193195","150459563","153676229","157056610","160499425","164023716","167454118","170989909","174951812","179130623","183389355","187750000","192141960","196729685","201483900","206985461","211916479","216776771","221890373","226728364","231361321","236044879","240395103","244928037","249490050","253861074","258220997","262864295","267723831","272586044","277524933","282785929","287901680","293004442","298242532","303063449","307750276","311322747","314112399","317741535","321851523","325919197","330021511","334181191","338377677","342793616","346800720","351076432","355576479","360270699","",
"Mexico","MEX","Rural population","SP.RUR.TOTL","18087875","18348218","18620030","18894427","19170190","19448188","19727893","20007329","20284417","20555804","20817962","21063276","21291006","21503524","21701699","21885847","22055989","22215380","22370634","22522966","22670723","22795893","22896615","22990513","23079328","23165618","23252340","23341948","23435708","23530866","23637698","23759273","23885516","24012317","24138761","24263700","24382558","24491294","24589937","24676641","24734981","24733731","24692487","24667298","24712764","24892302","25206493","25556827","25927977","26303814","26673841","27005264","27267099","27460943","27581360","27616126","27579283","27492678","27372429","27220160","27036144","26892400","26751936","26631040","26494276","",
"Marshall Islands","MHL","Rural population","SP.RUR.TOTL","9581","9735","9866","9971","10043","10082","10075","10148","10342","10443","10297","9947","9615","9514","9749","10138","10572","11035","11506","11965","12417","12836","13158","13368","13499","13595","13694","13849","14109","14420","14693","14945","15167","15358","15524","15667","15791","15896","15978","16050","16086","16044","15922","15738","15508","15248","14970","14677","14377","14091","13838","13571","13230","12833","12410","11971","11521","11062","10602","10147","9700","9259","8823","8402","7985","",
"Middle income","MIC","Rural population","SP.RUR.TOTL","1515202856","1532793531","1570808901","1608644829","1632779138","1669305072","1706808894","1743578490","1781206367","1820160327","1860158685","1899882479","1937798031","1973927182","2010870458","2043665292","2074778362","2104933725","2132666938","2154768120","2184405714","2212693793","2246447088","2273466465","2296097580","2326478030","2356533561","2387466380","2421503600","2456092870","2495678867","2524392531","2553324482","2580919245","2607687282","2633531172","2647543159","2660134978","2671445269","2681024515","2686811452","2696917242","2702106913","2705307545","2710466153","2714550643","2716155889","2714565709","2718417064","2718575288","2724951150","2709065309","2711198183","2708747430","2706877544","2699988401","2695412628","2692257370","2686448756","2682071543","2681971442","2673292864","2672945426","2675014527","2677358759","",
"North Macedonia","MKD","Rural population","SP.RUR.TOTL","947031","942846","934571","924484","916056","906786","897758","889495","882615","877590","874846","874338","874935","876246","878279","881133","884573","888024","891362","894747","897996","900905","901324","899215","896895","894579","892093","889483","886602","882884","877614","864998","842342","815517","801931","804854","811895","807427","816222","828121","841101","852731","851039","852575","849766","845018","840001","834595","828828","822140","815096","809039","802952","796414","789969","782757","774300","764328","752635","738709","720931","703905","696910","689967","682957","",
"Mali","MLI","Rural population","SP.RUR.TOTL","5023153","5078141","5133767","5189306","5244623","5300713","5357204","5414747","5474667","5536390","5601243","5668112","5738518","5815452","5896654","5980959","6067183","6158841","6257387","6361152","6472483","6589146","6709635","6835391","6960735","7078938","7189107","7293824","7401715","7521398","7652273","7787428","7927623","8075706","8231488","8390357","8549669","8720058","8914259","9132478","9365611","9610944","9869848","10140426","10422042","10713040","11010413","11314683","11625081","11938495","12256126","12576101","12860109","13146503","13467325","13787281","14115796","14450685","14779604","15095076","15412351","15738096","16058195","16399940","16741508","",
"Malta","MLT","Rural population","SP.RUR.TOTL","32245","32503","32803","33115","33408","33519","33411","33162","32790","32396","32202","32179","32115","32043","31966","32138","32228","32271","32515","32743","32974","33094","33675","34005","33855","34294","34602","34229","33588","32757","31762","31210","30117","29092","28218","27562","27151","26876","26624","26400","26220","26088","25963","25812","25648","25448","25134","24762","24442","24161","23871","23662","23679","23829","24221","24704","25089","25368","25530","25532","24825","23241","23367","24170","24719","",
"Myanmar","MMR","Rural population","SP.RUR.TOTL","17602689","17882622","18168786","18462767","18766183","19082585","19410707","19750394","20103603","20471264","20855485","21253637","21668461","22079094","22477713","22885207","23298701","23725541","24168327","24615779","25066977","25515868","25954690","26429334","26941223","27438611","27907794","28346072","28759607","29157361","29542932","29905656","30249525","30587063","30921961","31252113","31579101","31906875","32228841","32535026","32820186","33087633","33340692","33573870","33783325","33970237","34141639","34309349","34425861","34547274","34737926","34953415","35187415","35429949","35671541","35907084","36143327","36375667","36593932","36807311","37027107","37244507","37462516","37686829","37904863","",
"Middle East, North Africa, Afghanistan & Pakistan (excluding high income)","MNA","Rural population","SP.RUR.TOTL","108248795","110120610","112002767","113974799","116054135","118291678","120684929","123053590","125533092","128057484","130615841","133134070","135656247","138330028","141098573","144072951","147308547","150486295","153823047","157216855","160692180","164079421","167573623","171490525","175622466","179821053","184105396","188412240","192918320","197590046","203007963","207830061","212563782","217549250","222261384","226770913","231319241","235525829","239919394","244344591","248552074","252725207","257190674","261884268","266589305","271386251","276478600","281381262","286272262","291348731","296260581","300693212","303977243","306458983","309935901","313742147","317575540","321676310","326016299","330299489","334564400","338733460","342710898","346870325","351251243","",
"Montenegro","MNE","Rural population","SP.RUR.TOTL","362495","364529","367960","371147","372680","371646","367543","360904","353096","345993","340824","337870","336332","335328","333863","331334","327774","323748","319858","316861","315329","315604","317029","318821","320311","321005","320620","319216","317057","314573","312029","309371","305943","301347","295526","288518","280536","271982","263306","255006","247485","242113","237673","234506","231783","229265","226875","224772","223087","221886","221093","220712","220452","220238","220037","219764","219435","219098","218718","218306","217746","216727","215754","215285","214853","",
"Mongolia","MNG","Rural population","SP.RUR.TOTL","617123","617613","621943","630161","640040","652166","665698","679409","692012","702692","712489","722269","732170","742261","752604","763225","774111","785051","795396","804525","812164","818691","824787","831089","838316","847266","858797","873710","892548","912581","901989","931312","933284","933211","944833","961358","977415","992339","1006965","1021687","1033404","1034420","1025383","1008155","983724","955914","928318","903907","886284","878221","881020","893861","910061","928331","948370","968596","989123","1009982","1030844","1051285","1061728","1041674","1037548","1028802","1023718","",
"Northern Mariana Islands","MNP","Rural population","SP.RUR.TOTL","1734","1709","1731","1785","1880","2010","1998","1909","1942","1975","2027","1869","1720","1889","1994","2046","2090","2130","2166","2202","2339","2596","2861","3100","3312","3502","3678","3852","4039","4256","4448","4566","4668","4771","4872","5034","5384","5825","6212","6568","6728","6627","6450","6264","6072","5874","5672","5466","5258","5050","4896","4811","4737","4655","4565","4469","4367","4260","4150","4035","3949","3860","3742","3623","3509","",
"Mozambique","MOZ","Rural population","SP.RUR.TOTL","6470414","6573150","6685327","6799872","6915512","7033479","7152840","7273330","7396318","7521524","7651617","7798521","7969767","8159320","8363055","8582772","8817058","9074226","9357450","9650252","9848088","9969911","10095385","10198651","10280980","10342822","10384577","10281822","10118220","10056301","10058174","10115040","10178109","10378127","10983066","11551100","11846558","12110359","12342864","12583144","12828113","13085095","13352617","13630072","13916152","14211196","14514775","14824749","15150585","15501456","15872651","16269067","16688090","17119791","17562667","18015903","18484825","18976420","19445319","19897700","20346663","20784486","21209035","21622370","22014294","",
"Mauritania","MRT","Rural population","SP.RUR.TOTL","767779","782939","798711","815237","832566","849264","865923","882869","899906","916903","933739","950202","966178","981686","996718","1011171","1025065","1037152","1045549","1049907","1051544","1051671","1051345","1051704","1054246","1060621","1072504","1091945","1120980","1150239","1181462","1219005","1269772","1325949","1375878","1418386","1450827","1487277","1529534","1573309","1618881","1657963","1687284","1712423","1733575","1751469","1766789","1780346","1796048","1814356","1832674","1851760","1872009","1891231","1906189","1916826","1924057","1928579","1946297","1963128","1978808","1993309","2008173","2023328","2036387","",
"Mauritius","MUS","Rural population","SP.RUR.TOTL","408981","405299","413091","420254","426907","433169","439165","445017","450848","456786","462956","469445","476298","483920","492666","502539","513276","524602","534546","546926","558959","569550","578079","583986","588904","590535","590647","590227","589815","591041","593973","600798","609825","618749","629598","637508","646760","657717","667449","678613","687637","695249","702310","709667","716405","722926","728542","734051","738816","742784","746431","749356","753065","756478","759389","761883","763835","765890","767604","769074","770234","771487","770139","761625","759723","",
"Malawi","MWI","Rural population","SP.RUR.TOTL","3481416","3561807","3645036","3731143","3819327","3909060","4001219","4094559","4186960","4277888","4368279","4460580","4556069","4656115","4762741","4877266","5001697","5142103","5305659","5491152","5693253","5907961","6132504","6365479","6604496","6847529","7086538","7412551","7798684","8144349","8436154","8659874","8873357","8960963","8816484","8766104","8906912","9059143","9236247","9439278","9655094","9879558","10113551","10359803","10621676","10900650","11195745","11506250","11834698","12178616","12531668","12890958","13254906","13624958","14000961","14380281","14766123","15159958","15559484","15955305","16350617","16741827","17130747","17522023","17915742","",
"Malaysia","MYS","Rural population","SP.RUR.TOTL","5882266","6004427","6132373","6264920","6400309","6536413","6671837","6801826","6927212","7053535","7183646","7320148","7459055","7597359","7735108","7870994","8005182","8136946","8264908","8388328","8537629","8697722","8826577","8927860","9004549","9059994","9095102","9111057","9111524","9101152","9089020","9080924","9066425","9037466","9001349","8961059","8917213","8870541","8823967","8776791","8734785","8700564","8663306","8619328","8570939","8521774","8475077","8432956","8396789","8368173","8349568","8333194","8315081","8301462","8294028","8295810","8310174","8336276","8371410","8414399","8455042","8396149","8335892","8274535","8207767","",
"North America","NAC","Rural population","SP.RUR.TOTL","59782166","59826415","59739312","59572151","59390418","59181208","59016637","58920053","58893104","59021332","59477235","60213367","60818359","61399805","61988618","62626027","63221536","63826279","64442508","65070183","65608205","66109499","66520920","66828472","67050498","67245175","67446191","67627251","67788312","67978737","68227173","68433571","68434908","68199773","67779802","67270766","66749345","66303491","65920723","65675429","65602808","65527558","65384937","65188629","65058532","64979905","65010964","65126169","65356490","65689875","66167706","66687286","67261535","67853082","68516274","69221926","70008365","70805879","71624418","72484872","73187786","73210259","73567073","74124790","74740630","",
"Namibia","NAM","Rural population","SP.RUR.TOTL","453091","460510","468907","478237","488474","499592","511571","524574","538455","553185","568827","585220","602454","620234","638660","658063","676567","694297","705746","716696","729856","737332","749725","768968","789002","810650","834516","860065","889002","945059","1001410","1032436","1062026","1091078","1118448","1142810","1164170","1183521","1201802","1219079","1234554","1246868","1254072","1255057","1251951","1247069","1241500","1236121","1231656","1228727","1228024","1231398","1242604","1258911","1275805","1293748","1312902","1333305","1355074","1378204","1404019","1431772","1458438","1482893","1502678","",
"New Caledonia","NCL","Rural population","SP.RUR.TOTL","50611","51247","51832","52227","52272","52047","51736","51472","51392","51867","52995","54448","56019","57706","59503","61382","62673","63049","63134","63234","63360","63519","63724","64195","64967","65804","66670","67581","68525","69723","71284","72998","74726","76414","78053","79640","81107","82420","83599","84661","85647","86538","87293","87916","88364","88177","87258","86198","85474","85759","87097","88689","90341","92020","93410","93933","93841","93660","93402","93143","92997","92942","93108","93479","93786","",
"Niger","NER","Rural population","SP.RUR.TOTL","3304916","3397069","3491649","3587065","3681770","3775769","3869790","3962833","4053277","4141654","4228920","4314765","4401081","4490232","4582811","4680615","4785525","4899795","5024010","5156611","5295837","5439890","5588074","5740931","5898785","6063260","6235952","6416263","6603797","6800039","7006026","7220669","7443251","7675882","7920122","8179718","8456375","8733637","9025761","9332895","9653038","9981310","10340096","10715078","11107654","11518235","11947429","12395923","12864272","13352650","13861034","14388520","14944692","15516663","16094276","16688650","17295394","17897805","18494887","19089517","19683688","20280521","20888147","21516311","22153132","",
"Nigeria","NGA","Rural population","SP.RUR.TOTL","38641725","39187369","39753975","40336957","40932549","41538815","42145856","42733931","43328406","43948232","44594845","45263841","45959669","46701973","47506680","48385039","49319640","50318320","51367829","52439527","53542529","54633427","55690305","56531817","57358521","58345228","59270473","60170058","61080567","62007497","62947356","63855045","64755237","65665998","66563245","67448682","68309339","69151508","69989117","70830258","71686040","72559112","73437219","74312783","75184138","76038866","76887720","77804901","78717888","79623758","80525477","81421843","82281965","83078003","83796300","84405544","84937802","85411312","85755936","85970564","86099297","86166415","86197021","86197462","86148256","",
"Nicaragua","NIC","Rural population","SP.RUR.TOTL","1084196","1106398","1128742","1151144","1171635","1189359","1205483","1221086","1237370","1255638","1277410","1304251","1331435","1359395","1390889","1423316","1456661","1490789","1524375","1556132","1589639","1625710","1661604","1696683","1730395","1763358","1796402","1829525","1863563","1899350","1935875","1972671","2009389","2045540","2080891","2115067","2146370","2174702","2200824","2225446","2249332","2271599","2292250","2312062","2331725","2353862","2378560","2403303","2427836","2452074","2476151","2500083","2523881","2547477","2570842","2594132","2617446","2640863","2664457","2688087","2711154","2733696","2759875","2789145","2817439","",
"Netherlands","NLD","Rural population","SP.RUR.TOTL","4601540","4639220","4686268","4746057","4746801","4775274","4820274","4834777","4864109","4919390","4943446","4907657","4921633","4903760","4846428","4865890","4888766","4907168","4932051","4939812","4953695","4880583","4800580","4752451","4708073","4692404","4667449","4669079","4659795","4637388","4636854","4640401","4660211","4624010","4551773","4530474","4282794","3816142","3651562","3627175","3426743","3179702","3099217","3033948","2889861","2691979","2508599","2390266","2365705","2277504","2101801","2002181","1921083","1819080","1714079","1646768","1604200","1520922","1274064","1059806","1002323","941616","887595","836261","784579","",
"Norway","NOR","Rural population","SP.RUR.TOTL","1837100","1839454","1817403","1773491","1713678","1643599","1568617","1494538","1426573","1370280","1332284","1310243","1293350","1277359","1262197","1248102","1234990","1223403","1213483","1205294","1199229","1195534","1193839","1192960","1192354","1192411","1193204","1194971","1196804","1195945","1192835","1186524","1172350","1155478","1142697","1136886","1130385","1114397","1093214","1077998","1071819","1065432","1053055","1038048","1030036","1025168","1021260","1016836","1013050","1011276","1014764","1024714","1029280","1017327","996021","973496","958964","951439","943119","936225","930488","926916","930093","934366","928934","",
"Nepal","NPL","Rural population","SP.RUR.TOTL","9767872","9949827","10140172","10337120","10542199","10757573","10980819","11211980","11451463","11696599","11948040","12201633","12426071","12599185","12729568","12828518","12902386","12971569","13052177","13150007","13281092","13457727","13672015","13910613","14161441","14413851","14665424","14907048","15145465","15396002","15666139","15947172","16246713","16512329","16719028","16884271","16990290","17046158","17052821","17010199","16912686","16761981","16454746","15915391","15190879","14336928","13413970","12488061","11629789","10906207","10385661","10123426","10007333","9896130","9805958","9751901","9703476","9642345","9600327","9664364","9818195","9978990","10014311","9934840","9852350","",
"Nauru","NRU","Rural population","SP.RUR.TOTL","0","0","0","0","0","0","0","0","0","0","0","0","0","0","0","0","0","0","0","0","0","0","0","0","0","0","0","0","0","0","0","0","0","0","0","0","0","0","0","0","0","0","0","0","0","0","0","0","0","0","0","0","0","0","0","0","0","0","0","0","0","0","0","0","0","",
"New Zealand","NZL","Rural population","SP.RUR.TOTL","892376","874225","872215","869174","866822","855826","834005","781790","697926","612437","549612","527215","524691","525246","528660","532811","532049","528799","524783","519121","516586","515741","518567","523762","526376","527234","523578","522160","515624","509599","506660","526002","526906","528746","532063","536582","542228","546792","549339","550126","551421","552796","560444","569528","576265","581643","588535","594323","600015","607018","615128","621506","626933","634864","654546","684409","721664","761988","793810","804942","821024","822183","820454","837725","849328","",
"OECD members","OED","Rural population","SP.RUR.TOTL","310850772","310949306","310869751","310531272","309899009","308989904","307900364","306747506","305583052","304561118","303853490","303887268","303635954","303264636","302991516","303178795","303322590","303569974","304022020","304396427","304330493","304483922","304507018","304435144","304148224","303777021","303311065","302727152","302104692","301636794","301433833","301434558","301227688","300669193","299815281","298889338","297711264","296365746","295307762","294446575","293306543","291686028","289103375","286062463","283046048","280576344","278915807","277428139","276380572","275446422","274609368","273900472","272518049","269266913","265811016","263359994","262857733","263524689","264002284","263953007","263754555","262617419","262622947","262947429","262808742","",
"Oman","OMN","Rural population","SP.RUR.TOTL","443485","445474","446935","447926","448487","448633","448346","447634","446489","444900","442845","440341","437393","434044","432674","433483","435031","437583","440759","444174","447548","451157","455162","459272","463285","470655","480826","490437","500196","510751","522760","536853","553629","573301","589815","600994","611688","621769","631359","640602","649493","657997","666054","673856","684343","692243","694284","692201","687946","683679","685005","748928","848178","901298","924993","949865","976876","983969","967137","937623","903702","894505","945492","1031551","1085671","",
"Other small states","OSS","Rural population","SP.RUR.TOTL","3339093","3356050","3386687","3421890","3455923","3487861","3519231","3547787","3575875","3608540","3643956","3684069","3720926","3753488","3767622","3776729","3802454","3836975","3870640","3908178","3948788","3990154","4030600","4071040","4112506","4155965","4202946","4253375","4308429","4371326","4442911","4518983","4554946","4582458","4617442","4643319","4694394","4753942","4811666","4771820","4743834","4829260","4914250","4971947","5007445","5046438","5090819","5135191","5179122","5222816","5270544","5316414","5363414","5409597","5454361","5498527","5540057","5581754","5624466","5665305","5704532","5741681","5786082","5803126","5824319","",
"Pakistan","PAK","Rural population","SP.RUR.TOTL","35516272","36301994","37111898","37971847","38882057","39837249","40837758","41885081","42970832","44087749","45232460","46340797","47467376","48673048","49903368","51174403","52505503","53907458","55386112","57062698","59172372","61439277","63538459","65519085","67346090","69252799","71368992","73575734","75818737","78061264","80434200","82852391","84968334","87062531","89317818","91631052","94024549","96401727","98774863","101177553","103761754","106394802","108729546","111016483","113487018","115941226","118423148","121270525","124224175","127067777","129872142","132411781","134535023","136287227","137858827","139279691","140537274","141923751","143537401","145152617","146857246","148635874","150182866","151425264","152838397","",
"Panama","PAN","Rural population","SP.RUR.TOTL","661059","675653","689401","702254","714377","725988","737496","749345","762035","776208","792570","810601","829402","848723","868399","888256","908049","927578","946685","965299","983325","1000931","1018285","1035321","1051904","1067780","1082798","1096872","1109932","1121844","1132729","1140565","1143954","1143965","1141512","1137546","1133204","1129727","1128377","1130507","1137422","1146972","1156822","1167214","1178369","1190298","1203014","1216803","1231918","1248494","1266627","1285721","1305103","1324674","1344600","1365075","1386120","1407587","1429162","1450258","1468883","1485727","1504134","1522215","1535484","",
"Peru","PER","Rural population","SP.RUR.TOTL","5425692","5507793","5580038","5634088","5672247","5696448","5709572","5715086","5716970","5719480","5712221","5714271","5744506","5783295","5822802","5864331","5908464","5956802","6010231","6067552","6128422","6192249","6259515","6331405","6406592","6483022","6557114","6628630","6700447","6771247","6839813","6899883","6952729","7000770","7044965","7088006","7127968","7165955","7201344","7228829","7242065","7238221","7217716","7183097","7136580","7076935","7002758","6915406","6813740","6697660","6572831","6443436","6309356","6169163","6024808","5878841","5735230","5577926","5522909","5482861","5409583","5322178","5233431","5150956","5067228","",
"Philippines","PHL","Rural population","SP.RUR.TOTL","19521250","20081932","20668375","21272124","21889455","22516463","23148132","23784117","24422320","25054887","25633989","26162163","26684603","27202344","27714514","28268983","28910541","29605851","30324182","31054103","31782055","32525078","33338176","34219440","35113814","35970045","36781226","37634418","38521072","39359889","40226245","41039027","41847309","42677934","43418283","44164726","44964783","45789742","46692362","47618213","48461277","49217360","49878389","50506231","51101739","51639167","52066611","52507530","52695033","52538354","52483678","52382857","52173131","51924835","51635312","51440231","51327633","51247601","51220023","51285077","51436589","51517019","51523010","51558262","51605924","",
"Palau","PLW","Rural population","SP.RUR.TOTL","5233","5181","5134","5090","5054","5019","4990","4931","4841","4756","4737","4803","4897","4971","4971","4919","4866","4810","4749","4674","4602","4569","4538","4481","4427","4409","4443","4491","4548","4601","4649","4692","4728","4768","4825","4919","5076","5294","5526","5729","5832","5702","5386","5004","4669","4445","4250","4050","3866","3701","3557","3439","3353","3340","3413","3485","3540","3593","3643","3688","3722","3719","3709","3696","3679","",
"Papua New Guinea","PNG","Rural population","SP.RUR.TOTL","1926026","1968249","2006505","2043581","2079310","2114694","2151460","2182599","2205099","2225462","2249127","2281975","2321562","2361519","2403105","2448302","2499222","2554289","2610149","2666297","2722581","2778257","2831529","2883298","2934494","2985945","3038559","3093185","3150701","3215117","3297371","3405606","3534630","3675265","3823324","3977630","4137466","4302090","4468969","4637029","4804905","4973060","5144815","5320369","5499373","5681604","5867146","6055851","6247878","6442977","6640998","6837631","7029647","7218511","7404173","7586153","7763952","7937296","8106284","8270684","8424819","8567050","8699644","8825153","8947067","",
"Poland","POL","Rural population","SP.RUR.TOTL","15394863","15397982","15430773","15508262","15608015","15652785","15665133","15709425","15746373","15744020","15656998","15548109","15477185","15392571","15299089","15203798","15112434","15029979","14950362","14894713","14859556","14820740","14786403","14761425","14742659","14724576","14708621","14700289","14701557","14719211","14748524","14774163","14794673","14809489","14819978","14821494","14816432","14812143","14805879","14795600","14635488","14627682","14619997","14621601","14640776","14674728","14714913","14761958","14821055","14886727","14894713","14945267","14983883","15013203","15039721","15066821","15096820","15134530","15169648","15200382","15053639","14863018","14790726","14716781","14634461","",
"Pre-demographic dividend","PRE","Rural population","SP.RUR.TOTL","164328352","167367276","170526895","173787544","177151839","180611643","184151493","187778375","191515822","195328108","199222884","203165680","207079913","211199293","215569657","220064509","224639403","229416180","234831940","240570769","245765510","250013873","254631593","260023666","265544065","271134489","276647989","282017792","287392218","292998552","298657859","303972321","310708298","318660185","327551509","336137044","343185776","350143550","357909542","366022402","373872166","381754312","390345127","399066504","407408964","415978159","424542896","432827884","441796787","451500606","461287297","471291663","481504129","491801837","501965798","511971491","522209696","532577290","543039250","553761156","564256142","574334718","583964013","593634853","603393463","",
"Puerto Rico (US)","PRI","Rural population","SP.RUR.TOTL","1313218","1318339","1321699","1321348","1313797","1297772","1275117","1246767","1217167","1192207","1175454","1164821","1158952","1155492","1150982","1143253","1132435","1118184","1100523","1079808","1055762","1026172","989963","948149","901619","851213","797679","741805","684408","626331","568436","510805","455202","403693","356552","314378","278787","249714","228075","215764","213260","214713","217115","220194","223703","227063","229698","231564","232743","233055","232448","230479","228337","226244","222941","219226","214977","209555","200775","199747","196514","193966","189631","186543","184063","",
"Korea, Dem. People's Rep.","PRK","Rural population","SP.RUR.TOTL","6963434","6917052","6898928","6911499","6932518","6939955","6926760","6910935","6899723","6903142","6949131","7020966","7097921","7175161","7251289","7348467","7456254","7557611","7657806","7759165","7860054","7960264","8058992","8153446","8244608","8333627","8421598","8508930","8596025","8684013","8775138","8871324","8972428","9077669","9185899","9278239","9352264","9423058","9489071","9549818","9603711","9649919","9687267","9730971","9780711","9819407","9850537","9876568","9898153","9912910","9918190","9917770","9913727","9907790","9902044","9891329","9876346","9857044","9832414","9802069","9765699","9725303","9681791","9632548","9576946","",
"Portugal","PRT","Rural population","SP.RUR.TOTL","6125881","6145695","6158328","6148830","6115537","6051927","5965990","5886134","5817261","5720248","5623573","5552363","5495088","5446828","5471535","5628595","5733520","5735767","5737620","5737771","5737247","5723314","5693802","5655175","5611530","5561334","5500938","5434309","5363998","5292144","5217387","5142882","5075486","5016322","4962910","4911995","4861563","4813937","4768881","4726801","4691662","4656180","4606592","4540535","4464323","4385657","4310551","4243742","4186211","4142051","4115168","4102555","4085965","4063649","4041910","4025410","4013059","4003760","3998010","3999821","4005126","4031257","4056250","4103817","4135827","",
"Paraguay","PRY","Rural population","SP.RUR.TOTL","1213898","1239832","1266786","1295554","1325758","1356321","1386849","1417042","1446802","1476174","1505202","1534430","1564593","1595518","1626106","1655300","1682975","1709657","1735768","1761997","1789216","1817862","1847594","1876123","1901562","1924253","1944818","1963607","1981117","1997818","2014166","2031193","2050183","2069302","2085969","2100662","2114006","2126752","2139651","2153164","2167149","2180455","2193502","2207694","2223046","2239490","2255997","2271962","2287856","2304415","2323174","2343672","2363445","2378768","2384817","2381708","2369496","2348306","2318685","2281278","2237577","2185336","2120105","2097963","2088290","",
"West Bank and Gaza","PSE","Rural population","SP.RUR.TOTL","","","","","","","","","","","","","","","","","","","","","","","","","","","","","","","685725","709505","733375","757136","780558","803377","825291","846188","846857","836648","816174","787643","753532","716604","679930","646905","621275","608178","607119","608516","610127","612188","615048","618932","624201","631196","640314","651372","660913","664675","668898","672696","676039","678902","681264","",
"Pacific island small states","PSS","Rural population","SP.RUR.TOTL","734406","746267","758864","772215","786221","801027","816334","830604","843811","857345","870990","884504","898152","912073","927160","943273","960454","978543","997368","1017421","1038019","1058912","1079875","1100902","1122201","1143693","1164370","1182195","1196817","1209354","1220313","1230217","1240074","1250129","1260026","1270079","1281719","1295864","1310955","1325453","1338946","1351907","1364280","1375953","1387186","1398005","1408088","1416768","1423808","1430139","1440409","1455400","1469904","1483944","1497714","1510988","1523581","1536011","1549785","1559922","1571566","1584267","1595150","1606740","1618143","",
"Post-demographic dividend","PST","Rural population","SP.RUR.TOTL","280160969","279229790","278288408","276981824","275163741","273134006","271077338","269013270","266978785","265106902","263644163","262895415","261811029","260673965","259611145","259148649","258571003","258031252","257621719","257213086","256424479","255938040","255345339","254602667","253643835","252807268","251809281","250619828","249347887","248228961","247505526","246980662","246240103","245177892","243865422","242597343","241258528","239767708","238567882","237627524","236621039","234941052","232390408","229319883","226177835","223424526","221370549","219803853","218484050","217377947","216637334","216111128","215954689","215539086","215332811","215174868","214944654","215087967","215186287","215160940","215146327","214193471","213055679","212364625","212644437","",
"French Polynesia","PYF","Rural population","SP.RUR.TOTL","48286","48523","48736","49223","49904","50507","51051","51568","52098","52667","53299","53935","54416","54770","55151","55707","56604","58093","59959","61959","64053","66226","68460","70688","72769","74796","76923","79130","81361","83557","85760","87999","90239","92436","94549","96527","98371","100232","102143","104009","105858","107663","109360","110901","111790","111984","111652","110811","109333","107609","106173","105235","105059","105460","105905","106319","106717","107022","106921","106640","106749","107048","107409","107677","107878","",
"Qatar","QAT","Rural population","SP.RUR.TOTL","12603","13209","14157","15257","16475","17788","19247","20883","22662","24544","26760","29237","31676","34079","36435","38714","40878","42865","44598","45983","46905","46823","45475","43235","40603","38224","36624","35283","33873","32490","31148","29856","28623","27455","26358","25337","24396","23857","23765","23819","23902","23948","23879","23598","22834","22272","23516","25788","26691","26555","24145","22258","21654","22312","23634","24894","25130","24669","23857","23242","23421","19954","20090","19030","19376","",
"Romania","ROU","Rural population","SP.RUR.TOTL","12074301","12052541","12011729","11967406","11917300","11853615","11822940","11859186","11846412","11787706","11739080","11667726","11586707","11498056","11425006","11400298","11386193","11358027","11324822","11257441","11176976","11111126","11035634","10945634","10859650","10787782","10731350","10690987","10662601","10648301","10623241","10508611","10414012","10417461","10435310","10457779","10477683","10499907","10528893","10557427","10579178","10454078","10268389","10182575","10100013","10004367","9906676","9721596","9523457","9412322","9333034","9275743","9235460","9210449","9192629","9173207","9151148","9135224","9124612","9125367","9129427","9134196","9112140","9117940","9112958","",
"Russian Federation","RUS","Rural population","SP.RUR.TOTL","54982812","54391382","54031297","53574946","53148926","52800690","52002003","51220240","50448392","49580835","48796251","48208048","47274852","46285622","45295202","44370223","43704730","43232237","42802588","42318049","41909947","41516915","41047350","40670914","40485467","40234461","39894921","39577066","39308953","39063984","38898776","39013565","39537461","39996135","40138242","40157492","39910917","39766066","39588753","39799026","39351258","39077933","38807150","38468231","38456494","38518452","38274476","38006717","37852069","37796896","37612792","37394274","37317601","37279749","37245444","37207495","37167007","37107845","37012116","36912720","36756868","36546120","36269113","35984572","35722829","",
"Rwanda","RWA","Rural population","SP.RUR.TOTL","2943714","3023950","3099212","3168336","3240451","3324554","3418217","3520833","3629315","3739987","3851845","3961825","4070526","4181892","4296495","4414783","4537817","4665712","4799916","4942912","5095425","5258150","5431057","5613149","5803429","6000517","6202095","6405959","6609972","6811110","6986264","7123304","7248136","7470337","6284053","5173912","6017857","6837445","7004765","6952340","6917736","6915684","6982407","7136145","7326620","7523660","7726649","7934649","8145672","8358138","8571250","8783351","8995205","9199239","9375689","9522083","9640069","9731417","9797851","9841291","9864318","9868881","9858682","9927834","9995996","",
"South Asia","SAS","Rural population","SP.RUR.TOTL","425050831","434946313","444924886","454949565","465090773","475001979","484570746","494299204","504155198","513917871","524105455","533834493","543447961","553680838","563957382","574199028","584217293","594293443","604298764","614826531","626296249","638542848","651414225","664663660","678251683","692087862","706156519","720293571","734424416","748659295","762882676","776945924","791116430","805366897","819430782","833498728","847615563","861645401","875553022","889237289","902635866","915665665","927790917","938833110","949239425","958721334","967384448","975379177","982699862","990052649","997551898","1005293056","1013669413","1021124488","1028633569","1035602697","1042652525","1049431135","1055625236","1061401674","1066665249","1070642234","1074275601","1078396890","1082536026","",
"Saudi Arabia","SAU","Rural population","SP.RUR.TOTL","1669618","1698859","1727180","1752227","1771849","1786192","1795596","1801518","1805347","1807894","1810663","1816750","1828436","1845690","1868771","1894731","1920605","1947367","1974764","2002344","2030046","2060078","2093806","2129850","2167081","2205912","2252075","2303481","2350316","2395974","2446429","2503686","2571069","2645569","2722368","2801341","2881740","2963161","3045406","3127789","3240319","3381824","3520602","3655633","3785543","3910995","4034135","4155361","4274689","4392005","4297145","4452705","4597557","4804591","4874218","5081821","5222243","5173004","4991191","4918599","5109476","4934233","5104618","5292596","5487287","",
"Sudan","SDN","Rural population","SP.RUR.TOTL","7384206","7568435","7760856","7962841","8173821","8394079","8622994","8861833","9112000","9373522","9649205","9937565","10239402","10626612","11026209","11391267","11775691","12170624","12638161","13143943","13678159","14217564","14731824","15152339","15354289","15412438","15427844","15426870","15415677","15407971","15425995","15496822","15649337","15945711","16338177","16749902","17115437","17487645","17922107","18365672","18819812","19284169","19757485","20201597","20642243","21114556","21604398","22123670","22702366","23307373","23827727","24248321","24685893","25155371","25715611","26379526","27153879","28068757","29023209","29846458","30619133","31415505","32236962","32629898","32858771","",
"Senegal","SEN","Rural population","SP.RUR.TOTL","2585382","2651326","2709745","2760523","2805425","2846787","2886776","2927140","2969397","3015691","3069027","3131833","3200275","3271959","3344662","3415686","3484196","3547705","3609016","3673864","3743369","3818086","3897730","3982011","4070732","4165069","4266301","4372947","4482885","4596189","4713637","4834144","4956606","5080713","5204601","5325807","5443249","5558232","5673645","5792363","5914492","6038265","6163747","6287011","6407087","6527162","6646521","6765082","6883842","7002982","7121675","7248045","7382536","7535500","7698448","7840301","7959973","8057240","8132282","8185564","8217266","8227092","8217735","8189280","8282077","",
"Singapore","SGP","Rural population","SP.RUR.TOTL","0","0","0","0","0","0","0","0","0","0","0","0","0","0","0","0","0","0","0","0","0","0","0","0","0","0","0","0","0","0","0","0","0","0","0","0","0","0","0","0","0","0","0","0","0","0","0","0","0","0","0","0","0","0","0","0","0","0","0","0","0","0","0","0","0","",
"Solomon Islands","SLB","Rural population","SP.RUR.TOTL","135893","138621","141363","144109","146924","149694","152462","155255","158088","161042","163985","167020","170362","174107","178284","182814","187945","193695","199717","205949","212349","218908","225626","232514","239591","246846","254213","261779","269625","277641","285791","294074","302489","311023","319688","328482","337378","346327","355256","363876","371085","376987","382601","387965","393107","398057","402842","407460","411932","416775","425738","438328","450908","463446","475875","488110","500065","511628","522645","529544","535795","543812","551814","559932","568018","",
"Sierra Leone","SLE","Rural population","SP.RUR.TOTL","1872953","1890285","1908897","1928480","1947916","1966510","1984291","2001633","2018588","2034986","2051561","2067964","2084870","2103683","2124802","2147737","2171029","2196035","2223655","2252615","2283492","2316067","2350457","2387949","2428168","2470444","2519917","2577373","2637334","2693901","2792681","2816060","2754149","2739461","2741592","2737296","2742112","2769213","2787843","2793199","2851779","3014429","3181307","3299789","3398249","3474411","3533831","3592639","3662238","3739383","3818149","3893207","3965735","4035706","4103329","4168617","4234614","4301344","4366454","4430288","4493307","4554465","4612943","4669414","4721769","",
"El Salvador","SLV","Rural population","SP.RUR.TOTL","1719984","1764437","1809582","1855253","1903428","1954360","2007608","2062275","2117340","2171842","2223420","2271734","2318600","2364270","2407773","2448388","2486070","2522017","2556717","2585275","2596570","2589105","2592323","2612255","2633441","2656044","2677529","2698116","2719002","2738200","2754764","2767394","2776758","2776300","2762681","2742997","2718227","2689173","2656527","2620626","2581569","2539250","2493514","2444618","2393309","2340324","2286471","2237596","2192418","2145330","2097624","2050277","2003961","1959035","1915652","1873764","1835498","1796601","1756615","1716433","1679807","1646281","1623682","1602135","1580271","",
"San Marino","SMR","Rural population","SP.RUR.TOTL","7884","7951","8009","8058","8088","8065","7973","7837","7686","7510","7304","7075","6798","6399","5922","5452","5050","4899","4730","4360","3975","3592","3221","2880","2585","2360","2219","2169","2184","2213","2228","2217","2184","2134","2070","1996","1916","1838","1766","1708","1669","1656","1664","1671","1704","1598","1446","1305","1143","1045","973","946","971","958","947","954","960","981","1001","1005","1008","992","974","971","966","",
"Somalia, Fed. Rep.","SOM","Rural population","SP.RUR.TOTL","2368193","2415542","2463905","2513172","2562719","2612508","2662347","2712503","2763568","2815639","2869533","2924695","2982068","3043536","3106342","3170467","3237499","3312545","3544547","3998426","4342421","4363576","4365999","4494037","4646280","4821769","5006605","5168236","5151797","5044544","5000136","4788846","4544011","4652235","4868733","5021882","5179918","5335230","5528434","5721416","5916669","6115819","6304263","6493276","6686548","6868987","7024518","7182571","7327283","7434859","7531967","7485821","7442768","7559683","7690014","7750979","7756521","7702356","7579349","7752238","7944896","8133796","8277702","8431847","8626800","",
"Serbia","SRB","Rural population","SP.RUR.TOTL","4709453","4678914","4644018","4600729","4551443","4498934","4450482","4394661","4343119","4341476","4300319","4269910","4240383","4208295","4184405","4162810","4147223","4129531","4111738","4093282","4145388","4122297","4100650","4080334","4061990","4043101","4022452","3999880","3977728","3951079","3920023","3735901","3703231","3668862","3631717","3592049","3546479","3493147","3437745","3385801","3337836","3297891","3265296","3225749","3185689","3143659","3100191","3059095","3021348","2989499","2963928","2935500","2927636","2894491","2861420","2828304","2796127","2764729","2734153","2705223","2675260","2640517","2539063","2507308","2477634","",
"Sub-Saharan Africa (excluding high income)","SSA","Rural population","SP.RUR.TOTL","175159713","178611517","182168559","185813688","189566309","193416281","197354808","201403651","205582452","209859767","214241646","218694429","223150676","227842050","232815547","237943493","243174616","248602687","254644444","261234844","267998971","274548345","281139614","287773867","294168414","300603772","307061296","313268627","319278178","325284864","331515808","337288380","343653350","350670148","357308168","364167682","371617819","378918143","386286121","393757423","401265522","408822402","416469220","424159848","431937786","439915335","448013038","456470401","465354540","474576933","484122912","493766377","503509165","513470799","523267460","533094811","542939775","552741756","562748763","572942887","582823206","592456201","601795759","611000815","620128022","",
"South Sudan","SSD","Rural population","SP.RUR.TOTL","2677682","2719579","2763648","2808390","2861220","2916456","2959470","2997543","3038008","3078553","3119134","3173361","3241118","3318946","3406806","3496803","3588774","3682288","3777160","3873228","3970635","4069696","4170738","4264461","4335749","4391778","4442518","4445872","4307443","4152021","4139184","4194436","4232152","4254093","4338301","4455445","4552029","4666263","4745462","4859089","5064519","5282901","5511787","5756142","6021007","6309718","6624426","6962804","7315992","7645001","8036940","8458701","8816655","9124309","9151426","9018311","8764049","8274111","8136301","8348481","8538291","8640347","8731504","9063394","9390287","",
"Sub-Saharan Africa","SSF","Rural population","SP.RUR.TOTL","195047008","198962005","203007470","207164163","211452228","215862107","220356198","224981537","229779926","234689096","239719470","244830299","249944123","255304868","260942326","266708308","272614536","278553154","285042693","292020720","298887672","306151097","313916927","321399996","328597932","335925117","343339484","350692555","358070784","365468939","373084102","380564098","388657574","397160087","405330115","413757386","422740572","431580330","440497543","449558534","458665608","467851275","477168339","486563251","496073370","505804710","515678981","526246987","536582115","547540338","558874288","570326357","581917253","593636107","605196655","616811321","628499948","640190790","652051452","664142280","676078585","687648953","698737751","710083703","721058649","",
"Small states","SST","Rural population","SP.RUR.TOTL","5807165","5858799","5917620","5977663","6033368","6083917","6131685","6174260","6215705","6263883","6315860","6370130","6416317","6454369","6473737","6488915","6522809","6568318","6616425","6673243","6738509","6806473","6872532","6938114","7004527","7073900","7146504","7218634","7291835","7370959","7456845","7549101","7605635","7654724","7711572","7761166","7838348","7926637","8014239","8003918","8004477","8118320","8232547","8320725","8387024","8430731","8504001","8577133","8648083","8715418","8791306","8867118","8941421","9015964","9088506","9159366","9226788","9293050","9373871","9444067","9500628","9559999","9623976","9665203","9707456","",
"Sao Tome and Principe","STP","Rural population","SP.RUR.TOTL","57518","57765","57680","57294","56707","56011","55301","54692","54286","54175","54526","55253","56072","56974","57993","59144","60420","61794","63209","64544","65686","66577","67173","67516","67740","67939","68128","68365","68667","68939","69196","69366","69440","69501","69517","69470","69351","69140","68811","68344","67737","67389","67333","67043","66429","65595","64643","63675","62793","62101","61709","61770","62451","63486","64420","65312","66154","66951","67716","68471","69484","70642","71576","72483","73320","",
"Suriname","SUR","Rural population","SP.RUR.TOTL","103002","100859","100517","102309","105644","109315","113047","116928","120949","125092","129318","133521","135329","134713","133947","133044","132015","130869","129604","128222","127403","127356","127639","128280","129334","130826","132503","133907","135551","137478","138693","139380","140085","140518","141376","143646","146585","149533","152521","155576","158715","161932","165192","168431","170912","172764","174841","177129","179560","182063","184588","187087","189533","191940","194333","196689","198999","201241","203419","205737","208137","210175","212508","215354","217203","",
"Slovak Republic","SVK","Rural population","SP.RUR.TOTL","2710267","2771920","2779020","2779972","2778139","2771888","2760899","2745698","2726742","2706598","2677060","2645633","2620260","2592895","2563618","2532803","2501854","2472298","2444931","2421955","2402417","2385906","2370963","2354904","2338761","2323992","2310515","2299048","2291321","2287755","2289419","2289581","2291386","2302420","2314810","2325758","2335551","2345266","2354179","2362546","2365331","2366871","2372422","2378331","2386131","2395252","2404634","2414778","2426253","2438640","2449591","2460759","2472537","2482669","2492421","2501996","2512291","2523118","2533394","2543451","2552100","2549848","2542588","2540213","2537964","",
"Slovenia","SVN","Rural population","SP.RUR.TOTL","1137102","1130003","1122952","1118546","1115230","1112921","1112669","1111107","1105898","1096362","1087199","1078515","1067776","1054677","1036862","1022814","1013750","1002733","992264","984357","979417","972008","965857","964121","961998","960706","968028","976675","978240","992915","987420","989176","985010","988758","991229","990898","988850","985519","981105","979576","980590","980895","981818","982791","984278","987258","992050","999561","1003341","1014858","1021844","1027522","1033477","1029015","1010711","956215","957203","924810","929284","930327","938007","942214","943300","942802","941209","",
"Sweden","SWE","Rural population","SP.RUR.TOTL","2060649","2003984","1944203","1882001","1822917","1769932","1717206","1657215","1594852","1542366","1508661","1485713","1462887","1442448","1428116","1420179","1415080","1411107","1407634","1405233","1405453","1406764","1407431","1407982","1409162","1411325","1413520","1414252","1414620","1416764","1420409","1422292","1420879","1418780","1419738","1421137","1420167","1418690","1417565","1416569","1415989","1415995","1416011","1415810","1414946","1413128","1411535","1409658","1405835","1400905","1394206","1383358","1368404","1351256","1332596","1311536","1290001","1283626","1274573","1263394","1248376","1231757","1216081","1197887","1177891","",
"Eswatini","SWZ","Rural population","SP.RUR.TOTL","331330","337334","343327","349421","355813","362759","370215","377181","383570","390118","396850","403810","411042","418594","426559","435022","444269","454284","464414","474427","484545","495011","506046","517770","530562","547169","567656","589652","617038","645983","672338","699585","726446","747698","747436","746709","761567","774474","784832","794202","803545","812372","820335","827426","833762","839369","844227","849223","854653","859429","863384","866729","869603","872215","874645","876926","879052","882484","887709","892622","898539","904756","909353","912935","916583","",
"Sint Maarten (Dutch part)","SXM","Rural population","SP.RUR.TOTL","0","0","0","0","0","0","0","0","0","0","0","0","0","0","0","0","0","0","0","0","0","0","0","0","0","0","0","0","0","0","0","0","0","0","0","0","0","0","0","0","0","0","0","0","0","0","0","0","0","0","0","0","0","0","0","0","0","0","0","0","0","0","0","0","0","",
"Seychelles","SYC","Rural population","SP.RUR.TOTL","30228","31004","31605","32053","32382","32619","32772","32852","32879","32870","32850","32757","32650","32025","31423","31073","30913","31258","31443","31717","32012","32411","32611","32582","32788","33070","33293","34756","34927","35218","35512","36150","36517","37528","38818","40023","41688","43007","44190","45319","45922","46109","47643","47181","47074","47352","48401","48693","49829","50047","51474","50126","50575","51437","52131","53160","53699","54154","54440","54665","54850","54986","66040","65759","66393","",
"Syrian Arab Republic","SYR","Rural population","SP.RUR.TOTL","2804071","2872005","2940569","3012818","3088733","3168176","3250981","3336808","3425450","3516944","3611637","3711236","3815088","3920996","4029692","4142811","4260648","4383017","4509435","4638900","4771479","4907510","5048965","5201391","5365156","5535926","5711370","5890580","6072263","6253965","6435097","6614098","6791163","6966690","7138571","7301758","7454138","7598653","7738420","7874640","8006682","8135967","8263259","8389650","8526647","8687835","9021293","9546468","9826062","9883182","9960567","9498581","7945509","5836623","4865678","4709905","4768898","4894685","5078246","5327562","5596516","5837083","6151828","6567002","6889588","",
"Turks and Caicos Islands","TCA","Rural population","SP.RUR.TOTL","2933","2937","2932","2922","2907","2886","2861","2838","2814","2788","2773","2795","2854","2919","2987","3057","3126","3195","3264","3329","3398","3473","3518","3522","3490","3425","3338","3236","3131","3040","2998","2999","3002","2999","2993","2982","2966","2946","2925","2902","2882","2871","2881","2896","2902","2901","2894","2885","2876","2868","2862","2859","2880","2922","2945","2975","3009","3027","3042","3047","3020","2965","2892","2803","2714","",
"Chad","TCD","Rural population","SP.RUR.TOTL","2848752","2896559","2945079","2994576","3043950","3090382","3133750","3175461","3217131","3260278","3306104","3354333","3407494","3454194","3488883","3514365","3535915","3561324","3600340","3660821","3653777","3644045","3805603","3985545","4026032","4055501","4168192","4307159","4446743","4592294","4714409","4884385","5091609","5209838","5328352","5565635","5814939","6016492","6224483","6444554","6668989","6895557","7137908","7427009","7763640","8081535","8376387","8669082","8977266","9303480","9622617","9954526","10290550","10638298","10992047","11307798","11621360","11957449","12303423","12635201","12964294","13329981","13700570","14232250","14832259","",
"East Asia & Pacific (IDA & IBRD countries)","TEA","Rural population","SP.RUR.TOTL","715547856","717473822","739487827","761234229","769147109","789719359","811582888","832757790","854740610","878143464","902264838","926753869","949719545","970267961","991553369","1008636103","1023995003","1038214454","1049844942","1054738485","1065133626","1072674906","1085304494","1091208562","1092412119","1100837902","1108561688","1117206440","1129009176","1141160094","1157312746","1163672764","1170922368","1176959764","1182520392","1187329736","1180490039","1173174042","1164763782","1155111145","1141657107","1132800486","1120509047","1107357433","1096349408","1085069952","1072005648","1056285659","1045993110","1031613483","1023146080","992315984","979814363","965344030","952008158","933603776","915695964","898816158","879811503","863515849","852341171","834194352","825410331","819140966","812348885","",
"Europe & Central Asia (IDA & IBRD countries)","TEC","Rural population","SP.RUR.TOTL","171548039","171721136","172361044","172861300","173183628","173369927","173151937","172968134","172601711","171998056","171288708","170747699","169847112","168861368","167844247","167013711","166461939","166176613","165780496","165421292","165193072","164900402","164549203","164313999","164269665","164351846","164284039","164183203","164096754","164186526","164449175","164639771","165272160","165799301","165930282","165906394","165679725","165363045","164914840","164654367","163670106","162800471","161930051","161051871","160522723","160053524","159243787","158150521","157448402","156948181","156242046","155272085","153678888","150608703","147206747","144845274","144525030","144881493","145041340","144865079","144614725","144173485","143301057","142350477","142197106","",
"Togo","TGO","Rural population","SP.RUR.TOTL","1494961","1505289","1512695","1518998","1528687","1547186","1577039","1617400","1664611","1714671","1765049","1811972","1854562","1895146","1935559","1976097","2016927","2058300","2100908","2146966","2199065","2258058","2322943","2391018","2459561","2525776","2589887","2654873","2720683","2786390","2852150","2917777","2983119","2946292","2938545","3049750","3144851","3224820","3295746","3367736","3438711","3506801","3572699","3639368","3708384","3778626","3859146","3945737","4032679","4119845","4204194","4289097","4372673","4454926","4536976","4619661","4703297","4787476","4871578","4955488","5039001","5121884","5205399","5280241","5346150","",
"Thailand","THA","Rural population","SP.RUR.TOTL","23676285","24342250","25036860","25757559","26501359","27265913","28042893","28826734","29613976","30397011","31174511","31926075","32654920","33370393","34055980","34710653","35331463","35945119","36566121","37193241","37850987","38526265","39209636","39910664","40615791","41312172","41991838","42649499","43286709","43883858","44443610","44867782","45095794","45154780","45060189","44850248","44555908","44209000","43852316","43511636","43183905","42809972","42368755","41887298","41375174","40844872","40311791","39789245","39290197","38829607","38403205","38088617","37930464","37833607","37696443","37420407","36932071","36127175","32415893","31522285","30636852","29760547","28878940","28011135","27327777","",
"Tajikistan","TJK","Rural population","SP.RUR.TOTL","1406781","1440914","1476649","1514239","1553592","1594725","1638255","1684898","1735245","1789274","1846803","1908157","1974757","2046610","2123081","2203601","2287446","2373660","2460324","2544548","2626872","2709632","2795176","2884580","2978115","3079076","3190809","3313590","3444799","3564305","3677451","3807027","3919682","4013950","4127666","4257735","4381891","4468770","4520803","4558593","4617048","4707211","4798579","4891847","4988826","5087420","5185044","5285672","5391481","5503133","5622225","5752843","5897546","6040252","6187441","6355052","6527600","6698782","6865659","7039779","7195718","7355663","7514916","7668813","7818349","",
"Turkmenistan","TKM","Rural population","SP.RUR.TOTL","878366","902323","927219","952793","978824","1005158","1031748","1058681","1086159","1114464","1143876","1174207","1205367","1237517","1270869","1305302","1340777","1377298","1414955","1454251","1496358","1541997","1590884","1642818","1697958","1757175","1819989","1884720","1949185","2010224","2068253","2124798","2177357","2228576","2276749","2317299","2351854","2381611","2408453","2437664","2471270","2507349","2547253","2592440","2640802","2689171","2737951","2787893","2840038","2895202","2953717","3015635","3080835","3149107","3220179","3293735","3369378","3446563","3524606","3602725","3679652","3754659","3827721","3898153","3965524","",
"Latin America & the Caribbean (IDA & IBRD countries)","TLA","Rural population","SP.RUR.TOTL","107281180","108768474","110234072","111652004","113010344","114284924","115459592","116532557","117504953","118385501","119169725","119774306","120219271","120494451","120626295","120646364","120598040","120553922","120578656","120709154","121014874","121432642","121876015","122372482","122889229","123386015","123849355","124285930","124705989","125100649","125474239","125787171","126072486","126350770","126552802","126615434","126468265","126020534","125336218","124621689","124079354","123714343","123403543","123194473","123109497","123135075","123313222","123515294","123726307","123929907","124110274","124300335","124475770","124562922","124580580","124509332","124381263","124214217","124102758","123815195","123368415","122835603","122340321","121799884","121170802","",
"Timor-Leste","TLS","Rural population","SP.RUR.TOTL","420912","427172","433513","439906","446350","452824","459336","465889","472473","479070","485665","492219","498663","504829","509161","512791","518103","524320","530197","535517","541738","547419","551400","555258","559508","564412","569828","575881","582751","591135","600673","612196","626173","640966","656429","672259","688326","704806","721402","636213","565418","613495","660683","685264","690264","698813","711727","723508","735010","747492","763181","781215","798805","815910","832694","849565","866620","884202","902759","922176","942003","961397","977872","988443","999158","",
"Middle East, North Africa, Afghanistan & Pakistan (IDA & IBRD)","TMN","Rural population","SP.RUR.TOTL","108248795","110120610","112002767","113974799","116054135","118291678","120684929","123053590","125533092","128057484","130615841","133134070","135656247","138330028","141098573","144072951","147308547","150486295","153823047","157216855","160692180","164079421","167573623","171490525","175622466","179821053","184105396","188412240","192918320","197590046","202322238","207120556","211830407","216792114","221480826","225967536","230493950","234679641","239072537","243507943","247735900","251937564","256437142","261167664","265909375","270739346","275857325","280773084","285665143","290740215","295650454","300081024","303362195","305840051","309311700","313110951","316935226","321024938","325355386","329634814","333895502","338060764","342034859","346191423","350569979","",
"Tonga","TON","Rural population","SP.RUR.TOTL","54087","55312","56583","57911","59313","60798","62367","63770","64971","66171","67363","68541","69692","70833","72313","74152","75963","77037","77354","77538","77612","77600","77520","77385","77221","77053","76905","77023","77317","77490","77561","77561","77520","77457","77397","77353","77326","77587","78101","78577","79035","79481","79909","80339","80779","81211","81623","81940","82096","82159","82242","82333","82251","82003","81723","81435","81119","81155","81601","82074","82580","83065","82829","82477","82141","",
"South Asia (IDA & IBRD)","TSA","Rural population","SP.RUR.TOTL","425050831","434946313","444924886","454949565","465090773","475001979","484570746","494299204","504155198","513917871","524105455","533834493","543447961","553680838","563957382","574199028","584217293","594293443","604298764","614826531","626296249","638542848","651414225","664663660","678251683","692087862","706156519","720293571","734424416","748659295","762882676","776945924","791116430","805366897","819430782","833498728","847615563","861645401","875553022","889237289","902635866","915665665","927790917","938833110","949239425","958721334","967384448","975379177","982699862","990052649","997551898","1005293056","1013669413","1021124488","1028633569","1035602697","1042652525","1049431135","1055625236","1061401674","1066665249","1070642234","1074275601","1078396890","1082536026","",
"Sub-Saharan Africa (IDA & IBRD countries)","TSS","Rural population","SP.RUR.TOTL","195047008","198962005","203007470","207164163","211452228","215862107","220356198","224981537","229779926","234689096","239719470","244830299","249944123","255304868","260942326","266708308","272614536","278553154","285042693","292020720","298887672","306151097","313916927","321399996","328597932","335925117","343339484","350692555","358070784","365468939","373084102","380564098","388657574","397160087","405330115","413757386","422740572","431580330","440497543","449558534","458665608","467851275","477168339","486563251","496073370","505804710","515678981","526246987","536582115","547540338","558874288","570326357","581917253","593636107","605196655","616811321","628499948","640190790","652051452","664142280","676078585","687648953","698737751","710083703","721058649","",
"Trinidad and Tobago","TTO","Rural population","SP.RUR.TOTL","696930","706598","708541","704420","695343","682360","666646","649619","632931","618208","606713","596579","586209","575820","565498","555624","546875","539898","535309","533589","534945","537499","539798","542111","544464","547830","551946","555494","558484","561101","563473","565738","567990","570127","572069","573767","575222","576539","577872","579495","581636","584562","588352","592796","597737","577475","581761","587226","593102","597513","604963","611880","615185","617654","619854","621837","623770","625010","626160","628330","629544","629868","628989","629688","629966","",
"Tunisia","TUN","Rural population","SP.RUR.TOTL","2668495","2683019","2698890","2716145","2733748","2753291","2779723","2805754","2824165","2835316","2840004","2842625","2847558","2859578","2883768","2925083","2977337","3033668","3089870","3144276","3199980","3255207","3306314","3349842","3395734","3440355","3471442","3490835","3498949","3497741","3491572","3487408","3488168","3494113","3505137","3515778","3524591","3532917","3540475","3547115","3552809","3557606","3561600","3564794","3565550","3565408","3567341","3571062","3577369","3585422","3592822","3601189","3610075","3620947","3635680","3662317","3681989","3694631","3700428","3702574","3699467","3686908","3671293","3656876","3639115","",
"Turkiye","TUR","Rural population","SP.RUR.TOTL","21690912","22202995","22711348","23212497","23691175","24123278","24519061","24856665","25125620","25350301","25556499","25783045","26008601","26204482","26375078","26517517","26670461","26851156","27025930","27173474","27297908","27369128","27426468","27505345","27552199","27582491","27592290","27563115","27517626","27472001","27430071","27393771","27375407","27385771","27414584","27421214","27388321","27324279","27220837","27065775","26843871","26582682","26324340","26057894","25764177","25422977","25015023","24317530","23792613","23167705","22420172","21522720","19711953","16355111","12655911","9998894","9432416","9611786","9634075","9363009","9230424","9107933","9315399","9367217","9112601","",
"Tuvalu","TUV","Rural population","SP.RUR.TOTL","4906","4945","4985","5025","5015","4964","4916","4866","4825","4822","4844","4859","4861","4845","4935","5057","5092","5083","5075","5098","5144","5187","5222","5251","5267","5292","5321","5327","5323","5316","5308","5306","5304","5297","5291","5284","5274","5262","5246","5224","5200","5168","5125","5090","5065","5028","4975","4921","4868","4815","4771","4739","4713","4661","4580","4504","4429","4353","4240","4101","3960","3812","3666","3533","3403","",
"Tanzania","TZA","Rural population","SP.RUR.TOTL","9417442","9688208","9971863","10266732","10576937","10900338","11235852","11585369","11947477","12304617","12648002","12982228","13316966","13651090","13988152","14338717","14706769","15099260","15517055","15943492","16355909","16765769","17191136","17672028","18165784","18676238","19211707","19754174","20264537","20714608","21167772","21620611","22078757","22694097","23492838","24151116","24502426","24902731","25459547","26033916","26656301","27244778","27802318","28366014","28931623","29501678","30070432","30632420","31168102","31635341","32137984","32742656","33404597","34141487","34921640","35787219","36730728","37677729","38581253","39441529","40330625","41248158","42176917","42985142","43763014","",
"Uganda","UGA","Rural population","SP.RUR.TOTL","7307602","7504751","7707612","7919227","8140039","8369649","8609469","8861855","9128953","9405228","9684790","9956105","10201144","10438234","10696341","10972797","11259527","11554766","11857715","12137448","12378896","12618714","12882216","13165877","13476671","13808895","14161690","14550024","14963651","15399245","15854660","16339344","16865981","17422695","17983529","18448784","18920723","19441810","19989226","20601924","21206178","21800597","22417147","23034283","23591269","24106949","24594354","25058839","25498369","25911863","26301634","26664922","26998714","27302541","27590057","28156922","28829571","29564962","30289833","31029837","31769092","32488275","33154295","33764793","34371487","",
"Ukraine","UKR","Rural population","SP.RUR.TOTL","22540961","22465317","22509016","22497421","22420226","22293653","22139033","21983697","21780593","21560567","21338116","21068318","20802671","20576818","20363876","20116396","19861387","19612219","19324577","19084377","18892062","18706109","18524796","18326601","18102174","17880472","17682343","17473910","17261505","17088056","16963808","16855768","16816649","16794985","16707588","16615138","16536085","16439781","16345867","16251759","16153560","16070228","15933401","15741226","15546753","15316075","15115313","14961154","14806466","14674752","14569812","14483508","14406355","14330375","14225954","14120643","14045320","13965535","13871992","13778218","13679273","13554186","12551293","11517780","11535417","",
"Upper middle income","UMC","Rural population","SP.RUR.TOTL","845109478","847842316","870783422","893294068","901914035","923109797","945597196","967172876","989430197","1012980543","1037036966","1061344464","1083937077","1103732031","1122960154","1138036618","1152479538","1165279635","1175653286","1179545616","1188995764","1195740145","1207461786","1212018936","1211789147","1218822635","1225250687","1232434269","1242642977","1253216479","1267802148","1272456653","1277686485","1281498263","1284685945","1286980219","1277654225","1267089951","1255377031","1242505737","1226256716","1214918212","1200162139","1184668084","1171675700","1158647140","1143707596","1125345180","1113051354","1097358453","1087551101","1055369761","1040929878","1023032677","1005757672","984290270","965251851","947947536","928845699","911901558","899931614","881082478","871190129","863246144","855222936","",
"Uruguay","URY","Rural population","SP.RUR.TOTL","501766","502923","503837","504514","505032","505504","505862","505957","505615","504627","502980","500819","498168","495053","491533","487491","482085","474710","465580","454991","443286","431024","418795","406940","395713","385607","376300","366939","357474","347980","338597","329506","320857","312840","305711","299698","295023","291625","289062","286979","284912","282374","279077","274766","269187","260191","247221","231967","215970","200799","188053","179526","174753","171132","168160","165706","163607","161668","159738","158040","156361","154559","152668","150974","149071","",
"United States","USA","Rural population","SP.RUR.TOTL","54237604","54288796","54238660","54127421","54007260","53857528","53730454","53671412","53697776","53877941","54348512","54961569","55490609","55974663","56449803","56974972","57484061","58024205","58589783","59170178","59645189","60088055","60456084","60747701","60960641","61140872","61303695","61411756","61496994","61577988","61735385","61871521","61834414","61601293","61201619","60717494","60203255","59751199","59367818","59122107","59045053","58964003","58830558","58667555","58572497","58523640","58568078","58693945","58927425","59252805","59710696","60198252","60718528","61252046","61858632","62526107","63256476","64009187","64784532","65614368","66323993","66395123","66694916","67120224","67597808","",
"Uzbekistan","UZB","Rural population","SP.RUR.TOTL","5390889","5543694","5742705","5956636","6178519","6397158","6616562","6819170","7013439","7232808","7452077","7667862","7840204","7996612","8165425","8330343","8501084","8684165","8793804","8989977","9204089","9433081","9683945","9943374","10256306","10612990","10937749","11236612","11520156","11863402","12121067","12350399","12562359","12733350","12861366","12953423","13013812","13042440","13041944","13015259","12970297","12923957","12888595","12866766","12866399","12894327","12958679","13075356","13254033","13519700","13814611","14025497","14240022","14526835","14843458","15171809","15436676","15693620","15998494","16287196","16535565","16804412","17125419","17470884","17817795","",
"St. Vincent and the Grenadines","VCT","Rural population","SP.RUR.TOTL","50540","51152","51663","52106","52503","52873","53225","53573","53919","54280","54688","55129","55583","56035","56472","56896","57311","57725","58124","58481","58854","59299","59769","60226","60674","61106","61511","61883","62216","62519","62775","62948","63035","63067","63058","63005","62910","62781","62658","62616","62574","62417","62203","61960","61662","61321","60952","60558","60152","59738","59309","58847","58384","57926","57469","57026","56565","56066","55540","55004","54532","54037","53486","52975","52473","",
"Venezuela, RB","VEN","Rural population","SP.RUR.TOTL","3107366","3142492","3170628","3190998","3204631","3212268","3215060","3213995","3210000","3204126","3198420","3195513","3194332","3192403","3189436","3185969","3182500","3179334","3176569","3174236","3172259","3171114","3170952","3172075","3174113","3176560","3179546","3182426","3183733","3182322","3177456","3165695","3142778","3110444","3071405","3028820","2986207","2947302","2915728","2894999","2889375","2904472","2936451","2971893","3007187","3043223","3079907","3116572","3152794","3188912","3226307","3266430","3298152","3326631","3353244","3377207","3386862","3353391","3259173","3153382","3089054","3056280","3043276","3042447","3043410","",
"British Virgin Islands","VGB","Rural population","SP.RUR.TOTL","6985","7042","7051","7060","7072","7110","7202","7356","7609","8009","8293","8377","8442","8498","8548","8580","8601","8606","8600","8581","8618","8767","8936","9066","9158","9221","9271","9322","9391","9490","9642","9826","9998","10165","10346","10540","10746","10971","11211","11466","11744","12057","12335","12649","12977","13314","13663","14023","14396","14758","14850","15237","15920","16434","16872","17426","16878","16057","16763","17327","17390","17402","17322","17293","17167","",
"Virgin Islands (U.S.)","VIR","Rural population","SP.RUR.TOTL","14323","15654","16988","20843","23167","26717","30458","34344","40732","45293","47977","53363","56806","61639","64592","66257","65650","61801","61695","59969","60222","58260","55923","53316","50432","47288","43948","40489","36966","33443","30792","27485","24276","21194","18283","15593","13202","11199","9633","8561","8014","7673","7358","7077","6826","6605","6407","6239","6101","5982","5881","5788","5696","5607","5524","5449","5382","5325","5278","5242","5211","5124","5042","4958","4873","",
"Viet Nam","VNM","Rural population","SP.RUR.TOTL","27565786","28156393","28762232","29430715","30067169","30618449","31046077","31393106","31742306","32211504","32892702","33680614","34482759","35286654","36101219","36930666","37944367","39340016","40579162","41519518","42433273","43455132","44496375","45579845","46695754","47799381","48846437","49852392","50873606","51925320","52945034","53888228","54727554","55456334","56076445","56592456","57008982","57386049","57772272","58114844","58353698","58516835","58642697","58738324","58806440","58846932","59123229","59676062","60287565","60731129","60999616","61308892","61652694","62012307","62389762","62766068","63123317","63423466","63573389","63528412","63191768","62671362","62252711","62088011","62117455","",
"Vanuatu","VUT","Rural population","SP.RUR.TOTL","59292","60798","62360","63977","65647","67373","69169","71033","72908","74806","76746","78740","80804","82933","85124","87386","89718","92118","94590","96799","98579","100293","102140","104107","106173","108332","110575","112896","115302","117772","120277","122828","125445","128087","130715","133307","135842","138309","140727","143148","145938","149130","152379","155650","158955","162281","165637","169065","172604","176210","179299","183126","187114","191267","195557","199941","204431","209536","216018","223361","231858","237812","243380","249069","254726","",
"World","WLD","Rural population","SP.RUR.TOTL","1987140930","2005778048","2044996810","2083751015","2108516011","2145596968","2183239991","2220245248","2258365835","2297975380","2339157269","2380965213","2420258287","2457622402","2495745608","2530783112","2564431380","2597189263","2628326794","2653809677","2685672068","2716111693","2752709710","2783183213","2809239886","2843012160","2876140048","2910107623","2947458537","2985803231","3029506951","3062508562","3097392095","3131513981","3163599207","3194539694","3213881360","3231800787","3248710031","3264588038","3275715844","3290914228","3301377493","3309802502","3320077830","3330151115","3338557853","3344285972","3355199897","3363338164","3377482051","3369397786","3379116132","3383549604","3389636217","3391568198","3396003524","3402289161","3405946200","3411481253","3421327863","3421067268","3429885381","3442550308","3455100410","",
"Samoa","WSM","Rural population","SP.RUR.TOTL","91238","93611","96044","98526","100967","103351","105716","107686","109162","110519","111833","113181","114579","115962","118107","121068","123953","125981","127215","128366","129475","130530","131221","131657","132075","132451","132816","133273","133633","133692","133607","133610","134176","135122","136018","136935","137928","138915","139831","140782","141800","142915","143992","145042","146153","147273","148371","149692","151318","153010","154746","156515","158223","159831","161405","162971","164577","166457","168714","171150","173685","176224","177589","178744","179859","",
"Kosovo","XKX","Rural population","SP.RUR.TOTL","796902","812648","826448","839479","853015","867627","883522","900909","911497","915125","919661","928568","941293","954625","969493","986046","1004252","1023897","1044828","1066688","1089278","1109286","1125043","1139548","1154462","1170159","1187035","1206019","1221749","1233140","1245648","1262829","1282694","1301830","1320940","1340014","1358602","1375621","1300856","1170512","1126861","1137351","1142790","1140397","1137550","1134146","1130097","1125469","1120524","1115430","1110274","1110551","1116267","1115867","1102286","1074436","1052705","1043129","1027254","1001775","980522","955560","922943","856300","792052","",
"Yemen, Rep.","YEM","Rural population","SP.RUR.TOTL","5344203","5451935","5562543","5673798","5791296","5917437","6049654","6188366","6333339","6486242","6639949","6791229","6945475","7102365","7262923","7428563","7600056","7777303","7960932","8155431","8362842","8581707","8812005","9055870","9315094","9590507","9877064","10172198","10472892","10775510","11085006","11402420","11728237","12063223","12407377","12756178","13088943","13408871","13734300","14065572","14403043","14744182","15089236","15442648","15808948","16214603","16659568","17117704","17587232","18070807","18561315","19053234","19561444","20096163","20595416","21067380","21528706","21986041","22424435","22855154","23233792","23743565","24339322","24985269","25645414","",
"South Africa","ZAF","Rural population","SP.RUR.TOTL","8763810","8984496","9230084","9490739","9763654","10048786","10346571","10656935","10977336","11304644","11635200","11964499","12297904","12641236","12990019","13342006","13694224","14054318","14425537","14800153","15231730","15727124","16239720","16765995","17293145","17801383","18249629","18626288","18957588","19265276","19571251","19843439","20084052","20395773","20645069","20802591","20948398","21004911","20959643","20822639","20628135","20453042","20325486","20189514","20038599","19883029","19735497","19613148","19541470","19522712","19561018","19687386","19920172","20202500","20494908","20868796","21028514","21134175","21465749","21801583","22143236","22478960","22782673","23020452","23239858","",
"Zambia","ZMB","Rural population","SP.RUR.TOTL","2610543","2663504","2716806","2770070","2814919","2848015","2874545","2898822","2926514","2962313","2997097","3024854","3052887","3082901","3116395","3155418","3201294","3255225","3319276","3395691","3488331","3596828","3715393","3839063","3961829","4086069","4214212","4342768","4469322","4595201","4721222","4848561","4979823","5116520","5260171","5411756","5583929","5784629","6000150","6216846","6423952","6620029","6807170","6987120","7165334","7348053","7539825","7739654","7947830","8162922","8385517","8609482","8833364","9059503","9288670","9518767","9752138","9988714","10224899","10462210","10699096","10931878","11164959","11392257","11622964","",
"Zimbabwe","ZWE","Rural population","SP.RUR.TOTL","3334472","3428659","3525543","3622149","3716752","3810562","3904596","4000088","4099011","4203272","4307700","4412102","4522822","4640624","4764972","4889466","5010423","5108483","5150454","5198286","5468891","5782746","5967618","6146904","6307637","6459841","6604301","6747795","6885932","7012728","7137453","7267183","7431160","7507140","7484869","7525284","7623737","7742855","7872934","7981669","8039129","8081042","8151528","8244544","8331174","8407807","8508867","8619996","8722637","8844121","8985157","9142008","9286563","9402994","9495800","9566522","9624522","9672329","9710970","9745612","9780423","9814932","9849444","9920197","9998361","",
