"Data Source","World Development Indicators",

"Last Updated Date","2026-04-08",

"Country Name","Country Code","Indicator Name","Indicator Code","1960","1961","1962","1963","1964","1965","1966","1967","1968","1969","1970","1971","1972","1973","1974","1975","1976","1977","1978","1979","1980","1981","1982","1983","1984","1985","1986","1987","1988","1989","1990","1991","1992","1993","1994","1995","1996","1997","1998","1999","2000","2001","2002","2003","2004","2005","2006","2007","2008","2009","2010","2011","2012","2013","2014","2015","2016","2017","2018","2019","2020","2021","2022","2023","2024","2025",
"Aruba","ABW","Population ages 0-14 (% of total population)","SP.POP.0014.TO.ZS","42.5121080805506","42.1754815261297","41.8670099431818","41.4322430111488","40.8467692948507","40.1770063584808","39.4841083917573","38.9622057788966","38.6273796121518","38.2849014427962","37.8995937269404","37.4299299937905","36.607211077247","35.4821613345559","34.3526496124547","33.2415210688592","32.1098072497593","31.0261579229731","30.1033717331778","29.332267028564","28.7270910233885","28.3276587543764","27.9256847347251","27.4706203989128","27.0539392936765","26.5552963722187","25.9472033825043","25.2870300277567","24.7470472363081","24.6805489824894","25.3953719367405","26.8119862344649","27.5359898945168","27.3027866303652","27.0059081379836","26.3560683895782","25.4841874569965","24.7859296110669","24.2274132518472","23.7708377904859","23.4471026289551","23.1659376557223","22.8248439184272","22.4569385765356","22.0764382459434","21.7605858007004","21.560395209267","21.4226552227525","21.2934987653942","21.1480881187169","20.8013904218712","20.2424218417326","19.7443091088652","19.3954610828072","19.1695083315195","19.0345012933786","18.9447161983873","18.8483928478537","18.7157058027661","18.5363666928163","18.2545705094483","17.9005745737184","17.5446735076358","17.1852490075367","16.8448764869454","",
"Africa Eastern and Southern","AFE","Population ages 0-14 (% of total population)","SP.POP.0014.TO.ZS","43.9922447853637","44.098692399061","44.2061200195382","44.3327927788709","44.460765390151","44.6012266522024","44.7567527335951","44.9011423499775","45.0315500370224","45.1525564322774","45.2797298346223","45.4164356135535","45.5532894267334","45.6698919444424","45.7404412084287","45.7812639496345","45.830750371547","45.8691841839522","45.8631906983585","45.8558595366547","45.839499968816","45.8120216546462","45.7812629804892","45.7097874217394","45.6176636976819","45.5311309369511","45.4566843395965","45.3912372204882","45.3290244837756","45.2758367335296","45.2221462480327","45.1608195838455","45.148388320097","45.1218719294294","45.0374935795639","45.0237175208672","45.136961636161","45.2082187135723","45.1200529270734","44.9769244241346","44.8366274033551","44.6906949633936","44.5502929168905","44.4233457683668","44.3087723922456","44.2116638816274","44.1245282695993","44.0337984451356","43.9353014651637","43.8317919110391","43.7004762121342","43.5308898341773","43.3482534252719","43.1559550188787","42.9534644221156","42.7233815091694","42.4979802213119","42.2500793269185","41.9546758302857","41.666632698703","41.3817331495154","41.1058662123151","40.8389553211614","40.5689926144967","40.3019379766906","",
"Afghanistan","AFG","Population ages 0-14 (% of total population)","SP.POP.0014.TO.ZS","41.9467543238724","42.0285881948318","42.1128139299813","42.2359518004449","42.4095387983149","42.6422367019717","42.9102864247869","43.1724224318789","43.4292236863493","43.6819809448846","43.9262709832108","44.1603244560755","44.3879908848683","44.6099459043406","44.828404780399","45.0409559953011","45.2460024237642","45.4464744934067","45.6448512688701","45.8463094209124","46.0564282346879","46.266479783467","46.4710839714547","46.6476817785558","46.820695193567","47.0002324349698","47.160217488968","47.2958582892764","47.421250409388","47.5389730983971","47.6732698747931","47.8412524545753","48.0389617465537","48.2471626506072","48.4838695117337","48.7431804906358","49.0096387680058","49.2884207733308","49.5648968184778","49.8183244091367","50.0249300470877","50.1686895194398","50.2378974724481","50.2402911285679","50.1769146598586","50.0495665421968","49.8559368554896","49.5860532125","49.2514090938579","48.8782053353369","48.4673299618618","48.0397975201334","47.6053053475006","47.161386009242","46.7130662681856","46.2593370280565","45.801448689147","45.3646045386981","44.9596071789272","44.5768321059625","44.2241042439322","43.90812524631","43.5798414355935","43.2262038611198","42.8875055536677","",
"Africa Western and Central","AFW","Population ages 0-14 (% of total population)","SP.POP.0014.TO.ZS","41.506894454993","41.6050961181081","41.7233285797139","41.8891478563443","42.0943271862316","42.2790527553417","42.4391965202319","42.6018526054308","42.7673852261108","42.9369667903684","43.1024962464527","43.2743154823411","43.4529868829673","43.6255135646177","43.8011081190954","43.9845131182926","44.1797773865021","44.3747241972695","44.5639761594645","44.7429063094807","44.9171772970931","45.0830713188726","45.2169331138607","45.346063375807","45.4850101616949","45.6013996098755","45.6813833183506","45.7273072053189","45.7363038575381","45.7113903288381","45.6596337997615","45.5815070531482","45.471514202167","45.3382554536637","45.199333756456","45.0602251830553","44.932227462633","44.8139231865635","44.6775411274644","44.5513755166495","44.467746800595","44.4206771445523","44.3854145257571","44.3494393194568","44.3214394217304","44.3128012408321","44.3268454999052","44.3452916751677","44.3297440300838","44.2878798984388","44.2544852529204","44.2207596640689","44.1909213002951","44.152106153296","44.1009945008649","44.027036068018","43.8915216631381","43.7002709327505","43.4670694818547","43.1925596083777","42.8696578039653","42.5112354003656","42.1309753627365","41.7189552341143","41.2951130365132","",
"Angola","AGO","Population ages 0-14 (% of total population)","SP.POP.0014.TO.ZS","41.2698450623837","41.6412945302097","42.0557123192076","42.5288074670138","43.0921837045474","43.6724429149611","44.2116219688423","44.7044625950516","45.1379561556768","45.513052847267","45.9379273604306","46.2633168321955","46.2588041891643","46.0711998131651","45.8567927653191","45.6486617278098","45.4559647316138","45.2485193867936","45.0330607510479","44.846440268493","44.6779863684839","44.5428171321874","44.4448265946696","44.3635832172967","44.3195370636333","44.3452910049826","44.4576157709548","44.6361364687985","44.8276038272062","45.0101222914462","45.181731220336","45.3597336256158","45.5248219885964","45.6742033850195","45.8040631590094","45.8662614824853","45.8693379770041","45.8333590545286","45.7703024597988","45.701307400486","45.6185056396105","45.525249508015","45.4313597716766","45.3374446714258","45.2520891594777","45.1862188384156","45.1406198234859","45.1122542818953","45.108712753413","45.1244934507146","45.140169544094","45.1495594157183","45.1630895556546","45.1839857033772","45.2258854448141","45.2743037648043","45.2826022073757","45.2508263728476","45.1972407715653","45.1127665227853","45.019550533902","44.9092503744813","44.7578771438631","44.5722650283786","44.3509627519372","",
"Albania","ALB","Population ages 0-14 (% of total population)","SP.POP.0014.TO.ZS","41.1750547324551","41.7226844628575","42.0298004338967","42.1906061849454","42.2534737052467","42.2860384139466","42.3135215632259","42.3204293906883","42.2706481551748","42.113875991772","41.8455593304571","41.4970389155755","41.074571734908","40.5806907113802","40.0225097847338","39.3972321831926","38.7116522875192","37.9899357106553","37.3141493571834","36.7463897848294","36.2623637501572","35.8303591618875","35.4123904622823","34.9819457304837","34.5582972844809","34.1833921714443","33.822108190949","33.4303108908253","33.1342620215449","32.9374533316505","32.6946954300319","32.4170684693014","32.1576901271317","31.9030808391358","31.6347646264562","31.3769365491027","31.1232814838687","30.8197350216021","30.4544282829447","30.0490294237698","29.6167029489308","29.0369887515453","28.2843164782655","27.4974483557629","26.6979328951328","25.8703792619302","25.0285784899314","24.1921381778413","23.363673162474","22.53029271349","21.6960540631808","20.9264009254324","20.2920855091608","19.794192578173","19.3865379916553","18.9935976695213","18.6062746506784","18.2833562063906","18.0052663384505","17.7442916565786","17.5219758955011","17.3674317294264","17.2224721389952","17.0419734995937","16.8407829528601","",
"Andorra","AND","Population ages 0-14 (% of total population)","SP.POP.0014.TO.ZS","27.018927444795","27.4349623146122","27.8324012267725","28.1955518254301","28.5344928898813","28.773654100044","29.1877478463011","29.8604533686936","30.3126455519329","30.3934249528429","30.1904738067229","29.7693724786046","29.1893540096702","28.5242425478123","27.8095639028684","27.0707688984104","26.3644239099047","25.6809338521401","24.9992362914312","24.2698070308401","23.3766052289591","22.3226656981046","21.7918456319571","21.656867457999","21.2523360064344","20.5045123161702","19.8996381287649","19.483558222987","18.8147563542173","18.3289048686771","17.825161130863","17.056513874796","16.4885090407728","16.0497534454419","15.7446314567615","15.6692014019277","15.5648287071768","15.3911544911475","15.2558445431812","15.2778517565953","15.3505366522037","15.2812367126283","15.1775779628906","15.0168020666182","14.8637739656912","14.94694557643","14.9600115598947","14.7397026045006","14.5410775560067","14.4698884226588","14.9679082100463","15.4943882339329","15.5191712002499","15.5445616974871","15.4739140458657","15.3186418837939","15.093895250168","14.7541094729707","14.2199515712727","13.716516178807","13.4001033858878","13.0405099312818","12.6560441628505","12.2476996141288","11.8852784134249","",
"Arab World","ARB","Population ages 0-14 (% of total population)","SP.POP.0014.TO.ZS","43.4211539577923","43.6488395613913","43.8427958437718","44.0385677684094","44.2172929027918","44.3725872699487","44.5080935378637","44.6110520433101","44.6641653730143","44.6839660268168","44.7019925611158","44.7230221072171","44.7491064865404","44.7853209174943","44.7940315831379","44.8076060385531","44.8504054767411","44.8189482371049","44.7041602201724","44.5846555976815","44.4685959850216","44.3558013058687","44.2400312383786","44.110991769292","43.9800602789376","43.8434237591493","43.6988697542893","43.5370213594606","43.3528624104501","43.1473300419269","42.9252584950516","42.5987183491663","42.2667290647784","41.9281219202022","41.5691563257927","41.1775690554888","40.7582716762998","40.3089213713525","39.8219544935651","39.3128886690132","38.8151536432928","38.3257614118962","37.8316382542693","37.3400313744035","36.8592550349185","36.4000945621417","35.9252784341657","35.4386670356256","35.0616178549589","34.794921903613","34.6244636440855","34.463513845809","34.3440463413337","34.3130687336581","34.3208552972187","34.270022656047","34.1848477624298","34.1136940532848","34.0423377475941","33.8930319898821","33.6966867760748","33.5163398284797","33.1553463665908","32.7301856548789","32.3325099091731","",
"United Arab Emirates","ARE","Population ages 0-14 (% of total population)","SP.POP.0014.TO.ZS","37.7722532921662","36.7373486292386","35.8298952713424","35.0947040621243","34.4995366079703","33.9193972597821","33.1990240061158","32.1452420701169","31.2049464560177","30.5574563965618","29.7792071139527","28.9706501267062","28.2779694737977","27.7531888858463","27.395256258351","27.161229533035","26.9287474872781","26.7939437545849","26.8886681148783","27.1421217189934","27.4163630993404","27.9960085647654","28.8197141558854","29.537187359726","30.1849699386522","30.7494349237959","31.152398521722","31.1960852320225","30.8526698965625","30.2773052833184","29.5807387973997","28.8395119069303","28.1016725539431","27.3850762805436","26.6762606799794","25.9402278549902","25.1772044885131","24.2643286323838","23.14475147607","21.9766846937654","20.8369190818976","19.7885884605195","18.9088425925224","18.2594359345844","17.8278704718279","17.4833593795219","17.2037491764988","16.994055347063","16.8605674631737","16.8659865473058","16.8739874232582","16.8194092207522","16.8004347270221","16.8283164877966","16.8423411088757","16.8311616180189","16.8110159449701","16.7637609107843","16.7091550433461","16.6494070201078","16.5795684066633","16.5083622023306","16.4756028959529","16.3389425432864","16.1109795668483","",
"Argentina","ARG","Population ages 0-14 (% of total population)","SP.POP.0014.TO.ZS","31.2161628211848","31.1030283491352","30.9596942959672","30.7994811804196","30.6354015731263","30.4523733823696","30.2381135030374","30.0258949283828","29.8415119826572","29.6979383514477","29.5906451067531","29.5212272574816","29.4953893650498","29.5175318379119","29.5743582022485","29.6516720431806","29.7692936340424","29.9237579631789","30.0949694103759","30.2744814400432","30.4628691906225","30.6465010717589","30.7994432286543","30.9025991064304","30.9571516922242","30.9657357460906","30.928471652909","30.8538287306069","30.7474273873074","30.6055294687965","30.4383155267199","30.2532517467345","30.0386164672132","29.8069042326399","29.5720196270867","29.334445774482","29.0914748122156","28.8427997030082","28.6028236437828","28.3795522407287","28.1666120456224","27.9469003783154","27.7131775250741","27.4656400866515","27.2062216334946","26.9387273529874","26.6642896271438","26.3935191359681","26.1420104636466","25.902064066793","25.680586139157","25.4937170237217","25.3153574386188","25.1502863661773","25.0138297580693","24.887393365487","24.7475897865741","24.5791315086803","24.3732916411389","24.0972913239252","23.6990914612707","23.2387470933239","22.7507462136988","22.190657287242","21.6039426858612","",
"Armenia","ARM","Population ages 0-14 (% of total population)","SP.POP.0014.TO.ZS","37.4858950316708","38.7433566244908","39.5723930794416","40.0255250062864","40.2433004871623","40.3001280663041","40.1958054162251","39.9483378378642","39.5824981762069","39.0958445233764","38.4736425943673","37.7176707107998","36.8497505993706","35.8934652749547","34.8663568396152","33.8058287105545","32.8361540222095","32.0788992825699","31.5047116368077","30.9594294496852","30.4840357660628","30.206068001691","30.0817635871146","30.0714012894719","30.1640974685747","30.2958012925894","30.4132892341755","30.5166410296468","30.6021683245781","30.4447155179925","30.3236722217882","30.4180865592236","30.9711896723879","31.7229371918285","31.9903346896074","31.8247033368641","31.3496010885904","30.786276268071","29.6116507880405","27.9007484641425","26.2595026888192","24.8686959762504","23.7999201474","22.910586272941","22.0739106599381","21.2332658428773","20.4306513860961","19.7836238103898","19.4151331592337","19.2989243142926","19.3046722059256","19.3559576508571","19.4619041223735","19.6515983819432","19.8849276387873","20.1142347563611","20.3211773361758","20.4716971584721","20.4515725191837","20.3005780187581","20.1691865055515","20.0488372753343","19.8625625656376","19.5453342452061","19.2370774424519","",
"American Samoa","ASM","Population ages 0-14 (% of total population)","SP.POP.0014.TO.ZS","49.166770147771","48.7430742058019","48.3449150154944","48.0868595361118","47.9380761257884","47.8648180983102","47.825816742972","47.760773825085","47.6477707503709","47.45871959658","47.0666592662485","46.5223549921912","45.9841760282903","45.473247410898","44.9419913419913","44.3287568689498","43.6379718949231","42.8999705121064","42.1216070537883","41.3115687577109","40.6866754108479","40.3147285205973","40.0011458363173","39.6845965096082","39.3899169033902","39.1269323717826","38.9034039091962","38.7050770108386","38.5085406396882","38.3151512469297","38.282590051458","38.4288459128691","38.5860089521498","38.7208676409019","38.8372909796882","38.9412416851441","39.0218073790848","39.0603730547073","39.0188583769326","38.876048926184","38.6486557792259","38.3639916920084","38.0554314204849","37.7361968036089","37.3957196663029","37.0127346909939","36.5785949321058","36.1021510166984","35.6237013684889","35.20206022187","34.6324814181084","33.8725396435045","33.2011965717851","32.6713698477947","32.2335689971197","31.839328265063","31.4387160370948","31.0345830264025","30.6402663602345","30.2774402995479","29.67253800629","28.8390045708481","28.0659474778399","27.5109951389912","27.0084464877579","",
"Antigua and Barbuda","ATG","Population ages 0-14 (% of total population)","SP.POP.0014.TO.ZS","40.0706796395878","39.9619738238415","39.9054686886833","39.8973132890708","40.4003693631874","41.2839753209938","42.0528904178195","42.7766323024055","43.4213249693515","43.9265735909369","43.6658788888458","42.6895209257056","41.6072119476902","40.4183892325386","39.1384437662449","37.7794138379361","36.4323578306829","35.1927970248581","34.0318714523295","32.974453122569","31.9806239100949","30.9806771876377","30.0270124257158","29.1688483691133","28.6363811505414","28.5658992738927","28.704892145652","28.8665436462015","29.0919093088137","29.4083741936503","29.7511357059612","29.7135059239276","29.3255906031411","29.0187079756659","28.8050267419681","28.6455927319123","28.5513169519404","28.4484821189816","28.2568617296737","27.9849049432239","27.7572351559163","27.5269820820571","27.178964586146","26.7930512043552","26.3772000584353","25.8866606791818","25.4106495955536","24.9773572897288","24.588720571208","24.2304539460397","23.7551350496071","23.1982347217718","22.6426770570708","22.1150406804104","21.6526784205486","21.1583845026787","20.6426658071113","20.2049343414246","19.7902690099641","19.4070936424283","19.1053502602182","18.8437340956589","18.5733520034468","18.2172307923121","17.7996512799731","",
"Australia","AUS","Population ages 0-14 (% of total population)","SP.POP.0014.TO.ZS","30.2085399277275","30.2143871453804","30.0765715820591","29.9224567533181","29.7926659720681","29.6371016203687","29.4692294188865","29.27171532428","29.0701888684576","28.929358896589","28.8171843906037","28.6801417514312","28.4918799816248","28.2205221883637","27.8771568442263","27.471872908493","27.0069884467979","26.5326626868284","26.0745350244009","25.6432913015072","25.2758630035689","24.9653392870068","24.6707401718679","24.3534548050382","23.9935519981143","23.583998797657","23.1325880311019","22.7216731546843","22.4128227751323","22.1924871847554","22.0374449866515","21.9252422861096","21.8361131848736","21.7477845484864","21.6507662956256","21.5352711300965","21.3921727346017","21.23471807824","21.0774524071774","20.9198068469767","20.7543003723879","20.5708929926844","20.3665358448469","20.1584054697368","19.9570257953475","19.7637363639096","19.5900966168501","19.4443965232656","19.3123413517601","19.1851461673503","19.0688510244334","18.9825343002766","18.945711489664","18.933376162926","18.9164776713354","18.9031260311403","18.8876222294296","18.8412690393086","18.7618242578521","18.661163799115","18.5597082418825","18.4234342046625","18.2355418743903","18.0302829475224","17.8418482544494","",
"Austria","AUT","Population ages 0-14 (% of total population)","SP.POP.0014.TO.ZS","22.0440272366308","22.4307451640069","22.6643256214708","22.8388890603831","23.0835516459748","23.3566447032253","23.6210766933116","23.866777725222","24.0974878899785","24.2888342629664","24.3661970510502","24.3197518492401","24.1634683364312","23.9015067094321","23.5936681215954","23.2351675875548","22.7522940509808","22.176108089829","21.5677740233054","20.9591485069368","20.4202980072879","19.9750487475745","19.5473346803417","19.0907007295042","18.6531048090759","18.2938983587265","18.0043649459435","17.7760155356613","17.6387630247918","17.5623570737335","17.5203227709897","17.5676989199628","17.6865413392714","17.7821283616285","17.8246582486737","17.8085188127298","17.7218144975681","17.572039260441","17.4023626473035","17.230216693557","17.0406747695724","16.8170840621681","16.6120500470418","16.430221497988","16.2284940425089","16.0138868829909","15.7674667953905","15.5027713791764","15.2486783261712","15.0168264107693","14.8209257483914","14.6458889086137","14.4901306406695","14.3738718336399","14.3011125354513","14.3039101457033","14.3661093998906","14.4153434951617","14.4299641791993","14.422845223827","14.3931589250796","14.3606656208757","14.3461537570506","14.3026357250026","14.2280024817963","",
"Azerbaijan","AZE","Population ages 0-14 (% of total population)","SP.POP.0014.TO.ZS","40.3604935487965","42.0194357260726","43.3107625665571","44.2244179130218","44.8772596651519","45.31765995085","45.5854557560707","45.6665044617648","45.559373959481","45.2891495459213","44.8606921664319","44.2819155354178","43.5535110880254","42.68496253795","41.7042474056593","40.64330623779","39.4258510193462","38.1037972911967","36.7088814916353","35.6164530796046","34.9595983583961","34.4049756295567","34.0271630253683","33.7544677436407","33.5475479220489","33.3678048670011","33.2262255840549","33.1379549655454","33.1737228454349","33.4942661998428","33.8335285324717","34.0109686384549","34.0769169486536","34.0449273498607","33.8860199506025","33.5970323144712","33.2423443190139","32.8041751354848","32.1908745840292","31.3502306624991","30.3347653586752","29.2144516137476","28.0689530140251","26.9529601108501","25.9803914639958","25.1393469165947","24.3857460012076","23.7520844161423","23.1820340272057","22.6723172785092","22.3113628018737","22.1632428169379","22.2809383842387","22.6562640559765","23.0824332493211","23.4529342704953","23.7644384698353","23.9150145766526","23.7619094314226","23.5467769812991","23.3899641809398","23.1453170471012","22.7976026739958","22.3444393003552","21.8116344602457","",
"Burundi","BDI","Population ages 0-14 (% of total population)","SP.POP.0014.TO.ZS","45.1471326386923","45.1945483054765","45.2639452121216","45.4890942833144","45.4894212360709","45.3523490493707","45.154725353951","44.9713696227153","44.8839881350863","44.9039683435661","44.9422273333366","44.9084874185492","45.5071600323737","46.0311362902067","45.8112337203587","45.7368306268852","45.8031626018061","45.7715260070552","45.6750150841223","45.8190734929928","45.4098250897557","45.1770187301222","45.5858302769049","45.9065275180396","46.3030387915067","46.7655169776576","47.2915476025578","47.6180671603161","47.9580320042033","48.3867006012384","48.7059768992684","48.945187440709","48.8841632959406","50.9562621337247","51.0967073272005","49.1134899665629","49.6261472788386","49.9485176544083","49.4086574858561","48.7240608187696","48.2623896796904","47.7367389343215","47.2286111091776","46.7258314438509","46.1585868627932","45.7664249161658","45.5619962325568","45.4411695157264","45.2445654570022","45.0387702552588","45.0970141187313","45.3899257643926","45.718155371932","46.0604910817882","46.4060513053708","47.0438910603046","47.7164543001255","47.9494144399615","47.7613751940858","47.3474188162847","46.9567456255177","46.5191285028635","45.9888909303456","45.3647423879244","44.698901307295","",
"Belgium","BEL","Population ages 0-14 (% of total population)","SP.POP.0014.TO.ZS","23.6849263763557","23.8220051929356","23.8381037548647","23.8574136946856","23.9105904681187","23.9632409321099","23.9843035472492","23.9485249165007","23.8634367500255","23.7556153740867","23.6208601532765","23.4671879705346","23.2657111974777","22.9867200519447","22.6297545370152","22.2320545283181","21.8302194068779","21.4301053794275","21.0267410022062","20.6195559629289","20.2518078620739","19.9347780338574","19.642270042239","19.3672452653384","19.0957109950883","18.8149342064479","18.554683539221","18.3428995620986","18.1945824080507","18.1237434676925","18.1248047378528","18.1564864589431","18.1699219797915","18.1466991765585","18.0779656555149","17.9720072425847","17.8604848621432","17.7701949346381","17.7031693496778","17.6501732257918","17.6062702472181","17.5480967272834","17.4584555674345","17.3480088201336","17.2354301174941","17.1343269281833","17.034946154373","16.9419017518482","16.8887152146779","16.8916525951718","16.94028473408","16.9775528787241","16.9817145468502","16.988535946602","16.9983431933238","16.9932652552348","16.9825718062522","16.9724637381153","16.9466264692847","16.8907407765187","16.8003901523617","16.6827638797465","16.5296792082338","16.2907447374445","15.9961268493057","",
"Benin","BEN","Population ages 0-14 (% of total population)","SP.POP.0014.TO.ZS","39.1370507761136","39.5051154197973","39.9202620996188","40.3354168331506","40.7680021065065","41.2166743535746","41.6478847265606","42.0623655367548","42.455807381562","42.8299934377786","43.1836504182467","43.5143574489519","43.8193726193807","44.0935667349679","44.3350344804205","44.5458693269039","44.7154404795204","44.8477755311462","44.9578699108693","45.0641654239323","45.1860530702368","45.3236839101138","45.4648346868447","45.5945321523037","45.712488122446","45.8196512239664","45.9132441577441","45.9949612808918","46.0673775031126","46.1178189011876","46.1463824811194","46.1629041816568","46.1626737944307","45.6842467509867","45.5104612379615","45.8787882583804","45.9632274342787","45.8886492022963","45.7568121663362","45.6055619323535","45.4383774607882","45.2626962300936","45.0848301394066","44.9136934211374","44.7601473889135","44.5712798506221","44.4384154956229","44.3714904530047","44.2604599724375","44.0858819720187","43.89894895465","43.7626983015564","43.6547820340679","43.5668506751926","43.4826788586241","43.397891376406","43.3119392154527","43.2080154288533","43.0653989157617","42.8769823886765","42.6531783942503","42.3988645100648","42.1206314865863","41.8362665047697","41.5524903883943","",
"Burkina Faso","BFA","Population ages 0-14 (% of total population)","SP.POP.0014.TO.ZS","39.8538825322201","39.8527584534048","39.9193076286387","40.1532874875329","40.5175906415151","40.8748392267748","41.2109032322483","41.5300783951781","41.8305522406115","42.1146101422102","42.3775075290038","42.6362198031219","42.8920426753905","43.1386838842902","43.373911019993","43.6025118221528","43.8239684363126","44.0281433349197","44.2439171449969","44.479758541759","44.7102250111706","44.9390506326721","45.1652523767414","45.3689309241042","45.570426757072","45.7974374665193","46.0530983259259","46.3188661751906","46.561065115246","46.7669169139715","46.938706884048","47.1110842872823","47.2553360842153","47.3173703489962","47.3096657993374","47.265304334452","47.2194458631885","47.1570407883578","47.0123028319323","46.7916799658849","46.5509271672311","46.2995326311889","46.0448360255917","45.817376942017","45.6238525684929","45.4655028000577","45.3759492940826","45.3718981852866","45.4345113770115","45.5152303470663","45.5854907533139","45.6294501205984","45.6317903375363","45.6185499866095","45.5777738025277","45.4828779804241","45.3293871267877","45.122536198239","44.8544883015642","44.5027699590484","44.0467375814525","43.5166435760678","42.9683169274423","42.4012506679471","41.8020300074131","",
"Bangladesh","BGD","Population ages 0-14 (% of total population)","SP.POP.0014.TO.ZS","42.0936008948176","42.2904709071724","42.5215045618763","42.821478758416","43.1829260403782","43.4871261423914","43.7234166402552","43.9400787535329","44.1266056301499","44.3140834009562","44.4323822762613","44.5358510666083","44.7133560917378","44.8325129437779","44.9072521358388","44.9320799355972","44.8848315900514","44.8390796646085","44.8085100600306","44.8047198052311","44.8278660331736","44.8495821093283","44.8246196299067","44.7390033862063","44.6143435760127","44.4552364959641","44.2378613138143","43.9237799348321","43.5367587251372","43.1318134171692","42.713919487246","42.2635533344994","41.7911066389806","41.2947166157744","40.7592976250029","40.1853452807687","39.574457130049","38.9663221264533","38.3935521943609","37.8496946338957","37.3226802030851","36.9194877873992","36.6324742561662","36.3510312308472","36.0571318324706","35.7391159109622","35.4168352973658","35.1043735749559","34.793277305561","34.4480871598349","34.0504147772873","33.5821917595726","33.0265015658096","32.4236999110096","31.8063072462316","31.1823407663365","30.5660498794143","30.0763108025382","29.7445382083272","29.4761618478294","29.2584546885536","29.0745008042507","28.7700900252928","28.3608821732976","27.9889305379593","",
"Bulgaria","BGR","Population ages 0-14 (% of total population)","SP.POP.0014.TO.ZS","26.083233767987","25.7879646775758","25.4451773623073","25.0955351373485","24.67682000107","24.2051656362488","23.7823224734436","23.4453185874738","23.1710235229382","23.0015340931622","22.8231663485684","22.6047318986595","22.4056364211173","22.2689614675725","22.2372852856035","22.2568204588057","22.2528387239477","22.235324462451","22.1833643615686","22.1484506728165","22.1422531528596","22.1218780663518","22.1085240754462","22.0110976589849","21.8154405131736","21.6146953617059","21.4339504046926","21.2797402287348","21.1054712952726","20.7694658928187","20.3137480709538","19.8291657452445","19.295935361432","18.8018991953377","18.3494254280145","17.8902813184783","17.4473954814375","16.9915439774266","16.5157394554775","16.074812867119","15.6744196423745","15.2265032316523","14.7678452240016","14.3610801047792","13.9821961099074","13.6699900371011","13.4597372823611","13.3547048539533","13.3243223176309","13.3676477393231","13.4568906885737","13.5153674953676","13.5590292405501","13.6699552397899","13.8046441661979","13.9073512469563","14.0249211707888","14.1712005939254","14.3011088444414","14.3870039419572","14.4317525598343","14.4832752684931","14.5392290265379","14.5382010043552","14.4744612007493","",
"Bahrain","BHR","Population ages 0-14 (% of total population)","SP.POP.0014.TO.ZS","42.7360215134988","42.906876553919","43.1691841047343","43.5598200545842","44.0928509514178","44.7031852080491","45.3103694174219","45.8638068803881","46.0917357576144","45.8460411249233","45.2654147863626","44.4116264001543","43.3509215757138","42.1715885947047","40.9567775615758","39.7662078144914","38.6541799417853","37.6546801226253","36.7722819360699","36.0000873470517","35.3157640360077","34.7732675811996","34.3524577984793","33.9756979538665","33.6608419275234","33.4290676937198","33.2919173936863","33.2501898544791","33.2997172498432","33.42385048082","33.5706439340594","33.6487308423041","33.5006850771841","33.1145796224122","32.6357552184264","32.1504428359029","31.6734665038868","31.1838046169502","30.6907650873192","30.2111856843771","29.7516878105022","28.9351965946407","27.6091053214083","26.1730286610229","24.8656250215161","23.7426603360054","22.7911117635112","21.9773880395875","21.264266023386","20.5814352839692","20.3817616242075","20.3771686742994","19.8728030762072","19.7594978694769","20.3305333138337","20.5087796152302","20.0882901838551","19.7793852205979","19.8433119628372","20.1004529604647","19.8945840303639","19.2911533673578","19.0789580940866","18.9918807542116","18.7167655487684","",
"Bahamas, The","BHS","Population ages 0-14 (% of total population)","SP.POP.0014.TO.ZS","41.1057712974028","40.9535422309877","40.8506333054458","40.7644703043224","40.7170312588322","40.6917131627594","40.6430388573938","40.5575378850906","40.4257195518803","40.2728381119333","40.1175252660401","39.9762649522941","39.8500420800286","39.6808123870094","39.4079146010071","38.9948328969843","38.4395913315292","37.7642511989122","36.9915601725952","36.1484821199713","35.2761943262381","34.4173750974687","33.5790934858321","32.7603152450873","31.9793782535406","31.249950622941","30.5894504274151","30.0206731072081","29.5479793430613","29.1682415825738","28.8871494086673","28.6813711346449","28.5947112374837","28.5932734833416","28.5657433669804","28.5176191945227","28.4541643266681","28.3623375098704","28.2344752796733","28.0572815959251","27.8143190204888","27.5213826425408","27.1809995959157","26.7806356939075","26.3404182681837","25.8892274945187","25.4238966630786","24.8771348396491","24.2951743896258","23.7944102974008","23.3127198263839","22.8229435960068","22.3778495989688","21.9739651091296","21.6146827867266","21.2751380900047","20.9269034970513","20.5708285849649","20.2132576215728","19.8496482544477","19.4868167608703","19.1382864120412","18.7512656006902","18.3282616559913","17.9127947109646","",
"Bosnia and Herzegovina","BIH","Population ages 0-14 (% of total population)","SP.POP.0014.TO.ZS","38.1652115374594","38.4880476924453","38.6304752779321","38.5777693560435","38.3983021770256","38.1310161894974","37.7675968450341","37.2922138501946","36.6860117108441","35.9634482054715","35.1795549032438","34.4112395310938","33.6884322450826","32.9705307641967","32.2354266119814","31.489647715447","30.7486205697916","30.026552871708","29.3324326179921","28.674154571755","28.0671633048293","27.4749221329914","26.9434357225089","26.5388632474297","26.217589609306","25.9375454277684","25.6683712295101","25.4051823064129","25.1434990027531","24.8654792841424","24.5767706712056","24.2962885206131","24.7217221112847","25.4648503950076","25.543775353736","24.8127034263569","23.4806254880335","22.3734746693007","21.5169795052107","20.6895883826483","19.8654781879245","19.0976992600441","18.4024961780706","17.7923275760358","17.2943310375039","16.8628507359832","16.4319789568604","16.0598282165054","15.8155785197608","15.6789896576983","15.5753099557481","15.4119109866314","15.124232533953","14.7763039210337","14.485393268513","14.2790171095089","14.1154787369893","13.9625205891767","13.8188367286684","13.6840676806954","13.5633554432472","13.4819559571421","13.3765050071736","13.2199167805573","13.0378165083513","",
"Belarus","BLR","Population ages 0-14 (% of total population)","SP.POP.0014.TO.ZS","30.8462733543551","31.2078571386936","31.2387036803041","31.0962379063654","30.8105458448395","30.4785845598507","30.1783394664897","29.9044507788425","29.6378223815385","29.273159919983","28.6547438453675","27.9000544894007","27.156872935367","26.4064514289361","25.6889012499193","25.0337278034482","24.4486830930974","23.9301221040698","23.4636069368915","23.1294163533051","22.9361542628031","22.78661579208","22.7046456645055","22.7260608289597","22.8171354020879","22.9080226924545","22.9802860533403","23.0127947955801","23.076254123491","23.1179171524941","23.0726673444097","22.9803414575144","22.8154682504235","22.580922185812","22.2432297669632","21.8073690580015","21.2969120754543","20.728952248704","20.0032269973395","19.2576307947338","18.6206857897456","17.9460790405376","17.2676682045115","16.6272381202154","16.0276930128337","15.5310000265313","15.1708840391522","14.9331754074122","14.7981217622425","14.7760934528775","14.8481129234076","15.0051542664289","15.269320711927","15.5795955666957","15.874273537951","16.1689482974754","16.4679233905532","16.7137340186406","16.8691642464038","16.9734318649001","17.0467976281325","17.0730697578141","16.959852885083","16.6752836870096","16.2972291440499","",
"Belize","BLZ","Population ages 0-14 (% of total population)","SP.POP.0014.TO.ZS","44.9150222300094","45.4227965717032","45.9845692509527","46.5854807580278","47.19620879202","47.783865374419","48.3297885649944","48.804281400532","49.1864514638643","49.4044391731616","49.204252270459","48.7009946622912","48.1901087619109","47.6857435475643","47.1960557161301","46.713041610903","46.2311746563635","45.740578568958","45.2783805411173","44.8938610576838","44.5967930953661","44.4341014413367","44.3917468329537","44.4184610659868","44.5493114393542","44.7145983864025","44.7848000787808","44.7456044356898","44.6482342498166","44.5204389567101","44.3480968234417","44.0916381522669","43.8125382887482","43.5282860104052","43.152332782513","42.6768097342098","42.1160617277787","41.5064924314368","40.9172058816999","40.3868556607032","39.902574346239","39.4764442171927","39.0990924129472","38.717870953067","38.3236684659086","37.9270404907581","37.5201690991165","37.0996285038838","36.6647884177204","36.199434446314","35.5412262486534","34.738984045121","33.9833260569235","33.2557145658862","32.5414669446654","31.8369334302464","31.1017123428524","30.4189559795446","29.8919196847142","29.4165672053775","28.8946205523635","28.3162997522427","27.6108488750611","26.9925846285199","26.5784164106154","",
"Bermuda","BMU","Population ages 0-14 (% of total population)","SP.POP.0014.TO.ZS","33.518924361784","33.4349817380718","33.1253743826219","32.8098808998677","32.4667909201582","32.0368302395651","31.4985371080068","30.9054004927899","30.4063169589715","30.0098428074416","29.5465663939222","29.0550687170909","28.5971308176696","28.0769848240172","27.4810814886018","26.8010578126618","25.8973877090772","24.8970865410763","24.0412868933765","23.2979866398842","22.7404840422559","22.3086467766728","21.9234375861879","21.6715044635522","21.445726352423","21.1984553482218","20.9627926533606","20.5811783524393","20.1451537518629","19.8401862451645","19.6530486374732","19.6761175496689","19.8347814921029","19.9573241747499","20.0324357198365","20.0524136309039","20.0182234631267","19.8373132592186","19.549461150919","19.3097694050667","19.1704372832065","19.1215096779408","19.0698797119524","18.981822844869","18.8594037247222","18.6785412447577","18.4511446919239","17.9814155008372","17.3619064921524","16.8646267600094","16.636197440585","16.572392421449","16.4354397762625","16.129362076966","15.6936202364275","15.3048602740158","15.0610337517829","14.9224973851223","14.7655527878304","14.6185283978349","14.4885216364822","14.3330033411706","14.1269681923133","13.8783269961977","13.6068629953664","",
"Bolivia","BOL","Population ages 0-14 (% of total population)","SP.POP.0014.TO.ZS","40.5522479470657","40.5176578436441","40.4917779500831","40.5310170597827","40.6487105629735","40.7698144591379","40.8679430972298","40.9688574785534","41.0669581262648","41.1530754203437","41.2205202167316","41.2700926700598","41.3003871294557","41.31219285241","41.3110825528168","41.2943005109742","41.2751193951256","41.2558285057572","41.2246654712599","41.1830613820403","41.1365068731436","41.0853772335586","41.021982397067","40.9429050177665","40.8567132533895","40.7660517296453","40.6723775841174","40.5839323674472","40.4969798516087","40.4033993402673","40.3037526949847","40.1906132991003","40.0488214799438","39.8443607900073","39.5956969309678","39.3461482952536","39.0967304334124","38.8421013969319","38.5793034710011","38.3122401572944","38.0343620514934","37.7297453047824","37.4157358096539","37.0902140165954","36.7296530806598","36.3444139406085","35.9507436128191","35.5628474391205","35.1824092471138","34.8074291686566","34.4364485783972","34.0647761715246","33.6999861256487","33.3429034063079","32.9798900597052","32.6203561511634","32.2772200889274","31.9477327844666","31.6221465980233","31.2971112127176","31.0202276101753","30.7897110747146","30.4985263912342","30.1423997294384","29.7865638630777","",
"Brazil","BRA","Population ages 0-14 (% of total population)","SP.POP.0014.TO.ZS","44.185988844455","44.3360700972942","44.4364512431929","44.4641948757807","44.3917412270499","44.2366665729115","44.0273095370219","43.7544761359722","43.4237211217303","43.049825587731","42.6507175295716","42.235478146868","41.8064219268041","41.3658567018205","40.9108209683262","40.4508469254638","40.0010669306492","39.565356608046","39.1489686130758","38.7639030597866","38.422134502191","38.1278954568195","37.8788329131953","37.6593516467364","37.4414608941678","37.2038537807997","36.9396923600063","36.6383285620382","36.291964900425","35.9110576129167","35.4905274509188","35.0245596195245","34.5101736571147","33.9621615229716","33.3980092902517","32.8186140157163","32.2294527839516","31.6368820617584","31.0471246823009","30.4627391400228","29.8832079892709","29.3049219862669","28.732973157916","28.1712316556511","27.6287989548748","27.1166426495537","26.6247472105413","26.1447366439193","25.6659605483771","25.1859258991219","24.7077541372658","24.2289729512882","23.7494519491259","23.2696192059022","22.8142776949133","22.4022029603472","22.0157734610601","21.6593948870768","21.3525316348572","21.0598118773538","20.7566949222876","20.4706372304111","20.2024769910192","19.9359520540445","19.6651396335929","",
"Barbados","BRB","Population ages 0-14 (% of total population)","SP.POP.0014.TO.ZS","37.2119059735591","37.1976169643317","37.0982552800735","37.0603686694141","37.061694129806","37.0758591102503","37.0681562147953","36.9235687994124","36.6631863345665","36.3749706847442","35.9944584120263","35.6560633789251","35.3485568257376","34.9367316162151","34.4214182321345","33.6495796763617","32.8329538562494","32.0529277578629","31.0795822715871","30.0371315204024","29.0084226722354","28.0141752602861","27.2429324957032","26.6683596333743","26.1846853914954","25.8195720029161","25.4689354041116","25.100134289751","24.7721744393105","24.5183236539601","24.2445805287695","23.9204233293815","23.6417287664759","23.4142445034422","23.212439392173","23.0259178482633","22.8395991360494","22.6158240644228","22.3481153500282","22.093003323588","21.897406348855","21.7389316205933","21.6013371291852","21.469395280236","21.2846710413097","21.0263261706103","20.7322922280061","20.4715644046836","20.323818498833","20.2473346770148","20.1594224750085","20.0391831650002","19.8730760550666","19.6735274521456","19.4463405521146","19.184200150543","18.9089673548583","18.6586049234218","18.4394598705784","18.2400896135416","18.0613635879559","17.9002752116365","17.7254018518125","17.4867887906608","17.2412755449742","",
"Brunei Darussalam","BRN","Population ages 0-14 (% of total population)","SP.POP.0014.TO.ZS","44.0911637699286","45.2330640149161","46.1217547741395","46.5581581561791","46.6447008175828","46.4685104904884","45.9984724853182","45.4273142314128","44.8089682901226","44.15974681522","43.6163639525376","43.2740481870056","42.9931288636955","42.5912417426944","42.0212765957447","41.3376984880116","40.6090222576731","39.8988049173839","39.317204547014","38.8674884437596","38.471396102326","38.0962302775853","37.5617227101726","36.896127302299","36.2878288580061","35.7419051295111","35.2497847634606","34.9164029761396","34.7237384449988","34.5539860681114","34.4052410470343","34.3892626139343","34.3407840586719","34.0935800253817","33.7410658185831","33.2833096665299","32.7469068026036","32.1805257392133","31.6074209590394","30.9941877484061","30.3150197289415","29.597564085257","28.867623838941","28.131157377891","27.3939143210531","26.6628217505235","25.9427552874233","25.5391003646806","25.4579888986826","25.4019651775219","25.3446060989162","25.1905099921505","24.8750790580351","24.4727652102859","24.0360839399113","23.5771645253623","23.1364193430691","22.7212019261875","22.3246640376694","21.9466657630794","21.5994063524313","21.3389695619304","21.1818094975619","21.0243633000217","20.825269627627","",
"Bhutan","BTN","Population ages 0-14 (% of total population)","SP.POP.0014.TO.ZS","42.2571446421877","42.1096909183552","41.9293413652421","41.8145996834669","41.7559005008163","41.7089553810196","41.709472981988","41.7246424626684","41.7517888668833","41.788782552127","41.8386661826479","41.9038534133432","41.9842913547949","42.0775230096136","42.1777039210833","42.2833561833891","42.3944590419046","42.505927006852","42.6112233894231","42.7127179302456","42.8128259083903","42.9078311120936","42.9939349384304","43.0595233108533","43.1007874638914","43.1193418470965","43.1164288527429","43.0923501983604","43.0432210533308","42.9674887462386","42.8871670340598","42.7860219562559","42.6178748091814","42.3744642108632","42.0779173936763","41.7069503219955","41.2628112907914","40.7487786302581","40.1472512227032","39.4322486735704","38.5958754354014","37.6563639652944","36.6259427922586","35.5123823144966","34.3176369948558","33.2242729074109","32.3613836921465","31.5833408237934","30.8135117356049","30.0883444670513","29.4217624053635","28.8199363666992","28.2989406500534","27.8494442782235","27.419201939058","26.9546513857346","26.4632300438849","25.8193811896446","25.0023362671584","24.1635330481261","23.3734542328242","22.6702465627646","22.0389043871","21.461497866821","20.9093969927652","",
"Botswana","BWA","Population ages 0-14 (% of total population)","SP.POP.0014.TO.ZS","45.0500856798837","45.6455958745507","46.2376350346316","46.8222758521538","47.2349567164548","47.5369541706509","47.8897807711643","48.2381343787789","48.5735886794682","48.8859003928008","49.1749585827684","49.3004774505771","49.0954471913073","48.6340602812964","48.1610567103559","47.7438627834357","47.3449504454471","46.9743263287701","46.4568278187883","45.9941169458022","46.0671370741932","46.2264039097048","46.2104979992935","46.2421012936648","46.2249938979967","46.1658102669917","46.0917158488778","45.9856300248422","45.7975526041976","45.5096874806882","45.1392590618337","44.7180617347485","44.2308423895814","43.6536477679625","42.9777623290052","42.2278688262091","41.4368903467251","40.6280112859298","39.8428775415015","39.0943467009988","38.3829567793869","37.7126582855114","37.0680823321226","36.4639122977987","35.9311588549016","35.4761215016004","35.0956099879622","34.7705709655866","34.4852396484972","34.2431177797659","34.0752261128945","34.0255973556263","34.1651267549125","34.3542071278669","34.4119410104031","34.3502371244962","34.1854025158232","33.9381942492921","33.6297773820744","33.2697635547277","32.8742396899945","32.5854419461985","32.4232245573215","32.2812529167991","32.1296445773121","",
"Central African Republic","CAF","Population ages 0-14 (% of total population)","SP.POP.0014.TO.ZS","40.4774939994572","40.7707053004185","41.0658526170526","41.3832461760904","41.6269497959728","41.7119643721066","41.7386634829315","41.785902016559","41.8560420926637","41.9434803197929","42.0607817383034","42.2208648861437","42.4054106467787","42.5849772327862","42.7402302477131","42.8720310348277","42.8902664200764","42.8211445720808","42.7808667447052","42.7714478269507","42.7902682475459","42.8333660156827","42.8921282217458","42.9581743040463","43.0421985124636","43.1557912402571","43.304042979853","43.5009207033687","43.7642630313466","44.1172239432853","44.5340808963514","44.9188822254653","45.1962931584473","45.3700616149208","45.4692646779642","45.5977902370976","45.7049620703354","45.7119723804361","45.6705356401029","45.580694952432","45.4527312646565","45.4144636785375","45.3257207330612","45.1760942861056","45.1148580933242","45.0533895120803","45.1164673441644","45.2594414164923","45.353234991967","45.6137511504905","45.9473529408164","46.3153021294642","46.9201435397567","47.5892201888714","48.4540301463364","49.0065874678584","48.9993292902644","49.0251038356962","49.0475247593754","49.0201283049631","48.9114124904993","49.0033156628391","49.2152326399197","49.1664451688289","49.0033606346796","",
"Canada","CAN","Population ages 0-14 (% of total population)","SP.POP.0014.TO.ZS","33.7531894614105","33.9115601811732","33.9479000852092","33.8674010585648","33.6609715746044","33.3285540162062","32.8622200892794","32.2777067585056","31.6355756004044","30.964059239026","30.1770445944505","29.3392202146075","28.5530166022889","27.7632956473674","26.9725459275865","26.2027259811137","25.4576068049066","24.738172735831","24.0332972478932","23.3601774299374","22.7782343818579","22.3347390569767","22.0226825091515","21.7839821871096","21.5549169032396","21.2999068497459","21.0618956575955","20.9098531454476","20.8207722650349","20.7549244410501","20.7148650067377","20.7041318002359","20.7064339637607","20.6700219630943","20.5654854450648","20.4121377441151","20.2268886140488","20.0139698179143","19.7741033006974","19.5028225257145","19.206853999425","18.9068718397766","18.6192975219813","18.3367323688591","18.0338628799296","17.7072452727055","17.3943580562524","17.1350178697098","16.9248874819745","16.7366419048712","16.5629523390842","16.4219828983574","16.327506299947","16.2714380359575","16.2409277800845","16.2326789820677","16.2216897081515","16.1718572232365","16.0849877885792","15.9834514706633","15.8763047751721","15.7430879139749","15.5479076554421","15.3045433897864","15.1113205709867","",
"Central Europe and the Baltics","CEB","Population ages 0-14 (% of total population)","SP.POP.0014.TO.ZS","28.9345390627744","28.8227085696333","28.511878246526","28.0931799110997","27.6109578581394","27.0559345488255","26.4516925715302","25.9362108312985","25.5096243174372","25.0777503331294","24.6130375585926","24.1808233940619","23.8469349997666","23.6062233844439","23.5022765292619","23.513441997882","23.5980218848236","23.721191224777","23.8250592073207","23.934319754873","24.0731714036908","24.211874991825","24.2351599449312","24.1335472472009","24.0373482297522","23.9685968622499","23.8932613421991","23.7783093657347","23.5993157873848","23.3359430153113","22.9827588776652","22.5832551025918","22.1567679662229","21.7050260711623","21.2358366984072","20.7454928741433","20.255387696292","19.772446935364","19.2877578277937","18.7899780857942","18.2609217170611","17.7170806389696","17.1831001136576","16.682308173008","16.2247258122494","15.8317089874387","15.5106436576488","15.268379233616","15.1135036377796","14.995430089844","14.9769095246601","15.0223152403801","15.0156048514285","15.0138183434073","15.0335626170001","15.0715263418702","15.1383522974363","15.2379251085261","15.3440303436472","15.4348548971907","15.4858294837187","15.486876991582","15.4037145431781","15.2337512085008","15.0191296039746","",
"Switzerland","CHE","Population ages 0-14 (% of total population)","SP.POP.0014.TO.ZS","24.0336102435151","24.0016558329651","24.1024627105605","24.1065107877977","24.0914338186839","24.1208301420347","24.1511625244605","24.0914356497528","23.9672661127681","23.8186567376396","23.7674573469783","23.7329968847823","23.5082826358805","23.1851146331632","22.8352393206743","22.4325184135707","21.9509565526169","21.4250036158574","20.8765594161831","20.2961071546613","19.7398227947467","19.2333564112617","18.7624260693851","18.3409714843229","17.9656657077105","17.6359090035608","17.3635804604328","17.1642537225362","17.0623081725707","17.033709781832","17.092990155326","17.2000351628692","17.3392108174333","17.5029251498896","17.599772648873","17.6442577935943","17.6592982619128","17.6266237372891","17.5532126603538","17.473010325553","17.373487899823","17.1022725660895","16.8043505260242","16.6044494492154","16.3791934245502","16.139377915755","15.8865958441716","15.6347505844967","15.4184891165977","15.2561212100064","15.1550837884173","15.07021119744","14.9720653140143","14.9102444853064","14.8787479920449","14.8583873314297","14.8761877901601","14.9285135328879","14.9873869005651","15.0312374526728","15.0518920514782","15.0790106400884","15.0704227915209","15.0109897220706","14.9508108120831","",
"Channel Islands","CHI","Population ages 0-14 (% of total population)","SP.POP.0014.TO.ZS","21.4740812937694","21.4461118690314","21.3309016542205","21.2413937995964","21.1683822034155","21.1315927942881","21.1428547253705","21.1915819421782","21.275653390511","21.377592408984","21.5149831492799","21.6437652291549","21.6111128780891","21.3670363276662","20.9558809156127","20.3986628410357","19.891336690097","19.521915421735","19.139335749071","18.702196283213","18.2643221781055","17.8496772913838","17.4557298661209","17.1037837675771","16.7787451661508","16.4614497099037","16.2335441333789","16.1202087327558","16.0451570073311","15.9936395759717","16.0150817334908","16.1818118805018","16.4377977455116","16.6707475626705","16.8555928700594","16.9549112890456","17.0422148181225","17.1494032759977","17.2015343196817","17.1894166841745","17.1164480213897","17.0669031471386","17.0351244149545","16.947754718106","16.8068719210203","16.6095241826992","16.383673389986","16.1726499193541","15.9742468415938","15.7792154198754","15.608372210314","15.5203451331035","15.527081033169","15.5494429076973","15.5377274137894","15.4621010739992","15.3534250253231","15.2970280459714","15.2267815301047","15.0908596957257","14.9438597652126","14.7930023209649","14.6107429911013","14.3963766797959","14.2039726275907","",
"Chile","CHL","Population ages 0-14 (% of total population)","SP.POP.0014.TO.ZS","39.6741032826998","39.7068699227399","39.6759784958549","39.5745560858043","39.422131154725","39.2317632718654","39.0152773621725","38.7883962019647","38.5409716905896","38.2624803698901","37.9507359011529","37.5950390526151","37.1959240380875","36.7635502878695","36.3010558817082","35.8155993976326","35.3186690361757","34.8177446243108","34.3175601626304","33.8206076952914","33.3299981318237","32.8521802888186","32.39139816378","31.950753099239","31.5374620143421","31.1558933204747","30.8110068434421","30.5018459321491","30.2244364913567","29.9797238063852","29.7598803498592","29.5542664950337","29.338134343663","29.1009160507141","28.8522117793926","28.5952736905822","28.3211185957041","28.0099102393518","27.6542542639547","27.2521433321502","26.8137246523154","26.3463770914907","25.8357973746314","25.2821954836554","24.6970568910984","24.0937067006998","23.4879085106181","22.9216899981378","22.4201537527077","21.9669294584062","21.542975034025","21.1462080149481","20.7935085091893","20.4792936554866","20.1994688257713","19.9392518422991","19.659393739765","19.3360155192659","19.0082501150811","18.7029345739791","18.4128141664409","18.0965848962091","17.7575564797826","17.3843388990243","16.9661637626319","",
"China","CHN","Population ages 0-14 (% of total population)","SP.POP.0014.TO.ZS","40.3338468531426","39.9539294578921","39.96053727523","40.5946524824291","41.2024769953144","41.4581942054611","41.5128067512913","41.2763374402652","41.0390674325238","40.9550056759894","40.7931079900409","40.6544834635117","40.397973913916","40.149720951356","40.1628142125321","40.2451251649526","40.2859353746285","39.8224798117753","38.5657283291251","37.2229352504168","36.0968962089031","35.0710882024305","34.2584219136506","33.3324698795787","32.2360841303467","31.2423862227954","30.4131987594034","29.818722434381","29.3257661969808","28.9477974855335","28.7978623975995","28.6494339479896","28.4018884162175","28.152313993074","27.8347939698598","27.4339785539649","26.9510564783956","26.3384934865934","25.7349978011082","25.1730829357413","24.5440964322175","23.8063676412849","22.9283090660666","22.0429286861472","21.1864300865381","20.2944682438603","19.5921793755655","19.1700513968524","18.8667349652856","18.6456512442356","18.4740498241207","18.3420127268756","18.2973601933028","18.3054006638332","18.3286355819234","18.3181445490203","18.3047480302718","18.3531272310458","18.3284745596771","18.1974813802408","17.9548374596279","17.5818540220458","17.1217997582731","16.5896107225921","16.0078123326803","",
"Cote d'Ivoire","CIV","Population ages 0-14 (% of total population)","SP.POP.0014.TO.ZS","43.1388486512994","43.2199349553423","43.3523109656227","43.5908538321781","43.8770421236647","44.1196346010255","44.336287517171","44.5522927889487","44.7648572255651","44.9490540704117","45.0762320784349","45.1453652783962","45.18030521097","45.2203564996188","45.2900132567559","45.3744386775283","45.6676949386561","46.1287808487643","46.510588402408","46.8241615460373","47.0941940079657","47.3273865373925","47.5269889945893","47.6933472982755","47.8311004302775","47.9400616454438","48.0136131720997","48.0504331462052","48.0315162801935","47.9347953101983","47.7780418879672","47.5795636505262","47.3546057874927","47.1270245503933","46.8918703218401","46.654925162891","46.4314313815185","46.2270169755789","46.0573524936182","45.9954412584782","46.0381329932464","46.1034991476113","46.1678155639698","46.2320571098063","46.2896645498937","46.3287375225525","46.3499648266431","46.3530187834293","45.826290098159","44.8523758327456","44.0019571270796","43.2827700653287","42.6795061575199","42.1525339700867","42.0260540912304","42.2235181195058","42.3479845411618","42.4069350923433","42.3825422011167","42.2978547625051","42.1806135159683","41.9798856848812","41.6626736856277","41.2764240403875","40.8713596664144","",
"Cameroon","CMR","Population ages 0-14 (% of total population)","SP.POP.0014.TO.ZS","39.542193511121","39.9057789034642","40.1896519896853","40.4152531703216","40.6726868267274","40.9071682472971","41.1184375639744","41.3337804680962","41.5579649757104","41.7937960161296","42.0345118052626","42.2771255727964","42.5211609679159","42.7615033458822","42.9989587248136","43.2340395157819","43.5128093239219","43.8399353761386","44.1277940708602","44.3991889695686","44.5244092359706","44.5798282321541","45.0348489557386","45.5504141601279","45.7382250573557","45.8334639454277","45.9187818863414","45.9956727332002","46.0752151995214","46.1407448777555","46.172362764996","46.1870177712181","46.1758518104602","46.1207365161108","46.0266009114749","45.8966240880664","45.7127570140571","45.480618304732","45.2598486397125","45.0781491580064","44.9056239640074","44.7131927741162","44.5041477940883","44.3194047897507","44.1794288096602","44.0761783266999","43.993109219436","43.9055576829916","43.8210603052704","43.7552819668814","43.7017371204673","43.6568530123127","43.6077866058381","43.5350939540544","43.3606160283733","43.159531273307","43.0445872047057","42.981955315188","42.8972212514819","42.7437265484975","42.5437699571295","42.3158091569294","42.0582007128746","41.7605547898935","41.4422273702555","",
"Congo, Dem. Rep.","COD","Population ages 0-14 (% of total population)","SP.POP.0014.TO.ZS","42.8841240848417","42.7740889480072","42.682744574451","42.6519853872143","42.7047015163818","42.8055684476324","42.9225696499961","43.0409431254726","43.1600064569104","43.2944779743128","43.4471598072366","43.6396033286063","43.8473876249579","44.0249312054221","44.1840991287767","44.3288495265463","44.4707201846865","44.6054462324098","44.5152200309459","44.2977925954644","44.244312902369","44.2707182029137","44.2644615669607","44.2113793691404","44.1255058963142","44.0840544207905","44.1318348104874","44.1990282923426","44.2621346889278","44.3434635788914","44.3743834430992","44.4219613723554","44.472748541828","44.482245713408","44.1191977582312","44.0228880758749","44.7029799360203","45.406571797611","45.6415832938669","45.6271946760298","45.6678665855605","45.7016511304644","45.7483824181102","45.8196063531303","45.8685266140635","45.8772617936849","45.9019829077046","45.9660104288003","46.0393407811367","46.0884474508871","46.0618952303564","45.9855901351984","45.9533681142575","45.9560232668436","45.9689198821651","45.9896387919023","45.915744496713","45.8226348723783","45.867494578023","45.9777080255743","46.0525923753014","46.0943099215633","46.1121158392112","46.0882883515022","46.0329708653246","",
"Congo, Rep.","COG","Population ages 0-14 (% of total population)","SP.POP.0014.TO.ZS","42.7097611834227","42.9740420762097","43.2532171491455","43.4944102975431","43.698398856332","43.8774365510495","44.024049231631","44.1740247745449","44.3291741326939","44.492094537424","44.6591122519251","44.8317498693651","45.0127264721721","45.1885839325727","45.3533493311323","45.5223515955284","45.6747589557498","45.7826118147599","45.8385545125433","45.8284596684193","45.749649600639","45.6170287186744","45.4448879454134","45.2250540359905","45.0137870002853","44.85924057628","44.7289862197182","44.595032775766","44.4695966124657","44.3362777159682","44.1717915112411","43.9872008727643","43.8039139650851","43.5894007376912","43.4114018153527","43.2948754855725","43.1765314971835","43.257780323298","43.2870385661003","43.0752716854165","42.4531521535801","41.9089009675214","41.8794274331829","41.7382124804379","41.4425359986134","41.1478297897437","40.8670146966352","40.6714475571735","40.6660601298037","40.5268335957586","40.4284459324697","40.6396239774876","40.9553417924459","41.3342408709396","41.6555865495149","41.9067928402504","42.0531040858311","42.0879998190996","42.0513291889761","41.9421254015508","41.7661915552113","41.5436435019075","41.2564224245349","40.883697497204","40.4457962081244","",
"Colombia","COL","Population ages 0-14 (% of total population)","SP.POP.0014.TO.ZS","46.7855966814234","46.9577830114973","47.1001269742985","47.220984837199","47.2634957590998","47.2107222780146","47.1068182046029","46.94056221486","46.7017416479636","46.3946575443592","46.0190626636393","45.5913246604986","45.1089625397172","44.5660843128541","43.9865379194024","43.3876022399913","42.7867370001535","42.1685327243404","41.5243618057015","40.8845740253443","40.2620199833381","39.6738538195272","39.1276343666999","38.6052887410693","38.1063272706985","37.6456210788329","37.2315944792537","36.8586812212377","36.5117031117112","36.1841066442063","35.867601512617","35.5684059692059","35.2778314194118","34.9986352209733","34.7210616256801","34.4062005890993","34.0451041192867","33.650741338169","33.2500572539308","32.8598219164115","32.4817777896478","32.0999741559038","31.7051592225902","31.2981037475509","30.8615087319465","30.3831671488249","29.8540338054432","29.2805103210222","28.6812345450402","28.0682947999065","27.4594667000943","26.8609825086003","26.263594585768","25.658665088736","25.0633611156397","24.489485993707","23.9158548197047","23.3055636111038","22.6839423675104","22.1227454885225","21.6647057902778","21.2984499241802","20.9532806420881","20.5978461579186","20.2721132452225","",
"Comoros","COM","Population ages 0-14 (% of total population)","SP.POP.0014.TO.ZS","41.6251896813354","42.0318487482667","42.5136112827703","43.0868144035007","43.6878822742854","44.1330529802249","44.4823769910776","44.8875299015677","45.2642734136972","45.550651685014","45.7559755021306","45.9063387131995","46.0416454389382","46.1774536445459","46.3132248494111","46.4499422126055","46.5817811506429","46.6981599819233","46.7954408098512","46.871787205872","46.911651925702","46.9073715572892","46.8831463379804","46.8592147219885","46.8454452893192","46.8531126400791","46.8775512248383","46.9070921622945","46.9336817754422","46.9548814023454","46.9602212343102","46.9308932381529","47.1041952215862","47.455254791189","47.7111020082237","47.8687732629957","47.9369153307808","47.8965688712084","47.7302929263111","47.3906441789245","47.0078598416839","46.7408903183363","46.5512722224061","46.2879356262532","45.7443895685237","45.0295860983301","44.3208218892672","43.617837781324","42.9222938883566","42.2472242667819","41.6116401663928","41.0268001484905","40.4986873367423","40.1513230895191","39.9669010298629","39.7896879240163","39.5888187386163","39.2775181238308","38.9013595303205","38.5632448403083","38.2677596275572","38.0040565918395","37.7186557466662","37.4013831349727","37.1214061858144","",
"Cabo Verde","CPV","Population ages 0-14 (% of total population)","SP.POP.0014.TO.ZS","43.6284814390702","44.3494957854264","45.0831159116615","45.621423666743","46.0017889842451","46.195723200575","46.2096131838854","46.0877681906777","45.8510386283887","45.5200136080001","45.2076349931396","45.0357341440895","44.9874910049565","44.9691711045381","44.9390223749876","45.2649527378068","45.9031200012926","46.4614563338006","46.9304675823785","47.2927882809566","47.4290212526407","47.282108062932","47.0245608973203","46.7796128279434","46.550853272215","46.3515322499388","46.1878195857927","46.0508197547173","45.9301435023742","45.8248765985098","45.7332088533502","45.6206154150177","45.4555621925956","45.2320475663304","44.9487174799349","44.6017682182325","44.1882978798396","43.7107423217556","43.1644206751731","42.5343126112074","41.7819740027685","40.8940609568253","39.9273304984948","38.9324289211907","37.9275277213089","36.9332664076905","35.9639514802003","35.0141427821427","34.0710674073261","33.1313803860979","32.1883070199271","31.2683731338468","30.4464259554062","29.7566499097076","29.1915003254767","28.7705640294032","28.5198939820058","28.4092393540173","28.3744144600372","28.3753870812131","28.3955354740183","27.9920216626762","27.1745927298404","26.3708514053841","25.5473187051443","",
"Costa Rica","CRI","Population ages 0-14 (% of total population)","SP.POP.0014.TO.ZS","46.4372020706654","46.5917832675337","46.6815442356999","46.691828585776","46.6193707788991","46.4790241885049","46.2561564626681","45.9384234302887","45.5139329011209","45.0050341576609","44.4368495265502","43.8024314033229","43.1023790557246","42.3427843327876","41.5495158835355","40.7504782056263","39.9713517410696","39.237809095135","38.5692404605764","37.9851621971296","37.4844575716018","37.0652644244958","36.7377929234959","36.5196772598764","36.3860399322311","36.3052875129381","36.2649444939713","36.2350870242635","36.1956946911883","36.11634301161","35.9672723824729","35.7342632010233","35.4218669787818","35.0447900455941","34.6059389679558","34.1186266256616","33.5877765567573","33.0077901813513","32.3938888747167","31.7630351976813","31.1210062424147","30.4630243303291","29.77529040988","29.0680995833439","28.3699407927592","27.7064187888971","27.0674405470804","26.4553087468231","25.8993947260344","25.3802898845746","24.8507669730344","24.3414349283369","23.8829627394988","23.4234747135744","22.9642578672779","22.5297805320568","22.1206092668016","21.7587214952769","21.4468038157109","21.1293168479945","20.7362762001621","20.2971746471706","19.8396344419345","19.3309875741488","18.7992771803014","",
"Caribbean small states","CSS","Population ages 0-14 (% of total population)","SP.POP.0014.TO.ZS","44.0519318107268","44.1633126086197","44.3474053849867","44.5469375966025","44.6880315051056","44.7929546531039","44.8383515662649","44.7953299774277","44.6774382652689","44.4638605524109","44.0985114583866","43.6388859808934","43.1350978120193","42.5739515852989","41.9730932544472","41.3134694800222","40.6207509189984","39.9065245452269","39.1921867408592","38.5388006860229","37.9626620704074","37.4265600618628","36.9395000254522","36.5303033140626","36.1890464091344","35.898638680585","35.6230541564917","35.344237794095","35.0489036085023","34.7573230013057","34.4795163057663","34.1917977742623","33.8968564912932","33.5896249982216","33.2632816840666","32.885090285895","32.4399014138312","31.9533351979422","31.4240910260215","30.8762189680022","30.3370334841105","29.7959103636001","29.2576312356805","28.730706438259","28.2300850277807","27.8394420148112","27.3878710424554","26.9456369097949","26.527763813296","26.1424152625704","25.7437472940946","25.3456741082759","25.0013849195353","24.7066008105018","24.4235274171934","24.1407158682696","23.8614162407707","23.6027038154405","23.2739598759029","23.0159639303457","22.8587512354643","22.6452048841422","22.4032110204284","22.1328394383979","21.8600503553875","",
"Cuba","CUB","Population ages 0-14 (% of total population)","SP.POP.0014.TO.ZS","36.0267244867804","36.1996432437716","36.4523375773661","36.7650675308959","37.059055091333","37.2979707183502","37.5122323319237","37.6951497283788","37.8298356728989","37.924060655337","37.9700449294894","37.9330800410064","37.8058440198376","37.6014206302888","37.2950441278479","36.8422745996179","36.208620375946","35.37169404441","34.3385437367046","33.1553531979861","31.8779264697566","30.5360456084255","29.2645969977545","28.1427302861588","27.0979745562998","26.1070208381175","25.1741001559217","24.3314396369274","23.6434269954871","23.1353154959019","22.7893829261923","22.5467313699658","22.3595622448642","22.2257458723252","22.1480511566164","22.1184844950675","22.1036789785815","22.0074697665943","21.8010346893949","21.5480160027377","21.2612380192344","20.9473739183994","20.6106499730081","20.2352163256793","19.8092742648742","19.3518539400566","18.905461300191","18.5112169481157","18.1879062890232","17.9349075468408","17.7216829097716","17.517219508686","17.3160675068701","17.113261951551","16.903384264555","16.6972792040347","16.4882120918065","16.2756430596518","16.0951419631976","15.9515574903218","15.8354728205638","15.7659497785886","15.6770001681763","15.5139771525782","15.2939497984614","",
"Curacao","CUW","Population ages 0-14 (% of total population)","SP.POP.0014.TO.ZS","41.517413029417","41.6499435945359","41.5709710751372","41.4298553685449","41.2374581939799","41.0695296021114","40.9330751081809","40.7637339320182","40.5452128109448","40.2548286583509","39.8730653233023","39.374564665992","38.6839289675239","37.8167185877466","36.8774930985214","35.9057959341474","34.921058211938","33.9492716454657","33.0101405728512","32.1179335114201","31.2919698710583","30.5498598484003","29.8837053614124","29.3023522735243","28.8316186272571","28.4772987616346","28.2347907440107","28.0680503442148","27.9416705866541","27.8423002474073","27.7736219777256","27.7528675368454","27.7755030322179","27.7888713764657","27.7672032042585","27.7138693779983","27.6093776286752","27.4410527996594","27.1970953938751","26.885440717099","26.5411929622033","26.2201988241877","25.7352588398983","25.0494383465789","24.3443605157664","23.6400705821707","22.9621979607226","22.3094243358973","21.6753351639477","21.0620888817584","20.5056126058937","19.8961315792793","19.4250730312636","19.1929936422883","18.9723499790943","18.7561520178619","18.5105717223191","18.1905575731681","17.1816271852894","16.493091277441","16.3194932384957","15.9399291474763","15.5877298759877","15.2426561396129","14.927903861032","",
"Cayman Islands","CYM","Population ages 0-14 (% of total population)","SP.POP.0014.TO.ZS","36.2563037674281","36.9935476370401","37.7234939072998","38.355629877369","38.8370697649048","39.2031191582546","39.4330840437216","39.5076261643976","39.4393741851369","39.1766268260292","38.6564609679566","37.9049335435909","37.0595486037319","36.1860352936447","35.2028366631081","34.1383812010444","33.0369806621234","31.896722939424","30.7010014306152","29.5027827044217","28.7019146320042","28.1709019826864","27.5340675751353","26.8605689501212","26.1776137280305","25.4900581504408","24.8012073975627","24.1039310016036","23.4483622471347","22.8837919874565","22.3373975922151","21.7864404916741","21.3112749379826","20.9517614091273","20.6797014544527","20.4578077757078","20.2589110505814","20.0630222547337","19.8434516474141","19.63483439557","19.5984775923779","19.6329917982915","19.5726063485716","19.465340449988","19.3113788959571","19.1087363077745","18.8889119256925","18.6779238030068","18.476486515547","18.2958465178597","18.186271338392","18.1651425642686","18.1288340873887","18.0223339868724","17.8672052260204","17.6647605142556","17.442017099706","17.230051676984","17.0198891424845","16.7681613617122","16.4716930311788","16.3456120957102","16.3552935753546","16.2942577836195","16.1877581170466","",
"Cyprus","CYP","Population ages 0-14 (% of total population)","SP.POP.0014.TO.ZS","36.4956776756637","36.3832756240827","35.792659761865","35.1465289533834","34.5195229881727","33.9510729502571","33.4505686648807","33.0034437768077","32.5743871200349","32.1356885411322","31.6837234302166","31.2356088984023","30.8191736787369","30.3431856166574","29.9684585392625","29.5821766727757","28.8051786016386","27.8541239288533","26.9650285571481","26.1765569722633","25.5139984423402","24.9901109389346","24.7686459750394","24.9156209127223","25.1358895867566","25.2376495074025","25.2412682200148","25.1793557105666","25.0856624179673","24.9764606004476","24.8478310091768","24.6860856330356","24.5574545515126","24.6299640027142","24.7242404403155","24.5985545297005","24.3024319812607","23.8862682270313","23.3927032807463","22.8513579032541","22.2806757440513","21.7380075446492","21.3313600423867","20.962694704829","20.4861007068153","19.921459361879","19.3003154346758","18.6632777531","18.0489658133877","17.4848630440132","16.9867172540923","16.6220014522555","16.3965584260128","16.2170209351336","16.0713030157668","15.9803821479514","15.9428912083582","15.9324645980887","15.9248074444958","15.9283857612452","15.9491955254282","15.9894588093829","16.033258973839","16.0538983795616","16.0721779424302","",
"Czechia","CZE","Population ages 0-14 (% of total population)","SP.POP.0014.TO.ZS","25.6249184492546","25.121482567826","24.4662090004131","23.9135396878709","23.5286497582701","23.164019008231","22.7366080475223","22.2960129296266","21.8977366297454","21.5710729752691","21.319507003774","21.1467192736394","21.0924493521449","21.2400504330112","21.6277457183328","22.1129933685579","22.56001176268","22.9413208145869","23.2167057920597","23.3689395320548","23.4447106356802","23.4848469755154","23.5049471024322","23.5100774841675","23.4786598774037","23.3901572171065","23.2303351581734","22.9694288856932","22.5686759223846","22.0265185789675","21.4212479464523","20.8552411917344","20.3135763690639","19.7715049361468","19.2147567077761","18.6726441439705","18.1840882320033","17.723987945196","17.293110032983","16.8757800170865","16.4614072907912","16.0621948769031","15.6932078893161","15.337828054334","15.0064228255472","14.7095677812173","14.4460838974793","14.2767048224128","14.2086860627603","14.2419317483871","14.4026460919403","14.5919098174448","14.7594799252141","14.9260797747157","15.0964291865759","15.2736021042117","15.444687915284","15.6139377516609","15.7768550518408","15.9113632326295","16.0028177853172","16.0689157611579","15.9477000974308","15.6736356440817","15.397296108304","",
"Germany","DEU","Population ages 0-14 (% of total population)","SP.POP.0014.TO.ZS","21.284152360226","21.7070935023809","22.0333376204439","22.3389513478267","22.6125394409779","22.7973287177832","22.9559415536387","23.1404871492096","23.2647309157936","23.2532115789434","23.1590144645613","23.0175790244571","22.7697301287221","22.3931058315944","21.9584155374606","21.478905233059","20.9184789720805","20.3162568678444","19.6909981576671","19.0533581957627","18.4593516917974","17.9133162536629","17.3823016804755","16.867101506468","16.3848162467496","16.0108506145324","15.7755856578235","15.6363753659192","15.6723154331432","15.8603816000506","16.0867963009817","16.258055906019","16.321172728234","16.3441551203909","16.3286602348081","16.250858686528","16.1528018555614","16.0786499632393","15.9351183002758","15.7741157083767","15.6535979748025","15.4800911459288","15.2625653942145","15.0133625126399","14.7540125320631","14.4931869040168","14.2108909465599","13.9853177564653","13.8430409429011","13.757187332007","13.6959117280411","13.57900848085","13.3908067735671","13.2325545744687","13.1791375303406","13.2101109669446","13.3264938863506","13.4570189858595","13.5626162807968","13.6625971101334","13.7617263334875","13.8577309430111","13.9125311211787","13.9155702737293","13.9101604189277","",
"Djibouti","DJI","Population ages 0-14 (% of total population)","SP.POP.0014.TO.ZS","44.1772063610155","44.0015661707126","43.8300654996087","43.6544670590159","43.5296397684052","43.5930224031093","43.8030007937919","44.032010127498","44.2555779509632","44.4702873708925","44.6740141208886","44.8667620668317","45.0439531687483","45.1997489478787","45.3280792883157","45.4263296301237","45.4972544498715","45.5387195469202","45.5500541903322","45.5312252678868","45.4801037398524","45.3972779240162","45.2846895314952","45.1468395602255","44.9864992592168","44.8058914243569","44.6082541812139","44.3984740266528","44.180668409962","43.958689608392","43.7438582596324","43.5366000519734","43.3221061341721","43.0770758597336","42.8214804295448","42.5387869348607","42.172027984971","41.4751774105319","40.6492724693716","40.0335948567973","39.5671992597534","39.1284083115415","38.7299610092839","38.5696584836986","38.5461737863649","38.4263799696604","38.1172262446188","37.6891521421568","37.2403970501835","36.7891461251285","36.3643595307291","35.9408891922735","35.5177541188366","35.0719341364883","34.5776851406303","34.0336739804354","33.4449473957094","32.8238250237832","32.1897373031733","31.5752877949939","31.0085564589208","30.4978470418676","30.0233665407318","29.5746062144416","29.1700678176675","",
"Dominica","DMA","Population ages 0-14 (% of total population)","SP.POP.0014.TO.ZS","44.7239439466415","45.0434739280998","45.3066548533176","45.6073146633408","45.9732374675454","46.4156083427159","46.9266901266529","47.4936913447537","48.0856260864353","48.6505383862397","48.7113252452545","48.1159753782431","47.3158721096203","46.5031274571613","45.6938690823668","44.8934966222117","44.1000041656831","43.3096476145097","42.5144554373758","41.6727202949602","40.7454537991051","39.5726577699833","38.196388650043","36.9075997208576","35.8200566226269","34.9165086975914","34.1775608663077","33.6088309420892","33.2301809297879","33.0853057937238","33.148060378876","33.18493719019","33.0385863685539","32.8146041119073","32.5620893395609","32.2599451549983","31.9168707679009","31.5257074416658","31.0714724880469","30.551986002512","29.969639911839","29.3316541705717","28.6775783638305","28.0435131546307","27.4330288860726","26.8220471524489","26.1661325601506","25.4569882711791","24.7436604990269","24.0844272769517","23.4967360601814","23.0748622444916","22.6274098455529","22.4585813669942","22.2542736560897","21.6801590683142","20.7530905878043","19.8659785536487","19.5256290841884","19.1903418507524","18.8462847587054","18.5254903127883","18.2928927895371","18.1099224934409","17.8732724114493","",
"Denmark","DNK","Population ages 0-14 (% of total population)","SP.POP.0014.TO.ZS","25.207854621051","24.6955751995534","24.2466702829735","23.9542677501948","23.8249252259317","23.7867096071392","23.8219472103192","23.8334159735317","23.71581459942","23.528153957266","23.2929644182805","23.1119518555279","23.0113934024405","22.8809526867646","22.7336116928849","22.5956324998387","22.4106113294924","22.1319283810791","21.7687935774699","21.3395875613914","20.8497581826249","20.2589937693652","19.6625232627447","19.1777052058694","18.7807772577749","18.4384086484635","18.0938967576232","17.7410082536389","17.4530668818864","17.2403006985582","17.0599831745615","16.9618173562128","16.9923832518558","17.0736939200025","17.192372655663","17.3937776113243","17.6379157556011","17.8722089825328","18.0967399423332","18.3091860014907","18.4996287683941","18.6578669813623","18.7708369799695","18.8346220996266","18.833084347809","18.7654631021793","18.6671068263993","18.5297752108491","18.3659798970232","18.190304739685","17.9921726610924","17.7845423561112","17.5611348989206","17.3294991881603","17.1096783475797","16.9156945448045","16.7748652674723","16.6698524657044","16.552020172513","16.4286530578059","16.3064495938459","16.1739311718656","16.0362862106758","15.8669526161681","15.6963833177301","",
"Dominican Republic","DOM","Population ages 0-14 (% of total population)","SP.POP.0014.TO.ZS","48.5856179697586","48.8852902964738","49.1077565794313","49.2479627811213","49.3404662004221","49.3874514680962","49.336428813206","49.1747378048411","48.9176219796598","48.5800092821312","48.1826271966613","47.7415792660615","47.2705783872896","46.7819441881424","46.278191533632","45.7626169892802","45.2436861337153","44.7249175656667","44.207578227115","43.6947884135604","43.1991798970752","42.7174589282729","42.2503599690001","41.8218479083525","41.4207732817727","41.015696680955","40.6048902572487","40.1953545128282","39.7927953296318","39.415255998212","39.0605908924916","38.713820675567","38.3713122059909","38.0327514198793","37.6874145576269","37.3272868532414","36.9616191226735","36.5766734439852","36.1475009239971","35.7097291470918","35.3192205671123","34.9585939493825","34.5837350680365","34.1718166451759","33.7100923327811","33.2110429078093","32.6936712776996","32.1811237250755","31.7022018921711","31.2685831692068","30.8703969124787","30.4901408122157","30.1423348063947","29.8367468761136","29.5305305521215","29.1898698100371","28.8385095119102","28.5092271443388","28.2130950286975","27.9439906771072","27.6825804165948","27.4364069035797","27.1919594566107","26.9140017944156","26.5786510625149","",
"Algeria","DZA","Population ages 0-14 (% of total population)","SP.POP.0014.TO.ZS","45.5366128538996","45.9496176051639","46.2495266728558","46.575046248084","46.8524270446517","47.0096879942872","47.1069896439805","47.1676225383933","47.1331658241865","47.0470581334116","46.9665934510638","46.9004611411812","46.8271540762794","46.72897281677","46.5871184343188","46.717394210553","47.1608496956275","47.2833749025586","47.0445020094421","46.7686787480461","46.470377500635","46.1473459518614","45.7999100056018","45.4311145396571","45.0385410960311","44.6206086004461","44.1626196937385","43.669986773376","43.1406756053015","42.5774936829125","41.9840213967554","41.4101085975402","40.9732066886437","40.5140688244564","39.8675492841655","39.0834265755967","38.1868339712013","37.2007529386978","36.0804219506182","34.8731499751094","33.7054579775023","32.5957479825675","31.5392293075006","30.5646468811554","29.7092758718616","28.9916210422048","28.4196478499297","27.9830869295925","27.6792351291085","27.5075826747171","27.4582315570484","27.5220270839452","27.7156085429789","28.0774960876092","28.5548763952626","29.0409389875628","29.5001353831674","29.9456114625482","30.3410419495008","30.6392172353534","30.8424615897551","30.9168972817222","30.8411919729913","30.6393475431697","30.3290046531181","",
"East Asia & Pacific (excluding high income)","EAP","Population ages 0-14 (% of total population)","SP.POP.0014.TO.ZS","40.7049221554434","40.5193257221254","40.6149110730471","41.1682246764512","41.6864279550705","41.9279020241904","42.018209760933","41.8830277101676","41.7241686989776","41.6551640452034","41.5160105453749","41.3846014653199","41.1491145476938","40.9042638815077","40.8404723184959","40.8165265326451","40.7570695536794","40.3199973089676","39.2960845321935","38.2151284413723","37.2982755105568","36.4570882003764","35.7693196212212","35.0005789585992","34.1129279237702","33.2983940808943","32.5957265251165","32.0523901119853","31.5799130502856","31.1990576488117","30.983400992469","30.7741568469269","30.4970710873899","30.2145076461262","29.8862988980924","29.4979232295478","29.0440656859251","28.4888976376018","27.9258930203497","27.3819133856734","26.7963594157448","26.1515568051992","25.4230537347132","24.6948277402999","23.9878498233977","23.2597004741702","22.6678527296485","22.2765131536371","21.9738547843861","21.7303146533459","21.5234741142374","21.3505579570376","21.2433970150395","21.179811599113","21.1336379789639","21.0610070390844","20.9853596673421","20.9542493900858","20.8697936204329","20.7059881975391","20.4565760077656","20.1133261926198","19.7039467875715","19.2391721818504","18.7399346146413","",
"Early-demographic dividend","EAR","Population ages 0-14 (% of total population)","SP.POP.0014.TO.ZS","41.5037028302325","41.7606592245784","42.0114192108345","42.2625171319269","42.4586712002761","42.580727445709","42.6669598654866","42.7123547400263","42.7302230526715","42.728734018944","42.6828913370322","42.6249184368354","42.5579135249953","42.4644114374609","42.3508856318153","42.2094658362211","42.0583418912725","41.8920808581294","41.7217812457926","41.5529184046471","41.3842401377804","41.2180387489293","41.0551278120705","40.9005918454147","40.7542716554849","40.6100336484622","40.4534031614096","40.2829331238577","40.0975442388685","39.8972992641595","39.6769314908146","39.4322407758909","39.1955736385425","38.9423979659039","38.6627920420957","38.3465456208113","37.9896497048274","37.5975817949911","37.1664656023694","36.7164036977562","36.2667811159583","35.8279908231632","35.4072976403192","34.9897599388783","34.5627812859016","34.1409370424093","33.7243142629756","33.3150118920919","32.9300063702873","32.5633066791052","32.2009845998338","31.8487748721782","31.5097375438363","31.1784895510371","30.8438392827991","30.4932440494926","30.1391132961982","29.786971737206","29.4420560148862","29.0972932912581","28.7457863634145","28.41207517648","28.0637357094565","27.6884010178486","27.3077335506743","",
"East Asia & Pacific","EAS","Population ages 0-14 (% of total population)","SP.POP.0014.TO.ZS","39.6763078026419","39.468050275766","39.4748192347795","39.8836351392136","40.2469339177365","40.3896628870061","40.4194780796889","40.2786505861032","40.1365728429247","40.0486835780731","39.9014004369979","39.7565611752177","39.5477420103889","39.3309271443509","39.2601745351731","39.2095882337404","39.1198718380443","38.6977724460388","37.7631599585582","36.7774108658939","35.9314821652147","35.1611448171951","34.5256485793665","33.8041870009971","32.9711936864486","32.1919118411153","31.5022050345821","30.9486431949726","30.4578847059571","30.04968075854","29.7941340765208","29.5527495307758","29.2605856141553","28.9690769448273","28.6396669877755","28.2581858995262","27.820008926086","27.2974489075418","26.7704355231551","26.2609943812869","25.7189223057151","25.1286004659982","24.462951869845","23.7950705422269","23.1445706269431","22.473559627995","21.9209732968034","21.5465816928014","21.2521969893914","21.01114758275","20.8025009103137","20.6251227736245","20.5086281583009","20.4337742781944","20.3763170748498","20.295168958142","20.2113666521455","20.1707963503782","20.0824465201919","19.9217709197316","19.6842723522888","19.3615778275131","18.974314583675","18.5311207603779","18.0595575955364","",
"Europe & Central Asia (excluding high income)","ECA","Population ages 0-14 (% of total population)","SP.POP.0014.TO.ZS","34.0365451498765","34.566053870293","34.9105420938619","35.1261335027648","35.184340687716","35.1303683035665","35.0433486601529","34.9395775731158","34.7997456728326","34.5987493838951","34.3454797785303","34.0690456629839","33.7761608704238","33.4542852045233","33.098508295608","32.7117850314398","32.332592722164","31.9821276882644","31.6400791784698","31.4029002107783","31.2590978339664","31.14317054537","31.0494503017026","30.9928316850855","30.9649413434843","30.9228093746669","30.8681052096518","30.7936721174742","30.7020141512032","30.6118559461686","30.5102977859513","30.3972878194008","30.2654248606784","30.1164391826483","29.8994984103497","29.592650758148","29.1998122671127","28.7450915591771","28.2203072792031","27.6392370487713","27.0335537301326","26.394326582348","25.7545699283319","25.1742257841031","24.6650417650366","24.2167448691249","23.8112177241516","23.4639625668512","23.2162435258392","23.0267224930716","22.8744261050609","22.7700801413825","22.7240229397696","22.7247973399483","22.7602683220192","22.8196079921543","22.9051812138305","22.9867557497422","23.046483683676","23.1105915261625","23.1704826414304","23.2084088000796","23.2544235272914","23.2006202686991","22.9919855236037","",
"Europe & Central Asia","ECS","Population ages 0-14 (% of total population)","SP.POP.0014.TO.ZS","28.1110856093968","28.3027165722257","28.3055229085443","28.2498204326595","28.1350187122404","27.9639109329759","27.7920129879653","27.6236963639539","27.4505043197826","27.2374448319993","26.9700607012647","26.7055488270446","26.4387977248657","26.1484633984222","25.8466834918015","25.5392752317698","25.2300951213878","24.931089582756","24.6315879344793","24.3632169097638","24.1567291722189","23.9727871621945","23.7937515099363","23.6404701070764","23.5024729922896","23.3661941156769","23.2332073288328","23.0987306965905","22.9818221273348","22.8627881079438","22.7147451758075","22.537927336442","22.3374452212051","22.1255754028353","21.8813871174412","21.598003516983","21.29629395933","20.9712426096325","20.5981594949732","20.2076915574241","19.8192501498772","19.4120066469887","19.0172144346553","18.6686161463345","18.3556474172903","18.0744928858043","17.8323049669384","17.6467802085731","17.5518437385021","17.5124129302571","17.4954193707026","17.5076502061672","17.5354388688641","17.5772067081053","17.6351860944712","17.7034892188489","17.7808101777047","17.8482795701969","17.8781361783609","17.8849563137616","17.8760765780044","17.8491848520472","17.7662844546343","17.6010405329251","17.3943604133947","",
"Ecuador","ECU","Population ages 0-14 (% of total population)","SP.POP.0014.TO.ZS","43.9000512101028","44.1067451646232","44.2911726322594","44.3971873250288","44.4101245883915","44.3969631764022","44.3885823075495","44.3705806877972","44.3407002059338","44.2972591963515","44.2396716892049","44.16490590298","44.0676063258363","43.9452585292828","43.7989339563906","43.6297092944397","43.4368081463074","43.2186226346083","42.9737943868068","42.7042010630695","42.4108029057993","42.0985380789826","41.7700642673186","41.4228287295255","41.0661269879541","40.6947377679898","40.3013021791959","39.8923101724312","39.4847768274437","39.0975479825328","38.7304148220018","38.3890014002025","38.0620674369992","37.7398564890911","37.4193878280512","37.0946820350382","36.7726193393681","36.4473808832448","36.1065413715711","35.7483223804096","35.3878617538348","35.0307211271112","34.6686776057368","34.2924486731177","33.8919477365272","33.4694143593938","33.0298315048386","32.5800611120017","32.1423184343408","31.7341996429302","31.3327423550055","30.9274889027642","30.5167627631662","30.0653486852687","29.5684264877395","29.0480335787806","28.5021025421871","27.9513711595371","27.40143850747","26.8591794998639","26.3938617118386","25.9766482079736","25.5167430556853","25.0046899116094","24.4558490395414","",
"Egypt, Arab Rep.","EGY","Population ages 0-14 (% of total population)","SP.POP.0014.TO.ZS","42.32340597444","42.3833456433193","42.31945410618","42.2175711708313","42.1447422339082","42.073953740966","41.9746121998183","41.854894466331","41.7135876181085","41.5616148705351","41.4218962260256","41.3085236676983","41.2169626244211","41.1398482981092","41.0807395282134","41.0473105608515","41.0601376932606","41.0926676137604","41.1215650153368","41.1655448184841","41.2108175183701","41.2401900945228","41.25611206317","41.2587235590577","41.2522732575506","41.2500713511833","41.2611333556614","41.2603955799478","41.2336084457543","41.1724707683613","40.943993537434","40.6681804073107","40.4130474492869","40.0907695816784","39.7349583279077","39.3314349323974","38.9051960755295","38.4660989296334","37.9791284922898","37.4620946750794","36.9399950609773","36.4236422830517","35.9287809094691","35.4436267952746","34.9863379790267","34.591385173181","34.2811449177581","34.0685851792721","33.9447160701419","33.8866340389718","33.8874180811044","33.8837408018102","33.8811203097682","33.906155789662","33.9580258125986","34.0618753661117","34.1221179024099","34.104326001015","33.9830711245326","33.7421026726152","33.4741409316525","33.1918381396874","32.8513404037593","32.4351191889426","31.9946550599489","",
"Euro area","EMU","Population ages 0-14 (% of total population)","SP.POP.0014.TO.ZS","25.1393226728646","25.2201493610619","25.1813807973574","25.1395358431443","25.1351111938259","25.1194684159773","25.1274683945003","25.1343672071019","25.1199695439641","25.0657451207251","24.9547891865975","24.838886206431","24.6728927454955","24.4529409836571","24.1913660966217","23.8946385028102","23.5602902847821","23.1974777697523","22.7971506698526","22.3512290761774","21.9220822044065","21.5057058205833","21.0842121760697","20.6764768539973","20.2658472931847","19.8736193977593","19.5046013065384","19.1541374825487","18.8601451330928","18.6195336908305","18.4050543955139","18.1644395463908","17.9349510803072","17.7530744129056","17.5434620313301","17.3242881810282","17.118970528622","16.9313529034596","16.7567134029395","16.6099827104565","16.4919282664511","16.3637574963664","16.2317715145721","16.0890177765105","15.9363528229608","15.7949052099675","15.6627730151857","15.5550315387582","15.4970657510893","15.4843555741935","15.4755668226513","15.4539873347022","15.3954335991585","15.3161007615893","15.2454404535189","15.1814555090145","15.1237410385872","15.0725684813615","15.0000938733895","14.9075591372534","14.8047522560388","14.6897870697894","14.5519511551491","14.370029508772","14.1705249694984","",
"Eritrea","ERI","Population ages 0-14 (% of total population)","SP.POP.0014.TO.ZS","41.4515398492514","41.4032421530114","41.3832293492517","41.4548192886368","41.5842346635402","41.8259721187196","42.1442962461215","42.4453838867659","42.7556639082977","43.0407700295089","43.3180827904231","43.5990483907115","43.8488292204338","44.0247953796522","44.0984074877443","44.1184198379503","44.1792774241987","44.2585991170708","44.3141585072827","44.3571628921953","44.3882245426338","44.4118102512244","44.4332839269084","44.3531574413771","44.1923023845895","44.0709828680068","43.9740586744593","44.0066787774883","44.1649690481823","44.3431284181263","44.5455314681634","44.6141467583504","44.7414257027666","44.5375595397969","44.4025466125716","43.4565170913267","42.9182734591706","43.7478001491078","44.433259028026","44.9283153028509","45.2371151087813","44.964260512781","44.4318752617032","43.6776009331558","43.0056612375055","42.9435319851143","43.1325924671038","43.2999875146839","43.0202453372344","42.7315318996428","42.5705978212246","42.3165031674329","42.1150590461571","41.96199502303","41.9957369096553","42.1052207888726","42.0787704923804","41.9127797668003","41.5061981630003","40.9911412711708","40.4027107465035","39.7738571295956","39.2010493197284","38.6774308762748","38.1370165145804","",
"Spain","ESP","Population ages 0-14 (% of total population)","SP.POP.0014.TO.ZS","27.4474885058557","27.4095841060166","27.4334586266145","27.3972176455912","27.4154941000033","27.5264936873939","27.6449148897347","27.7363203501395","27.7799488247262","27.8364150654916","27.8625386071391","27.8433862058384","27.7737983183317","27.6548437464725","27.5134314222441","27.3444774995615","27.194766847227","27.0307816937688","26.778392366827","26.4140883897952","26.0028404346798","25.4962904340703","24.9113299734541","24.352298069152","23.7672277314208","23.1565417152434","22.5305035427843","21.8774526964944","21.2073898965154","20.5164957353155","19.7896345294186","19.0774322142024","18.4250833113576","17.8073035147794","17.207539313762","16.6246714097882","16.1133858344427","15.6938113675831","15.330549939502","15.0385455132257","14.815829862741","14.6602318145479","14.5742351751512","14.5448266635092","14.5192818634978","14.5057421269898","14.543139992054","14.5948435805937","14.6850331352484","14.8118630613198","14.9215556038969","15.0089538303643","15.0600098504152","15.0721422735095","15.0512623691846","14.9967903134298","14.9182925617657","14.8205817262009","14.665685455539","14.4487958383745","14.1995072556252","13.9083161586305","13.5959103362946","13.2586507610337","12.9217448695747","",
"Estonia","EST","Population ages 0-14 (% of total population)","SP.POP.0014.TO.ZS","23.1338691453092","23.3166756735423","23.3373705461121","23.2385049012626","23.0209881565155","22.7922794174523","22.5550695861572","22.3255429895618","22.2055176538392","22.1305744337889","22.062531138354","22.0428012945662","22.0205707563083","21.9438571642448","21.8044457605733","21.6494023372616","21.5540206910514","21.5209627780036","21.5387078866854","21.5850574497325","21.6584160930548","21.7797082012928","21.9239839762768","22.0478163744924","22.1107085961127","22.1240434949791","22.1315478775952","22.1641947074641","22.2328694109475","22.2876163890002","22.2597096675897","22.1100132970611","21.8127764229859","21.4332246257832","21.0699024336694","20.698255823158","20.2590037577083","19.7607309482404","19.2034098579049","18.3854828108886","17.6310328511801","17.1516991956685","16.6459456226644","16.1140897983003","15.6100936686344","15.2054013459079","14.9575259275043","14.8530119798956","14.8869845648034","15.0356474215425","15.2360380442803","15.4328430735503","15.591335656003","15.7387078649341","15.8858596586258","16.0143270529813","16.1513213142237","16.2755057310685","16.3638660493531","16.4349537597936","16.4383705875783","16.3814966703573","16.2331590118151","15.9683030084933","15.6376190147191","",
"Ethiopia","ETH","Population ages 0-14 (% of total population)","SP.POP.0014.TO.ZS","42.2360241183242","42.1740823629873","42.1323868352132","42.1647721193244","42.2803105885996","42.5296389083088","42.8545284809691","43.1772378252287","43.5162026780389","43.8431068080513","44.1735292604209","44.5372667499904","44.9012843864796","45.2003304296431","45.398271998958","45.5510007998076","45.7411679265145","45.9226447686141","46.064020189365","46.1885269314925","46.3048892219849","46.4108753418733","46.4673367066934","46.3906372244141","46.2093891008408","46.0602702124203","45.9606896890101","45.9581814567083","46.0228121895478","46.1067757202939","46.2134162023457","46.1823894419794","46.1921831204196","46.3571036464232","46.5246302977434","46.6959670620824","46.8912085801696","47.1258113925895","47.3765387480658","47.595291691519","47.7492354642073","47.8192087982341","47.7997408743487","47.7150620992771","47.591474376701","47.4344549630449","47.227406150589","46.9476407456787","46.6014422014263","46.1894173240296","45.70980116655","45.1782888389551","44.6062797447069","44.0167937522897","43.4248611239395","42.8518050625533","42.300727124592","41.7696597741656","41.2893542158407","40.8607547349708","40.450755462362","40.0647936913075","39.7058031669702","39.3656371384098","39.059915806682","",
"European Union","EUU","Population ages 0-14 (% of total population)","SP.POP.0014.TO.ZS","25.9591532646363","25.9723510151242","25.8514231936335","25.7101205857221","25.5890551072436","25.4463550705148","25.3135010718805","25.2039862256099","25.0978136782291","24.9582171299482","24.7665869496138","24.5790962575104","24.3789796054462","24.1605711497144","23.9440416201766","23.7296912976694","23.5042615704052","23.2637148735431","22.9860108441099","22.6712674958359","22.3740753271211","22.0849650103134","21.7614303656679","21.4168305231491","21.0750444620561","20.757489352108","20.4579773063243","20.1639928119082","19.898049331613","19.6503534480083","19.401028874218","19.1242843748074","18.8535152294025","18.6181562981844","18.3605587586678","18.0895995246728","17.8276547941352","17.5812477735455","17.3451704805693","17.1283046250897","16.9233468002692","16.7070208311013","16.4919394324202","16.2767189692447","16.0614355668082","15.8667894223035","15.6953875595226","15.5606806085378","15.4823619096065","15.4445420581483","15.4322099095917","15.4262388156001","15.3810131948854","15.3212870842334","15.272686628001","15.232482114583","15.2027052033458","15.1839809498753","15.1489934858499","15.0948311931509","15.0233314383705","14.9294890307054","14.7994128574087","14.6172467935121","14.412810429926","",
"Fragile and conflict affected situations","FCS","Population ages 0-14 (% of total population)","SP.POP.0014.TO.ZS","39.3733156069904","39.5379976806684","39.6828915017853","39.8432236203319","39.9778056990065","40.0970528982232","40.2176258235572","40.3317375130282","40.4431913971968","40.5450179627422","40.6462496796977","40.7595363918727","40.8828586205162","41.0043526258098","41.1041629391937","41.1941854014237","41.2963581908337","41.3898017127183","41.4586395925545","41.5397976446813","41.6300790918315","41.7170553495107","41.803998497228","41.8843381569997","41.9569765460795","42.0120607546873","42.0534042797381","42.0875593562797","42.098563233424","42.0992322523304","42.1174525182989","42.070351428547","42.0305515432264","42.032224152463","41.9667032972725","41.871655371936","41.850107869727","41.8331376124715","41.7579544247877","41.660300130684","41.5800170944296","41.503479127081","41.4447345043547","41.3989803974991","41.3442585140751","41.2958269337104","41.238454400359","41.1568537703784","41.1026677544434","41.0674259138596","41.0152864067014","40.9682621662305","40.9369739443439","40.9151031912345","40.8818607922136","40.8106255866736","40.6873183045029","40.5313087576035","40.3570009866966","40.1588604750888","39.93514375191","39.6957785372033","39.4909325614285","39.2444956776473","38.9250823901979","",
"Finland","FIN","Population ages 0-14 (% of total population)","SP.POP.0014.TO.ZS","30.4047589592254","29.7802956515307","29.0659134603022","28.3697899057638","27.7259700682796","27.1484255394295","26.6421932922204","26.1549961636977","25.6693821544123","25.1768674617503","24.6186802654188","24.0079659549741","23.4050899564904","22.8681965775412","22.4062784160261","22.0132459721241","21.6661183811989","21.3384925392805","20.9902643928787","20.6298684902882","20.3084436490782","20.0215298484452","19.7729921717581","19.5889132298314","19.4790350453944","19.41004563099","19.3480207919272","19.3074508594596","19.3359477066046","19.3601645595003","19.3168958653986","19.244826362019","19.1773129229844","19.1353948118952","19.0920884979213","19.0295565369287","18.9313691791536","18.7740190761538","18.5553428434158","18.334702670556","18.1537272071035","18.0025485878776","17.8694217876354","17.7166885192755","17.5461654872815","17.3604320328962","17.1668948652518","16.9775427278108","16.8045011675249","16.6656661403055","16.5570849788765","16.4866697684829","16.4425320672634","16.4222521825031","16.401937570903","16.3570111050433","16.2879910704619","16.198971533637","16.069177706368","15.876109406441","15.6603302365519","15.4543387339099","15.2209461190717","14.9350079550124","14.6331861128204","",
"Fiji","FJI","Population ages 0-14 (% of total population)","SP.POP.0014.TO.ZS","46.4321570806706","46.4906427922009","46.5000063873795","46.4853531528226","46.4340144024908","46.3853847382794","46.2885955842602","46.1028619537056","45.8610415851718","45.5560419894892","45.1751545592144","44.7080738798957","44.1534862007015","43.5236811141193","42.8418373235757","42.1567929488493","41.5245242159501","40.9456260820836","40.4138436931763","39.9566093042733","39.5935508341842","39.3164109139415","39.1245207257348","39.0017178020831","38.9203293262989","38.8558938269029","38.7865782233608","38.7434122475736","38.7377050800879","38.7266563228725","38.6555431414842","38.4871020039607","38.238687151905","37.9202625609051","37.5298670937918","37.0871966807971","36.6089629187741","36.0737731310608","35.4831667695339","34.8778834085893","34.3178631694987","33.8291376136422","33.3906726826366","32.9863924846991","32.6030518112552","32.2372812589602","31.891004312274","31.5646468381613","31.2738335995501","31.0161379746682","30.7503468183331","30.4599126933143","30.1956950263876","29.9824030599578","29.796111420801","29.6312887963788","29.4539832848473","29.2227500480268","28.9395756558146","28.6223240913346","28.3052975912687","28.0081181528312","27.7023499546454","27.3852980942936","27.0932746472807","",
"France","FRA","Population ages 0-14 (% of total population)","SP.POP.0014.TO.ZS","26.5039892245507","26.491301042024","26.2158912106716","25.9680877574019","25.794083195322","25.6067568767283","25.4405144157153","25.2820262362963","25.1277993257327","24.9856971347303","24.8330985676423","24.708075024342","24.5927075791881","24.4420338018654","24.2118542160124","23.9382516222694","23.6391234841785","23.3243978588134","23.0052056471697","22.6644931782773","22.377713334189","22.140927735856","21.9397587033881","21.7435713803251","21.5134838182093","21.2699129124175","21.0035593975686","20.7172237890833","20.4518230093181","20.2540582017681","20.1379425706387","20.0781609512504","19.9995187201361","19.8710637248753","19.7142333077611","19.5235330753847","19.3207486423389","19.1341034607929","19.0074209728893","18.9550854619195","18.926146788424","18.872487167313","18.7886608054788","18.6879867742984","18.5854167338745","18.5027457673369","18.458057202809","18.441196090385","18.4587311698165","18.5076202099934","18.5311286006257","18.5432427769031","18.5347017093315","18.4442070907481","18.3460677450324","18.244961483963","18.0831627362917","17.9310747730834","17.7811833774633","17.6087445052606","17.439158040113","17.2452061536194","17.0314157651472","16.7847783333666","16.5051210259256","",
"Faroe Islands","FRO","Population ages 0-14 (% of total population)","SP.POP.0014.TO.ZS","32.8532708226504","32.5457570715474","32.2526671052255","32.0152016049278","31.8264872027338","31.723388450216","31.6665082232151","31.6411972635512","31.674653887114","31.7109202907153","31.6356794752865","31.3825801617446","31.071542536218","30.7973711099618","30.5565252081983","30.3210698219018","30.043028315801","29.6634795085426","29.1615040030499","28.6317349074575","28.1079135855496","27.5366471444453","26.9441488759593","26.3518429388523","25.8069161073082","25.3853326751138","25.060052389596","24.7640367209445","24.5168091835539","24.3953777179061","24.3825925847948","24.3987098427888","24.3924167526753","24.3328274379909","24.1711096772733","23.9552443085907","23.791792109016","23.7213740458015","23.765982091148","23.8104189934867","23.7744319737202","23.6937716262976","23.5996326905418","23.4767573038683","23.2456916749102","22.8781753703953","22.496515409633","22.2284111069852","22.087508763248","21.9753137341844","21.6879975918372","21.3981724871699","21.2513775966397","21.170476081981","21.1742506264114","21.0621043697015","20.9329092836589","20.9511772784268","20.9526982011992","20.8742030998331","20.7505728656594","20.6238273921201","20.4347262594657","20.1568168733494","19.9658841686297","",
"Micronesia, Fed. Sts.","FSM","Population ages 0-14 (% of total population)","SP.POP.0014.TO.ZS","45.272984835466","45.6455951580363","46.0193649591605","46.4079256032172","46.632371928469","46.6779129302436","46.7129120221978","46.7839135319844","46.8858755432137","46.9827020500302","47.0859780727063","47.280103567983","47.5380354060455","47.7588847560404","47.9448200339171","47.9433770586621","47.7874247811321","47.6502763133719","47.6224838326152","47.6783382631172","47.7062797938171","47.6987762314445","47.6544351062407","47.5699549477737","47.4345003211893","47.2410179807596","46.9899692737884","46.6985085957393","46.5047658772458","46.3859681019767","46.1935701294003","45.9166841032179","45.3192311545563","44.4879793772066","43.7295438918176","43.088995736188","42.52667994454","41.9695510079139","41.4302709254562","40.9166409233566","40.370300953197","39.7893481540152","39.2643710870802","38.8262011844859","38.4108179101277","37.983789896959","37.5384948839058","37.0334135720169","36.5166863264379","36.0442766829539","35.6752635078274","35.4184850229345","35.1279080545","34.7505792148575","34.3675043359534","34.0020512254462","33.7241976814012","33.5243853984463","33.2973946747097","33.0679530657768","32.7669913854116","32.4897311970042","32.3190338362463","32.1293965666494","31.8481272175362","",
"Gabon","GAB","Population ages 0-14 (% of total population)","SP.POP.0014.TO.ZS","31.3919534037586","31.7733557671157","32.1657261957291","32.5984284563799","33.0493245237693","33.4639677032299","33.8664617837439","34.2827663609823","34.7079196934245","35.0865627936003","35.4377938576359","35.8344764555185","36.2686807523834","36.7131943365529","37.1428946387202","37.5568750688994","37.962348072984","38.3627996919235","38.7612136192266","39.1581416679634","39.5524252761599","39.9443378356307","40.3287908312069","40.7001555476504","41.0485410335441","41.3632830099705","41.6406411003918","41.8829381371286","42.0934340328704","42.2676992595108","42.3976400124424","42.4772597652299","42.5063837389088","42.4856140423263","42.4066234257968","42.2567857818534","42.0357807841044","41.7679872731528","41.4723757783774","41.1548841065263","40.823747768159","40.4783258252497","40.1138919141945","39.7345606158211","39.3514810863891","38.9699315679247","38.5919724836028","38.2245319239512","37.880193507241","37.580737573696","37.3379755203709","37.1413724417917","36.9636353447242","36.7939349476244","36.6582431910238","36.5819618376283","36.5774082443225","36.6311836431916","36.7075024267538","36.7756306980779","36.8180039172647","36.8222492996657","36.7738189124578","36.6621947904218","36.4845488383689","",
"United Kingdom","GBR","Population ages 0-14 (% of total population)","SP.POP.0014.TO.ZS","23.3485780445571","23.3261747432731","23.2272095998353","23.1895836977123","23.2562521437925","23.3853560698357","23.5354178033557","23.6991393023652","23.8604769743322","23.9869851177073","24.0517576225167","24.0530417296203","23.9990168197539","23.8641224380133","23.6245227718543","23.2880608582591","22.8660974800902","22.383457639909","21.8907800228023","21.4179508005183","20.9759948024686","20.5636772979696","20.1700034060334","19.8171227812867","19.5123670594485","19.2587184620217","19.0629128026456","18.9140105741439","18.9377319210449","19.0586540873534","19.1466216746931","19.2814021018295","19.426859883358","19.5288100349809","19.5526797028778","19.4925702782983","19.4150430632384","19.344937777825","19.2657653891663","19.150473641844","18.9345716869257","18.6810808039186","18.493238825307","18.4207599131968","18.3430389782331","18.1779735754646","18.0189849012453","17.8946966601398","17.8234202383107","17.7873498376574","17.7585543062291","17.7446524729049","17.7651954603721","17.802240953121","17.8347306632136","17.8806022014279","17.9502325560643","18.020639483359","18.0517860948227","18.0221596598278","17.9663259938257","17.8347922924352","17.6292573661875","17.4091420415944","17.1850467046133","",
"Georgia","GEO","Population ages 0-14 (% of total population)","SP.POP.0014.TO.ZS","28.7115299225418","29.2879911097732","29.6879305913238","29.9249928726418","30.0422788619801","30.0312440594746","30.1571458583073","30.48092479268","30.7186275619781","30.8010726481058","30.535235337647","30.035583279503","29.5343282737478","29.001670430829","28.4316565764365","27.8420591680659","27.2713054363601","26.7240500788455","26.2003328491558","25.7258333953214","25.3850319017583","25.1909114836994","25.0718006036054","25.0588543300984","25.1433634659301","25.249156274442","25.3526625015478","25.450637257734","25.5236589676087","25.527632215233","25.5348749074922","25.5711603446374","25.5409281916185","25.4246560000618","25.2192633709859","24.9284219659856","24.5538073149067","24.1122159733771","23.6190226881048","23.0496435595521","22.4015434952469","21.7001396676411","21.0188048417014","20.4655483819171","19.9282384798993","19.3232038401135","18.7954785971996","18.4579933914543","18.3416300967562","18.416546513018","18.5524257464435","18.6463805637208","18.7052902577823","18.7595707675647","19.0030729659018","19.4220735591895","19.8421463601417","20.2257848235329","20.5458306026783","20.8031664152437","21.0003324834193","21.173350269015","21.1971908278825","21.0408058638075","20.7987693261233","",
"Ghana","GHA","Population ages 0-14 (% of total population)","SP.POP.0014.TO.ZS","45.3972938199218","45.9293197582213","46.4029847186494","46.8038836873898","47.1099947068108","47.3615514970557","47.5817389043883","47.7721417041016","47.9395844334107","48.0914132323052","48.2306400677809","48.3645849770669","48.4423279598084","48.4134757146615","48.3245052121521","48.2030823148539","47.9198838159407","47.4541051417353","46.9563939920611","46.4947417947289","46.1611816255449","45.9329977775085","45.6750409033853","45.3688732011334","45.2185522560542","45.2575992519561","45.3610511516237","45.4528563103049","45.4469995971733","45.369714587958","45.267798741881","45.1837074099655","45.046061733452","44.7991831469014","44.4715984600772","44.1638037414356","43.8963297482398","43.5354844157074","43.0830708191307","42.6506673193432","42.2680716340463","41.8729400358808","41.4616003135259","41.0787302542811","40.7206381584886","40.3933697582986","40.0928951730724","39.794579448115","39.5119910782482","39.2739020389388","39.1081006906596","39.0092744657539","38.9368742219373","38.8606393532069","38.7566594158302","38.6068195581154","38.4001405605591","38.1355621837839","37.8459029627483","37.5512865197466","37.2244577857325","36.8759587762905","36.5291305189345","36.1789188879787","35.8181308043952","",
"Gibraltar","GIB","Population ages 0-14 (% of total population)","SP.POP.0014.TO.ZS","25.8848848390494","25.3114784079738","25.2421498400685","25.4202650141736","25.4449924941025","25.4669570315772","25.5446233149917","25.6271362609686","25.6827289610009","25.694377978982","25.7377787790043","25.8655465294869","25.9458766192125","25.898353094983","25.7579851915906","25.5089263353726","25.2288116014146","25.0388692579505","24.861140406384","24.6163537419727","24.3012327596729","23.9857341684064","23.8206153311316","23.7322938781192","23.5642216248298","23.2709034792368","22.8444852357167","22.3572750569476","21.8560293113977","21.2336848984334","20.5294117647059","19.9141200089226","19.6997600312517","19.8285893718022","19.9346525202834","19.9437484019432","19.8912213046167","19.8009571459648","19.6726943942134","19.464105156724","19.1724710382908","18.691470513794","18.4075311702777","18.509938459362","18.6157060769633","18.7014590155503","18.6541190781915","18.5076566743872","18.4052609946568","18.3369561690945","18.3035714285714","18.2469993682881","18.153860563864","18.1084625472499","18.1406759516045","18.1501845296377","18.1410342112691","18.167880973587","18.1829919091066","18.1481377134164","18.0590495673569","18.0677455675082","18.0180539491352","17.7928542649563","17.6472831752651","",
"Guinea","GIN","Population ages 0-14 (% of total population)","SP.POP.0014.TO.ZS","39.594865985764","39.7376221525819","39.8509149566278","39.936621465283","40.0272009288633","40.1034359609599","40.1544768247554","40.206603536227","40.260824836511","40.3276255064699","40.4213594486825","40.5491320089626","40.7087527417233","40.8921152686885","41.0931642982987","41.3100973586423","41.5400647595886","41.7788173945789","42.0143716903347","42.2309578048841","42.419448195261","42.574940138007","42.7054932840213","42.8162805649599","42.9060132254994","42.9768166017497","43.0315052094818","43.0805070508233","43.1356029940031","43.2126682091309","43.294126204041","43.376992848691","43.4837988038238","43.5924820895664","43.7094040971765","43.8102369053213","43.8946414012292","44.2145430108544","44.5430333370865","44.684102099872","44.8872064888235","45.2693279593815","45.4843118258676","45.3918067985329","45.3232198194682","45.3106149470716","45.2549289306871","45.0956220945977","44.8936214382865","44.686558713829","44.4792684477601","44.2499303262421","44.0007973204977","43.7679823564831","43.5400339094027","43.2986291404742","43.0672623194012","42.8584219862665","42.6459848872558","42.4059864606939","42.1447077644514","41.8696623532613","41.5697299855562","41.2429398336798","40.9011571194986","",
"Gambia, The","GMB","Population ages 0-14 (% of total population)","SP.POP.0014.TO.ZS","40.9996495498789","40.8137089477417","40.7118674322435","40.7781460404811","41.0309519999459","41.2988004206588","41.4894048442316","41.642337433657","41.7653840640137","41.8730941101071","41.9691664838153","42.0660081425616","42.1687343572753","42.2699463191324","42.4253715507949","42.6328708407181","42.8385569628548","43.0445050095235","43.2535905250014","43.4740881526166","43.7169909239705","44.0008496527315","44.3060910672835","44.6099241685284","44.860779210083","45.0490991693776","45.2173023071644","45.3607893110283","45.4822681401686","45.5926316856305","45.6985926269715","45.7923431691545","45.8919370713152","46.0406945677464","46.274343000253","46.5361609570419","46.7377510785413","46.8616342125321","46.9162381344196","46.9041778413156","46.8326753532183","46.7148736698258","46.557771062017","46.3643932615856","46.1401464185013","45.8893233923422","45.6231958073207","45.3491345294286","45.0636795514706","44.7724658648702","44.4988514916854","44.2673809919278","44.0829584730418","43.920664296533","43.7463964430121","43.5509269602689","43.3273585622367","43.0679377283387","42.76526567407","42.4245698953617","42.0440797882606","41.6239924581024","41.1843866988815","40.7308535644461","40.247990253579","",
"Guinea-Bissau","GNB","Population ages 0-14 (% of total population)","SP.POP.0014.TO.ZS","36.8561325756428","37.1110943261486","37.7388146042065","38.4218163159732","39.585128019533","40.9939557099889","41.9029559496038","42.0874991871862","41.8202258851203","41.8609549354378","41.8798687548393","41.8942189841536","41.921381747453","41.5716737726834","41.4414715528212","41.8124756131657","42.6228103092739","43.6883374596162","44.7709943671454","45.0950305994566","45.0359790305709","45.2700902091149","45.5008289606971","45.7016048905694","45.8503439088463","45.9379690820126","45.9657733877922","45.941388285749","45.8767001287602","45.7838074023572","45.6547113779368","45.533080075746","45.4560231013437","45.4245571051373","45.4094917678581","45.3486518811786","45.2382742985567","45.0965428190246","44.9551463297045","44.8136102448674","44.6504346459843","44.4779203233559","44.3140988476372","44.1613853743462","44.0042235909786","43.8647481462421","43.7515301499149","43.6342403146","43.4994484409005","43.3437807304486","43.1778026126403","43.0147135413023","42.8493357066494","42.6728196734264","42.4752135475821","42.2438777546501","41.9791598146945","41.6673259383034","41.3089389972518","40.9289087338695","40.5414614641464","40.1419924748943","39.7047487828474","39.2423580309464","38.7859142926711","",
"Equatorial Guinea","GNQ","Population ages 0-14 (% of total population)","SP.POP.0014.TO.ZS","38.4634914281161","38.7243516172509","38.9709082865359","39.2040984036508","39.283078003374","39.2136481601942","39.1466218809351","39.0995975048508","39.1007014303031","39.2325663958278","39.4664326705174","39.6876617200445","39.8697118926674","40.0414845102992","40.2370886208989","40.4702650038294","40.7580316015521","41.0305695157508","41.2487953408394","41.4645171549403","41.6569228130895","41.8250198267774","41.9879180613035","41.5719213034749","40.8157588596312","40.439038560798","40.3930041991113","40.5830938980692","40.896415565983","41.2505459070924","41.6116000455433","41.9613280714318","42.287330892574","42.5828690453056","42.8254365268351","42.9956578706674","43.0986432841555","43.1433814291944","43.1390827999264","43.0476578728864","42.7347468074548","42.1905204541529","41.5152696197915","40.7779563313627","40.0539383376124","39.5168398308153","39.1704692212698","38.8947284092181","38.6717748702203","38.4868707805856","38.334685913959","38.2724604023641","38.2818715050758","38.2952835276307","38.3142208593559","38.3219056304908","38.3063826345026","38.2604148565456","38.1591873904216","37.9852554549608","37.8951317778334","37.8353768351076","37.6781283527719","37.484337357223","37.2854609193632","",
"Greece","GRC","Population ages 0-14 (% of total population)","SP.POP.0014.TO.ZS","26.6658508747966","26.3949150242891","26.121766578044","25.9996406850546","25.8880936293289","25.3126993885837","25.4925194273211","25.3288314312976","25.2411212449029","25.1771949986696","24.765791899564","25.0553841382832","24.7904654993831","24.5245350484629","24.256729167082","23.9591274959267","23.7529460299432","23.6297461511884","23.4712498708062","23.23192511949","23.3764655695902","23.5546423040592","23.2244571012669","22.7971557867215","22.364748523417","21.9118201915565","21.4386105332542","20.9479379639982","20.457297536363","19.9382631050831","19.404713385122","18.9453278875258","18.5559225530723","18.1642400823875","17.7514803641167","17.3259375480222","16.9029799206818","16.5318939121143","16.2172147221713","15.9758567118668","15.8227232953726","15.7373214929388","15.6210964349833","15.4178822291143","15.1961949201386","14.9986839030069","14.8285507666118","14.6936965226357","14.6347813714919","14.633956630986","14.6332295699558","14.64750133531","14.6705906498264","14.6602330759572","14.5872735902825","14.4843972117852","14.4375010208339","14.4200136634158","14.3685256429283","14.2956683003259","14.1702935939493","14.0226990515013","13.8482474876302","13.5868147216194","13.2194094109899","",
"Grenada","GRD","Population ages 0-14 (% of total population)","SP.POP.0014.TO.ZS","47.3104218164421","47.2468283063497","47.157457846952","47.0867842996039","46.8555646481178","47.0048385534306","47.4676803758605","47.5766320641201","47.4848971476638","47.2111766772398","46.762147661918","46.17174195118","45.4812355102909","44.7185399433686","43.9201709896381","43.1068218413061","42.3034573882405","41.5177674130956","40.7571816477942","40.0429364331344","39.3852207577905","38.5664313358568","37.5049664401087","36.4699625057926","35.5724727219418","34.788941952534","34.1283493731306","33.5946311752763","33.2005879450912","32.9518111793221","32.835619316306","32.8430545772028","32.9498088118778","33.1151960305522","33.300206035632","33.4791901337261","33.5954830566817","33.5970406530318","33.4811195275873","33.2507238093453","32.9140724609357","32.1455360367452","30.981647440835","29.8193490319974","28.6985753161518","27.6521968934109","26.7096141536031","25.8845563985288","25.1708808252777","24.5510273787909","24.0056996397398","23.6105782528395","23.3306288212317","23.0449302563289","22.7303592785515","22.3656214029091","22.0676626422305","21.797415062631","21.4913001011315","21.2089859158573","20.90019855425","20.5677557579004","20.2201637114778","19.8460894594341","19.4411620416782","",
"Greenland","GRL","Population ages 0-14 (% of total population)","SP.POP.0014.TO.ZS","43.892600725755","44.2319777358829","44.511473517102","44.8654745989305","45.28816565662","45.7614150662015","45.7427377586509","45.1814723111299","44.5810591274062","43.9982327752226","43.4235125921038","42.6225806451613","41.5146641838419","40.2588740438127","38.8538110320431","37.2766744964054","35.4721622875118","33.6910863229826","32.1162601380891","30.6830850818075","29.2812883527404","27.8843025720398","26.6405656518436","25.649931687417","24.9755281639946","24.611452519216","24.528512546637","24.6795846348048","24.9938411846823","25.382564287974","25.8455343741293","26.3188593067184","26.7187415923807","27.0819695651784","27.4251121076233","27.5996382489098","27.5835282772907","27.5198531181205","27.4098611741868","27.2361236070159","26.9434338222867","26.5577635567531","26.1574074074074","25.7533715634717","25.3380545280416","24.841306771789","24.2693271216982","23.7293508506217","23.2629145267468","22.8780198685456","22.4827561843697","22.0667024430584","21.7187995350312","21.450816626263","21.2726754846635","21.109940915014","20.925420524072","20.7950634017585","20.7584687954203","20.8259040011411","20.8730463003415","20.8425898664383","20.8035291701271","20.8028968661988","20.8033739557124","",
"Guatemala","GTM","Population ages 0-14 (% of total population)","SP.POP.0014.TO.ZS","46.6553689542258","46.7434912943741","46.7731490247839","46.7355206807523","46.6479746328545","46.5535556587562","46.4602874059226","46.3542873853503","46.243072273826","46.1500973639174","46.0770686786862","46.0325091085251","46.0091079564446","46.0034165399011","45.942843882253","45.8248697813626","45.7193478958442","45.6289367148977","45.5657777586766","45.5265634853011","45.5262863281384","45.5627912498467","45.6451794905722","45.7213673030742","45.7375994873329","45.718666959332","45.6792545687438","45.6324904843732","45.5850840455555","45.5245918601532","45.4362342410164","45.327383678993","45.1993808406854","45.05350616715","44.9358616468454","44.8355017300501","44.6997983139174","44.525210069909","44.3010796609614","44.0565649986672","43.8407964647767","43.6185389737282","43.3294530365626","42.9637042748785","42.5358046854467","42.0651801050129","41.5615653491649","41.0279379492003","40.4655801212098","39.879914412402","39.2796021410179","38.6764836466538","38.0849047722887","37.5045032969479","36.9435760415388","36.4121874487963","35.8878857392942","35.3681791247693","34.8649698721067","34.3505691205216","33.8046722693539","33.2663206192998","32.7140281166214","32.1377474418736","31.5771277741567","",
"Guam","GUM","Population ages 0-14 (% of total population)","SP.POP.0014.TO.ZS","40.3233346038504","40.9539969569699","41.1483417016771","40.9954058192956","40.6383710889058","40.227664318654","39.8875605336236","39.6599350818126","39.5155091470265","39.4302380084371","39.350987381882","39.1520618129363","38.7830790658504","38.2632686758492","37.627076681848","36.9408522365911","36.3214914101576","35.7886890356057","35.2791360560027","34.8515605765702","34.5454215297733","34.264672016439","33.8913327168549","33.404776872545","32.7812699655819","32.0509360157594","31.373730452213","30.8250903868441","30.410882571094","30.1643231381559","30.1763941995527","30.3348963483574","30.4531269069163","30.53411006258","30.5662163761476","30.5608962077112","30.5373284396676","30.4756346658885","30.3938887715458","30.3211214929654","30.2689532377472","30.2086723134951","30.0964174598774","29.9197297968266","29.6600624505905","29.3355357419897","28.9879822129472","28.6385061748564","28.3195427688556","28.0674357446757","27.7783949820293","27.3836186450346","26.9725035396395","26.6011514371876","26.2901393471351","26.0523515125421","25.8881409700213","25.7905682304728","25.7524764951945","25.7638682883417","25.8275879080896","25.9158370487999","25.9871049763894","26.0200052250212","25.9830012457011","",
"Guyana","GUY","Population ages 0-14 (% of total population)","SP.POP.0014.TO.ZS","46.8195163605632","47.0203478392222","47.3529310508422","47.5955447244785","47.7391359590327","47.7725749770125","47.6972434137855","47.5230669579699","47.2650354464657","46.9405924312922","46.6087807890799","46.2990169252745","45.9920941496014","45.6585917036175","45.276547256206","44.853117751307","44.3945720389284","43.9151444532027","43.4237897527484","42.9349195259602","42.4816011012866","41.9285894132746","41.2411815712784","40.5439037184347","39.8510032798914","39.1808829038325","38.5537392363995","37.9931568384829","37.5222713741018","37.1551204520013","36.8941723058008","36.6984640193833","36.5464035065494","36.4472694263807","36.3975488921657","36.3984111025037","36.4355722223829","36.4932118237652","36.552160825474","36.5887142029319","36.5865967951132","36.5269743059802","36.3894810725304","36.1390326188587","35.7681744135107","35.3027411770581","34.7440236163256","34.1311906223142","33.5081264208564","32.8663704271009","32.2091967170121","31.566180126596","31.0768556664078","30.7520517745158","30.4814585490614","30.2723051842363","30.1262658012332","30.040853452634","29.5086067875215","29.2543319321748","29.4667432009278","29.4406866123348","29.4030088713142","29.3232432144616","29.1605627091765","",
"High income","HIC","Population ages 0-14 (% of total population)","SP.POP.0014.TO.ZS","29.1624616122979","29.2210483780523","29.0713767608222","28.8766104758443","28.638718150913","28.3792206571668","28.1139777636091","27.8588354402975","27.6158704507745","27.3185947692942","26.990574249843","26.6640583007589","26.3363452341436","25.9828856168776","25.6138067441302","25.2302509365591","24.8348017559925","24.4519815091547","24.083789738217","23.7386531917305","23.4440796718878","23.2033836921781","22.9811815466606","22.7570549973205","22.5264549959521","22.277204324228","22.0228127327368","21.7884173442027","21.5936174884542","21.4118392565267","21.215983986788","21.0268104693865","20.8414990748964","20.6449632672855","20.4298423709962","20.1902487898438","19.9458117049457","19.6972766288328","19.4307203466809","19.1633002492061","18.9097979235964","18.6576635709835","18.4058719167717","18.164665203021","17.926507686859","17.6897957023722","17.471484595673","17.2956965824757","17.1734624509909","17.0844747241971","16.9960546587912","16.9312858880126","16.8742528054912","16.8303578104605","16.7928747854853","16.7615956806719","16.7290058154149","16.6961010936712","16.6367292583485","16.548358964143","16.4444324415434","16.3009933412017","16.123925912349","15.9000217339765","15.6761907374679","",
"Hong Kong SAR, China","HKG","Population ages 0-14 (% of total population)","SP.POP.0014.TO.ZS","40.5959047000968","42.2263934155817","45.4768456928138","49.4156278015369","43.9506209844713","38.4249785464387","38.4932239833049","43.7704511750862","47.7655564969088","42.6957222022367","38.4428955088831","35.7871908305249","34.4817770178079","33.3509540586845","32.1870773294756","30.9908822547336","29.797429425592","28.6163255252322","27.4294007332877","26.3333731672414","25.4052909792757","24.7684651643351","24.3816811887317","24.0529490660792","23.724999666101","23.3818948822125","22.9896157579117","22.5364523711163","22.0836883942651","21.6485241420835","21.212146825242","20.7837146998611","20.380952943165","19.9728319107472","19.5222186262544","18.9975851950676","18.5499829907795","18.2386247328931","17.892403771038","17.469639838861","16.9799709575305","16.528647463475","16.1438506431626","15.6910288833942","15.126557318217","14.4901574672077","13.8842808274023","13.4361805361806","13.0767730258934","12.6800162475114","12.2295387092827","11.8402787524152","11.6745574020273","11.6443900233125","11.6131831673486","11.5410295884311","11.4948961661024","11.5533047056495","11.5796759915267","11.4829745279504","11.2771621132607","11.0826007236324","10.911167619776","10.6990246662702","10.5078221116522","",
"Honduras","HND","Population ages 0-14 (% of total population)","SP.POP.0014.TO.ZS","47.007216084886","47.3443041047876","47.6171075602944","47.8133894551531","47.9154752138121","47.9530060389377","47.9775522677935","47.9872241005444","47.9803660275046","47.9614468623896","47.9373813603702","47.9126802360531","47.8921837625419","47.8770841845955","47.7618977262023","47.6013972042137","47.507722820483","47.4379052063103","47.3818226890681","47.3318466498376","47.2787149939109","47.2167245500292","47.1447015303906","47.0589901264635","46.9538022841527","46.821886075415","46.6603984491444","46.4769848569248","46.3591654271135","46.2775142128347","46.1235425123","45.9109288589388","45.665735325544","45.3987452908764","45.1114416617885","44.808596361704","44.4933344670368","44.1646972731164","43.800056187962","43.4320688987656","43.0923538325474","42.7383988115998","42.3435857641426","41.9102223799176","41.4516067932371","40.9630353843215","40.43627965195","39.8765775533347","39.2919665022046","38.6887578643374","38.0690967564371","37.4398855441133","36.8121668237795","36.1855111396849","35.5523882635372","34.9120116744007","34.2836349573647","33.6887412898221","33.1413951598893","32.6392711477148","32.1804218242733","31.7752939017295","31.3863692139965","30.9961501574799","30.6212062800353","",
"Heavily indebted poor countries (HIPC)","HPC","Population ages 0-14 (% of total population)","SP.POP.0014.TO.ZS","43.1550825050925","43.2729095580172","43.3902705644814","43.5320772681306","43.6882532896484","43.8425451606119","43.9928881112196","44.1370429544538","44.2759498159772","44.4131889956491","44.5562320477042","44.7125038084678","44.8810418816253","45.0395978454626","45.1624807827457","45.2632568021966","45.3744303493397","45.4831474328853","45.5566563884222","45.6231217923146","45.7113817737142","45.8019968511666","45.8623503327683","45.8795184981814","45.8917305413352","45.9091143006233","45.9202832111066","45.9227842253329","45.9351339912356","45.9638279798294","45.9858994551228","45.9722016112803","45.9401919114486","45.9338289723066","45.8659277620481","45.8168126137023","45.9106682673516","46.0099558001939","46.0091846433888","45.9610436897787","45.9083540129214","45.8472403558988","45.7825322499843","45.7067538098202","45.623809008618","45.5444618392248","45.4687096965954","45.3772143286113","45.2463386228909","45.0895487510929","44.9251335119969","44.7416412326567","44.5510979332846","44.3559044937653","44.1471357326238","43.9269479445634","43.6758448226192","43.4011206207448","43.138076329049","42.8881771536356","42.6281562498587","42.3573959201805","42.0766891761724","41.7795149960777","41.4846157151007","",
"Croatia","HRV","Population ages 0-14 (% of total population)","SP.POP.0014.TO.ZS","27.0120520995823","26.9215378885441","26.7646475428753","26.4829699763241","26.110753093475","25.6924698487165","25.241081347502","24.7656109206051","24.2639546862982","23.7331690234093","23.19861625548","22.7590988897276","22.4496880871502","22.2004699986137","21.9771245974539","21.7694963494984","21.5765516487122","21.411497024641","21.2858179489152","21.1991504571361","21.1142733262897","21.0251318617954","20.9607656473788","20.9142957900088","20.873346903968","20.8164192880742","20.698027247349","20.5147938221485","20.3013525502951","20.0614844320858","19.7992560803985","19.5069093088577","19.1645010985978","18.7940041133318","18.4158575934111","18.0477057427869","17.7364635680388","17.4916602306831","17.2888435763583","17.0946746128776","16.9164082837111","16.7323421159062","16.5121825155317","16.2646522175055","16.0250024622653","15.8440671255505","15.6740233560406","15.5313152629389","15.4384251444011","15.3658465007961","15.2935421505736","15.1417694350433","14.956213396462","14.809621210648","14.7005945520762","14.6226147322896","14.5783086363926","14.5707981957247","14.5666392040683","14.5349944918069","14.451772123022","14.3800403097378","14.3009249744115","14.1385569157886","13.9232064407501","",
"Haiti","HTI","Population ages 0-14 (% of total population)","SP.POP.0014.TO.ZS","40.6430209487323","40.6939423590482","40.7587563345378","40.8009319757161","40.8540838407002","40.9162984080408","40.9471605682001","40.9619418119876","40.9644329638906","40.9578962547045","40.9411872324034","40.9207907826919","40.9133258327815","40.920015578562","40.9356500080821","40.9641395501213","41.0038691071044","41.0507472814293","41.0997523405484","41.1442391318163","41.18988649644","41.2428270051409","41.3036158546605","41.3714297332794","41.446270778995","41.5298063500689","41.6141535592689","41.6904798939043","41.7590857117839","41.815913805612","41.8561995062763","41.8729930259674","41.8536156930268","41.7950818889419","41.700127941954","41.5723818407187","41.4130768024161","41.2204311575649","40.9938250291203","40.7336943720361","40.4455308593087","40.1185418307037","39.7417306321209","39.3275034799153","38.8787794479243","38.4052053171778","37.9356695045289","37.4837250418636","37.0528806446947","36.646380098705","36.2457659639709","35.85186179573","35.4691996207858","35.0806870720932","34.6960470865646","34.3137710942013","33.9455474542979","33.6027145745781","33.2680067822972","32.9323801910877","32.6009921158664","32.272985583827","31.9324914292092","31.5721980303416","31.1886406665943","",
"Hungary","HUN","Population ages 0-14 (% of total population)","SP.POP.0014.TO.ZS","25.3178234132068","25.1380302834081","24.8113404704244","24.3399861223516","23.8429903352369","23.3304776326952","22.837085781593","22.4289164573007","22.0033366053189","21.4293918965249","20.8322996588608","20.3717982913522","20.1107283973329","20.0189499068887","20.1233260693867","20.4231701467489","20.7725029806063","21.1379837382348","21.476544316104","21.7503796808693","21.9495330057179","22.0648647494613","22.0690775137958","21.9514630016091","21.785969784761","21.6409704316711","21.5228846691373","21.3746353855164","21.1670172714395","20.7844189322156","20.2227644160677","19.6935858478407","19.2482524663322","18.8479868917926","18.4931010701516","18.1851840801148","17.8987811868007","17.6236280781972","17.3729979755098","17.1232438065908","16.8389455399557","16.5159161929792","16.2440953219203","16.0244082404892","15.7935753378193","15.5634339012087","15.3388631159401","15.1406633482098","14.9820893337967","14.8452743211985","14.701008209284","14.5651464587192","14.4764654257805","14.4432192764203","14.4633717137515","14.4911517803613","14.5115219031955","14.5355813225437","14.5465240375272","14.5496170478703","14.5576627784328","14.5652700940615","14.5505890949021","14.485456947213","14.4013810473594","",
"IBRD only","IBD","Population ages 0-14 (% of total population)","SP.POP.0014.TO.ZS","39.6781373384801","39.7421620941724","39.8923118320646","40.2307941194019","40.488875663848","40.5636187996107","40.5544766672445","40.4205829178842","40.2717413229598","40.1589724545498","39.9891617737884","39.8234879761131","39.6139732678634","39.3966254473358","39.2653036040545","39.1494829812751","39.0239680109028","38.7220418498974","38.1450509126889","37.561636091034","37.0775848759845","36.6354046416911","36.2690027995106","35.8764317922759","35.43356872101","35.0239469976698","34.6609921746261","34.361371277831","34.0792088399502","33.8213108000589","33.6165435260761","33.3996686442092","33.1434992201988","32.8705310061708","32.5611217796049","32.2011645670959","31.7909751466683","31.3161729473466","30.8155943796861","30.3150747101023","29.7980488600108","29.2538397890776","28.6775160176326","28.1117706191176","27.5634320588046","27.01764444264","26.5417517188456","26.1676186524034","25.8545856918331","25.5816499994999","25.3296188590966","25.1001298968665","24.9071730943644","24.7362267060035","24.5688690228198","24.3853263764238","24.1983462412677","24.0201025711322","23.811842310212","23.5657203422556","23.2779385812428","22.9589253891912","22.6089382179935","22.2154155453384","21.7942741059658","",
"IDA & IBRD total","IBT","Population ages 0-14 (% of total population)","SP.POP.0014.TO.ZS","40.1364483357545","40.2226515189985","40.3795257030708","40.6951312836454","40.9484703899564","41.0473997518299","41.0722816493015","40.9918305674235","40.8963017733859","40.828645698614","40.7125174017112","40.5994697177766","40.4517376409562","40.2953287503645","40.2051787084828","40.1242394950872","40.0341830072722","39.7991883837772","39.3398973200331","38.876600894373","38.4927055081245","38.1450733377048","37.8625372979698","37.5592442291236","37.2176799125824","36.9018682715124","36.6183435187135","36.3820818272384","36.1577966822356","35.9538700964407","35.7913601667157","35.6155555841945","35.4125314915853","35.1994050821192","34.9470418626324","34.6526169147616","34.3265975907938","33.9463818815856","33.5362166454269","33.1235702854713","32.6990848518571","32.2587747079273","31.8045798411752","31.3621043344706","30.9306393811549","30.5027393897796","30.1313826550715","29.8374071670295","29.5924505534515","29.3813674668375","29.1854111370195","29.0053801175538","28.8534318046103","28.7207025241381","28.5895302789024","28.4409155231726","28.2821300797013","28.1272950209909","27.951386305181","27.7479734043784","27.515854521289","27.2631880013764","26.9844570032542","26.6678892594382","26.3280443336616","",
"IDA total","IDA","Population ages 0-14 (% of total population)","SP.POP.0014.TO.ZS","42.330970051709","42.4927101059623","42.6645256031238","42.8685402009504","43.0937036503919","43.2977454172571","43.4738604862959","43.6314085672564","43.7709247876797","43.899883521072","44.0201397699037","44.1419364983209","44.2652898341399","44.3651910655728","44.4354565920758","44.4836900204102","44.5225189445411","44.5512469445732","44.5687616501405","44.5784798341235","44.5740490533655","44.5797885221018","44.5983080308321","44.6104707511295","44.6300737968313","44.6365699309176","44.6119654002762","44.5664017481616","44.5080249971496","44.448750176226","44.3785759139874","44.2832266240092","44.1913979293833","44.10093073234","43.9573229380776","43.7989619667919","43.671721557438","43.5250254081705","43.3280574494927","43.1134880696877","42.8948030840465","42.6897287594942","42.519409328073","42.3544690996496","42.1740072012457","41.9909193019286","41.8065840355241","41.6066232576859","41.4175038835399","41.2440019227555","41.0658801097404","40.8866453187214","40.7223948441027","40.5872757030704","40.4406485935412","40.2643855631487","40.0495019191493","39.8185502535096","39.580739131608","39.3327026498052","39.0772662156531","38.8166945176969","38.5371443716518","38.2345297619634","37.9242776068267","",
"IDA blend","IDB","Population ages 0-14 (% of total population)","SP.POP.0014.TO.ZS","41.8765233370532","42.0555747605126","42.2712973303703","42.5429433003871","42.8559765902957","43.1474635552719","43.3976863245632","43.6186537667651","43.8087204641411","43.9703192602216","44.1057167968735","44.2326459953067","44.3459328897782","44.4319024303177","44.4985561217365","44.5450853181273","44.5859023140523","44.6179605993058","44.6420556104115","44.6429346073091","44.555406835396","44.480658094745","44.5119353694057","44.6025097716266","44.724156241866","44.8201550592578","44.874803963137","44.9117961370296","44.9269674725985","44.9167958194752","44.8622259917802","44.7898963077447","44.7765305277603","44.737457448793","44.6222184258278","44.4697155085101","44.2693789534282","44.0366347107114","43.7792323805568","43.52544368873","43.2735847657072","43.0235857874445","42.8157533266085","42.6177739460231","42.3895196733328","42.1606638184046","41.9490871585694","41.7318580979132","41.5234383444333","41.3414009588743","41.1840589650455","41.0576308833827","40.9645814600433","40.8907361370648","40.8154132823633","40.724391391518","40.5971530157036","40.4188894954395","40.1935575254273","39.9441717690838","39.6670133088654","39.3586110225743","39.0355279979264","38.6969880520555","38.3128659535601","",
"Indonesia","IDN","Population ages 0-14 (% of total population)","SP.POP.0014.TO.ZS","39.7561692156854","40.0199704268855","40.3290968703364","40.6827076296131","41.0847049881954","41.5243755839687","41.925256853312","42.2390425816821","42.455486480284","42.5805268629926","42.6336673755283","42.6197525908107","42.5484264601754","42.4318066983235","42.260918823765","42.0411805715849","41.790671999693","41.5094688152092","41.2106212060572","40.8971173333107","40.5555217878214","40.1810995425915","39.7872208138878","39.3810012223414","38.9521465101827","38.4828052638331","37.9705791150148","37.4428911354022","36.9177904604604","36.4041033824281","35.8836785703693","35.3556957208259","34.8281554061574","34.2866967071638","33.7440354686158","33.2163892112874","32.7124753076457","32.2248750272924","31.7406814335339","31.2568539577734","30.8030152011458","30.4081702945932","30.0479531819062","29.6916925603085","29.3478411995607","29.0535061364182","28.7976996204327","28.5691964882444","28.3560982201862","28.1360824035429","27.9226079816497","27.7243041761425","27.5364232933295","27.3431583275356","27.1512431257083","26.9656629152515","26.7736383990264","26.5632798746263","26.3349404427949","26.0919538365423","25.834423429325","25.575153363288","25.2740669678858","24.9346390051087","24.5977969421876","",
"IDA only","IDX","Population ages 0-14 (% of total population)","SP.POP.0014.TO.ZS","42.539696913062","42.6936526425859","42.8454717616123","43.0185696992443","43.2033876964972","43.3671711037674","43.5090968511182","43.6373142042065","43.7534110146797","43.867203659396","43.9803458082579","44.0996015574018","44.2275188329474","44.3338734292466","44.4057543620248","44.4546592910457","44.4923813361299","44.5193227403035","44.5334893876252","44.5472824040166","44.5831825281351","44.6290337110461","44.6415714461849","44.6144752794855","44.5825777248427","44.5434097460863","44.4778061988462","44.3890852544777","44.2916710291478","44.2056891858599","44.1258360689452","44.0168626096638","43.8830533708227","43.7654556045743","43.606658902952","43.4447609124633","43.355595882315","43.2539251146274","43.0885126505859","42.8944086138334","42.6928604135126","42.5111689536473","42.3607429806754","42.2133842135669","42.0582928682581","41.8996147483588","41.7298255149976","41.5389738505767","41.3600717184211","41.191013675316","41.0013774089423","40.7931301920795","40.5898518630169","40.4210709274487","40.235433864682","40.0127534601859","39.7506722013552","39.4918486101682","39.2481460239476","39.0019435492857","38.7592574736226","38.5251790041736","38.2696607170757","37.9871249260192","37.7171198114384","",
"Isle of Man","IMN","Population ages 0-14 (% of total population)","SP.POP.0014.TO.ZS","19.9291970205451","19.7581061278405","19.5232911600394","19.408557303005","19.3853904282116","19.3234110941415","19.2340660315083","19.2303975570631","19.3333396356624","19.4873644206497","19.6810097740486","19.9168837613199","20.1790243434757","20.4287970337819","20.5999475806793","20.5932387131206","20.4576131687243","20.2910673824239","20.060578379288","19.7781432343965","19.4417566639615","19.1296674716701","18.9220316449336","18.7163955098599","18.4369575998016","18.0719243490008","17.7176155992302","17.4841645514623","17.3476503625498","17.2849977872843","17.3022229961112","17.3990273390776","17.5627367508368","17.7154645584734","17.7769503147482","17.7289443877337","17.6938825080676","17.7858700571946","17.9236533735894","18.0143200005348","17.9833198958485","17.9023484491867","17.8543005221577","17.7497469538367","17.5360442684537","17.2217995233634","16.9676439086358","16.853468726316","16.7805484612243","16.7145931673087","16.650769615967","16.5733416288922","16.4819854270791","16.3706375569725","16.2267187174062","16.1000322993552","15.9741691227566","15.8033226088101","15.6135337179541","15.4014281205148","15.1474777995206","14.9532432480634","14.7803451718728","14.5231716083193","14.2234183494632","",
"India","IND","Population ages 0-14 (% of total population)","SP.POP.0014.TO.ZS","40.5830655127958","40.8724161026076","41.1607018326008","41.4507795047652","41.6284156555789","41.6687820140324","41.6636702861234","41.6119803934068","41.5489992342193","41.4858386761944","41.3587261036841","41.2306463818492","41.1093898370524","40.9735754814576","40.8343645306829","40.6630683422924","40.487766691489","40.3047875995931","40.1251307879869","39.9511959628286","39.7975374918351","39.6851893410582","39.5799049561857","39.4707064279418","39.370183967925","39.2770162225779","39.1796534823412","39.0660255969583","38.9229795130071","38.7520975394047","38.5602244453119","38.3509937701057","38.1269662687286","37.8896244154385","37.6354900955109","37.3483016526577","37.0248809038195","36.6813678630757","36.3196138518854","35.9382456334839","35.5530832514968","35.1665921350717","34.7802511535299","34.3900068263248","33.9801045969698","33.561919528129","33.1286520695793","32.6823291810805","32.2404380107605","31.797288593811","31.3423674128553","30.8799657912256","30.4154795250561","29.9403754395359","29.4366305001804","28.9130012076453","28.3851530629213","27.8478721919213","27.3277554659182","26.832323620307","26.3453740591996","25.9051614152815","25.4877038842946","25.0570622244071","24.6239027058366","",
"Not classified","INX","Population ages 0-14 (% of total population)","SP.POP.0014.TO.ZS","","","","","","","","","","","","","","","","","","","","","","","","","","","","","","","","","","","","","","","","","","","","","","","","","","","","","","","","","","","","","","","","","","",
"Ireland","IRL","Population ages 0-14 (% of total population)","SP.POP.0014.TO.ZS","30.8976462939089","30.9625561012393","30.8829556677734","30.8641929713116","30.9373464934578","31.061142769136","31.1448665177973","31.1100804702935","31.0540306545671","31.0636138199321","31.1386982557426","31.1839433126732","31.1645643140138","31.1613198464743","31.1663850468245","31.110177183649","30.9993970700361","30.8691678087082","30.7008806665179","30.5209341427412","30.3811343245474","30.2516377672231","30.0994580404289","29.9154064599873","29.6385377000755","29.2643540051661","28.8716051630955","28.4741286988786","28.0526584315233","27.5986910544804","27.0845653038772","26.560920815107","26.0483512209488","25.4992139529915","24.8794446704482","24.2011999345279","23.5591694290161","22.9916870728571","22.5120305485731","22.1278531816744","21.7809463825266","21.4238433996957","21.1294143761281","20.9600081143319","20.805658641175","20.6059682081899","20.3857193306515","20.299222968044","20.4501471745594","20.7485433698182","21.0882349070426","21.3562203269825","21.4888833624774","21.5014250155119","21.4354310111","21.3179749353906","21.1532211087276","20.9435227052672","20.6992100962216","20.412624650577","20.1012562400824","19.8060804520222","19.4557824726755","19.0170360406648","18.5554853052345","",
"Iran, Islamic Rep.","IRN","Population ages 0-14 (% of total population)","SP.POP.0014.TO.ZS","43.5172991845437","44.0995821809323","44.5572778773607","44.9153281587523","45.0471624139595","44.9745512417673","44.8960559086649","44.8443801564362","44.7962316241408","44.7277973177799","44.603616810435","44.41421022339","44.1512036806747","43.8213464500251","43.4761775987856","43.1662342244275","42.9893489647912","42.9330253691292","42.9510597063672","43.0777982093797","43.2761766105812","42.9449082185486","42.6785102021439","42.9610922639127","43.2648928009747","43.5420649901823","43.7386372460701","43.8877479752475","44.0470676443841","44.1633448572318","44.1019872330964","43.8896377603451","43.641389914254","43.5826158794891","43.1657060615698","42.0675226704388","40.7157417285882","39.0998083615749","37.284198807688","35.4171719702704","33.5545023575378","31.7379046034288","30.1345664281137","28.6990081626492","27.3806827559817","26.2479632897575","25.3087481519121","24.568496044326","24.022978008369","23.6607789980947","23.4440887155161","23.3284122570617","23.2783168730676","23.3021591559915","23.4123786500549","23.5910518166432","23.7667032309414","23.8955194032222","23.9619208286751","23.9130747065987","23.7741603461688","23.5503936372517","23.2212381703766","22.838783032187","22.4405719317898","",
"Iraq","IRQ","Population ages 0-14 (% of total population)","SP.POP.0014.TO.ZS","39.7896156280244","39.9007346252088","40.3827553067728","41.0094095823539","41.5493772578867","42.0718469770178","42.5142048936584","42.8181864884873","43.031369288102","43.2535841459156","43.6077326635037","44.0638932529878","44.6977892532557","45.4920071742256","46.1715130799949","46.7408567289372","47.1706918654813","47.2642791211711","47.132031252481","46.978878452538","46.8373711093036","46.7301743851544","46.6265204298254","46.4977471023741","46.3445625478729","46.1697186138491","45.9750207553808","45.7715380473582","45.5865677427432","45.4018699312118","45.2090699923848","45.0338005252191","44.868291600743","44.7122041102129","44.5679568826057","44.4202077508394","44.2683325301657","44.1202815932934","43.9786130284957","43.8321501293316","43.6759070647398","43.5064961221578","43.3188961423367","43.1140832540921","42.8891838072316","42.6277618702715","42.348025997366","42.0655688844946","41.7732048272834","41.4866026934542","41.2428669708709","41.0798607841472","40.9536621661504","40.8059916916815","40.6200507090837","40.3764515118921","40.0770704119382","39.7259744481794","39.3308652148187","38.9110996226819","38.4946773190132","38.0622295256828","37.5870476409519","37.0913959826418","36.5813485791184","",
"Iceland","ISL","Population ages 0-14 (% of total population)","SP.POP.0014.TO.ZS","34.885694675055","34.9622201427394","34.9471594430216","34.8577646342711","34.7211494715013","34.5109783552485","34.2724288840263","34.0300729941695","33.6482154200413","33.15394562807","32.6305699621232","32.0910164653268","31.5984197205114","31.1735305265785","30.671194408765","30.0626525033482","29.5136018892774","28.9664794395809","28.3711734922083","27.8827583763001","27.5121688228294","27.1572916598952","26.8571636279665","26.6636000903093","26.4618384436006","26.2033868816331","25.9110385551681","25.5519016328764","25.2251963648231","25.0487936547486","24.9523708617588","24.8283633034925","24.8083957331903","24.8489122439849","24.7095039155659","24.4228253149415","24.1379759071981","23.8623520149566","23.5914947019735","23.3987990542372","23.2856939704209","23.1825716315416","23.0267343979806","22.7834464183975","22.4841144750375","22.0643153002768","21.5393551274541","21.1032871758589","20.8902270604964","20.8989303604384","20.9296953086202","20.8333725014649","20.7043686816346","20.5906099532088","20.4447158505401","20.1928379233815","19.8878934123225","19.5541020255784","19.1787538188599","18.8726349773149","18.727735438363","18.6238321613016","18.3783329017196","18.0560303954897","17.7634212897707","",
"Israel","ISR","Population ages 0-14 (% of total population)","SP.POP.0014.TO.ZS","35.242314149882","34.8832800300682","34.8416505753907","34.8588621951522","34.7651841181439","34.5901543716767","34.3594368558263","34.0960397564539","33.8128385504277","33.5152462259777","33.2054932712924","32.8815201692809","32.6502946514598","32.6035564785763","32.6549600136544","32.7242126416742","32.8230242061616","32.9260280869912","32.9796366723865","32.968608636278","32.8939063564292","32.7787782851545","32.6912539602104","32.6511609230106","32.6208836227467","32.5210170413842","32.3349133796941","32.1318133588962","31.9396399617396","31.7021643223455","31.2650893872584","30.7204486630915","30.3142294156544","30.0466669091603","29.825860201455","29.5564479946126","29.2628044305067","29.0105079755097","28.7764371845931","28.5372860323704","28.3045750251117","28.1157917067493","27.986302466788","27.9300826410696","27.9005077408273","27.8581615961224","27.8217158994666","27.8105998530691","27.8200208524514","27.8708193729309","27.9716590554245","28.0642509107689","28.1383775465131","28.1903233794605","28.221064762493","28.2430006500136","28.2518324744119","28.2489175621531","28.203146238634","28.1244621699124","28.0344555732619","27.9436441624885","27.8035319857926","27.6146152777445","27.4092600836836","",
"Italy","ITA","Population ages 0-14 (% of total population)","SP.POP.0014.TO.ZS","25.0119848598054","24.9532274248672","24.7428944401779","24.5472894912361","24.4573276903885","24.4566716738803","24.4891996999869","24.5557185675799","24.6264497758966","24.6812055913086","24.6856103491059","24.6362415794229","24.5914350216916","24.5514348822116","24.4680035548712","24.2998233786743","24.0537379987353","23.7454297176025","23.3520737883506","22.8490008797062","22.26320496985","21.6462118303345","21.0513021297356","20.4777343256989","19.8980942777991","19.319355037601","18.7210200086636","18.1188328902769","17.5491264510616","16.9961118354318","16.464876701766","15.7630809851534","15.2222303690752","15.0207771844782","14.7561157028219","14.5921413096782","14.5146587227306","14.4061925457718","14.3411371257333","14.3024384958571","14.2747100680869","14.2411416039056","14.2432238310179","14.219785766462","14.1536537692579","14.1176253265717","14.0845959657206","14.0448659690144","14.0265518684797","14.0384774405046","14.0360499687746","14.0068552515581","13.9714989786725","13.9177429383585","13.8275522315507","13.7068661763151","13.5548619804282","13.3921351432526","13.2174935892537","13.0238937094704","12.8259753776361","12.6146793829164","12.3897806298347","12.1444351765721","11.892304596608","",
"Jamaica","JAM","Population ages 0-14 (% of total population)","SP.POP.0014.TO.ZS","41.1737718450029","41.6743836360208","42.1838058331153","42.7172820149457","43.3142965498909","43.8603045910223","44.2656314672634","44.6010044873722","44.8531178059572","44.9830119447348","44.978106651276","44.7836968349216","44.4263299545984","43.9954324337485","43.5057063230776","42.938170294817","42.3172814725227","41.6872418543385","41.0434754797034","40.390193660161","39.7664958721287","39.1941045662516","38.6696060168198","38.2373484897299","37.8864875415202","37.5460785032759","37.1967994809969","36.8384715854878","36.4542537504631","36.0776378160781","35.7566588525373","35.4926769208726","35.3651233698506","35.3259326699227","35.2424763773571","35.1023668375164","34.8939031576029","34.6000036108904","34.2141760865708","33.7516676030342","33.2404270837088","32.7147164517035","32.1977079582961","31.6810100642809","31.1555538923556","30.5934298959218","29.9597273939801","29.2502894004183","28.4953099911232","27.7247126867239","26.9484740687649","26.173508468685","25.4123638829475","24.687437919565","24.0140578126381","23.4044618191965","22.8352637001475","22.2674418501412","21.6937712259948","21.1277982170327","20.5671381218827","20.0480215979136","19.5798451927764","19.1341178525424","18.7023871371085","",
"Jordan","JOR","Population ages 0-14 (% of total population)","SP.POP.0014.TO.ZS","46.0542303136252","46.6133498516306","47.1691964686788","47.6938989391844","48.2020063912139","48.6781685775629","49.0880754133183","49.4468931695909","49.7679532489277","50.0439040268495","50.2681509849134","50.4394294847656","50.5585558472735","50.6280882787974","50.6490929119576","50.6199662463699","50.5298935004071","50.3844968950006","50.1974591517403","49.9782485762916","49.7430496514056","49.4887158425417","49.2053426422267","48.8961428600987","48.5717342301619","48.2421432195796","47.9058031988533","47.552937787149","47.1820262765347","46.7937624099639","44.9702891404199","43.0683553718702","42.227879135861","41.4640504717148","40.8750832528391","40.5206460475546","40.3808048665897","40.3590264917657","40.328248763212","40.2249279794377","40.0500339199645","39.8066047463363","39.5214426324902","39.2097134214301","38.8397248141659","38.4277365574345","37.9610108083072","37.4667050033637","36.9732195152239","36.4881327813961","35.9952493088468","35.5151125123389","35.0661696406183","34.8668117568876","34.9444684285271","34.8092229753197","34.4592615111589","34.1070589998697","33.7105175474699","33.2825066671639","32.8415074603822","32.3912858035653","31.8530745126924","31.2262289710739","30.6684370194919","",
"Japan","JPN","Population ages 0-14 (% of total population)","SP.POP.0014.TO.ZS","29.8335721366756","29.140386508333","27.9951404825904","26.8221291263786","25.827483759214","25.0864358557067","24.3509139241206","23.7923041767547","23.5368430993496","23.3660985015056","23.2581011603079","23.2575743284196","23.4053616679142","23.5983575298758","23.7524070907648","23.8451154363037","23.8774659436153","23.8619325301944","23.7955614799974","23.6620522621399","23.4332743409368","23.2842219296278","23.0608032629826","22.6426332139566","22.2012933835926","21.6725540960789","21.0348928025249","20.3179794932554","19.5443726443144","18.7536886197028","18.0209930627542","17.3960154393736","16.8691663255013","16.3985200155226","15.9887269263962","15.637285960316","15.3309610640981","15.0634340955112","14.8146150388757","14.5815598930625","14.3804955150404","14.2177007369188","14.0758568340938","13.9478271660868","13.8418337943171","13.7523649265","13.6683228285827","13.5939664362105","13.5325090930202","13.4566067470913","13.3709285251368","13.2894965673615","13.1960930297784","13.0900836212039","12.9707262695196","12.8443762976365","12.7232492406355","12.6078326716887","12.4912219201068","12.3665590317386","12.2207528196353","12.0482644490059","11.8589361787474","11.6492906162775","11.4361015985054","",
"Kazakhstan","KAZ","Population ages 0-14 (% of total population)","SP.POP.0014.TO.ZS","37.2163157062565","38.0468676903798","38.3783123619976","38.4893691046239","38.4013203733718","38.1458291858769","37.7969702248372","37.4060403584001","36.9730340018362","36.5250910398733","36.0851633099035","35.6348177935299","35.1633726838544","34.6648423850432","34.1497597414945","33.633471810219","33.2677381346804","33.0523333889537","32.8337490059645","32.8938513739781","32.9586185817236","32.7887801158011","32.6773339133954","32.6144991644405","32.6035251963427","32.6309294199873","32.5628381875645","32.3538129741468","32.0874437319427","31.8659961017857","31.718323501887","31.5589399604135","31.360749781431","31.121959479261","30.8361591212368","30.486279698391","30.0718164023488","29.5807542243388","29.0075391179154","28.3432069793269","27.6362890962111","26.918667398583","26.2021300496226","25.5768602276423","25.1195074724642","24.8186566023613","24.6625724355351","24.6734526592318","24.865825243014","25.114288062597","25.3719046134064","25.7283479244773","26.1747818948988","26.6607664784249","27.1689552563848","27.6736907291676","28.1386337139405","28.5323675066137","28.8100897670497","29.0136809520054","29.2105318944548","29.4821416334192","29.6265252793304","29.5390864699954","29.3732798104715","",
"Kenya","KEN","Population ages 0-14 (% of total population)","SP.POP.0014.TO.ZS","48.7235012196395","49.0676151834376","49.3838311950929","49.6530586391632","49.8488639176833","50.1578563512825","50.5857180255317","50.93473169693","51.1982543673496","51.3968808088343","51.5557524297987","51.7335665809137","51.8921317815851","51.9747111853855","52.0170690641632","52.0421253611831","52.0635139665257","52.0146728571479","51.8844876454266","51.7265168266361","51.5197747798337","51.2993473634849","51.0835354167908","50.832753220143","50.5735756908515","50.3324550721698","50.1143196899392","49.9157466594125","49.7023232436416","49.4632893088182","49.197411667233","48.9370663459541","48.6680763275747","48.3692601257752","48.044048198698","47.7208991295178","47.4162556747386","47.1073234094617","46.8021949900924","46.4593841119623","46.0777181917241","45.6774118359211","45.2979029895318","44.9594592904011","44.6396398076821","44.3705155511921","44.1566319842549","44.0025310525659","43.8814473721178","43.7622997374513","43.6258242216111","43.4305177634901","43.1708649113182","42.8390273807152","42.4434095606629","41.9989362164362","41.5236216637636","41.0136025385137","40.4529458304285","39.868889076487","39.2841689244817","38.6874677694824","38.0712456350252","37.4471305296838","36.8360577038471","",
"Kyrgyz Republic","KGZ","Population ages 0-14 (% of total population)","SP.POP.0014.TO.ZS","38.5762455887666","39.4499677978351","40.0664218301571","40.5588870844761","40.9447935766864","41.066867758523","40.9769155076107","40.8362944842562","40.6527871190458","40.4756896001668","40.345025069067","40.2696713335281","40.2084283780684","40.0882315778444","39.8939174051828","39.6454092100448","39.3704389752843","39.0713495636604","38.7572767701588","38.464182030002","38.1966300774111","37.9817164374771","37.8454375135131","37.7746526925429","37.6668508960915","37.5257822175187","37.4555950346322","37.4472848971946","37.473552216716","37.4804683978849","37.5148599851084","37.575472472461","37.6283079153027","37.9340875330115","38.1799068008694","37.9925511831687","37.5951087226393","37.0667060506579","36.4225612319841","35.782530906929","35.1901253406493","34.5522846168504","33.8817032930734","33.2521679029325","32.6838189435755","32.1643769399268","31.6666264391398","31.1776353529437","30.6913620062594","30.3344057969538","30.2528669995714","30.4128582625723","30.7597850546974","31.1331442047184","31.4732696321384","31.8024079780309","32.0526453346722","32.180287628135","32.3299691629984","32.6091328426779","32.8749645771971","33.0073762420041","32.9220930827679","32.6716750673693","32.3415612198649","",
"Cambodia","KHM","Population ages 0-14 (% of total population)","SP.POP.0014.TO.ZS","43.7408365245615","43.8367950849804","43.9322513259189","44.0323045984809","44.0879802044288","44.0878930426489","44.0710652334891","44.036616774393","43.9831330534185","43.9112344638699","44.36803778176","45.0207147690337","45.1884962665302","45.1583532358472","44.9421736515294","44.8400340901615","44.7170664146044","44.1893478764986","43.8064510248909","42.9957467446207","42.5067193961697","42.6990145038443","42.6250618052428","42.4517534233597","42.405395820135","42.5283764714603","42.5363201798115","42.5315303363693","42.7804569089594","43.1916330210068","43.6889674391763","44.4573358695263","45.0007755990679","45.3084104969122","45.9866893765197","46.4203712393186","46.1596342911359","45.4355473027268","44.5349906878509","43.583525515112","42.5479483722816","41.5094809141442","40.5081903948747","39.5306424780139","38.5493106655016","37.5876707560464","36.5978182828651","35.5854923178177","34.6590323058428","33.8924941916296","33.2731995625598","32.7744946131739","32.4283491051289","32.2070545178766","32.0491766731746","31.9296390978305","31.8263748057678","31.7040309990949","31.5280544500187","31.3236501189469","31.0778017734446","30.7812858676309","30.4544163844978","30.1105571746776","29.7931455146284","",
"Kiribati","KIR","Population ages 0-14 (% of total population)","SP.POP.0014.TO.ZS","43.2156754636158","43.5496554435776","43.8144069763921","43.9581426026008","43.9669405621256","43.9313984168865","44.0973817179605","44.4786893592261","44.8576419528535","44.9822569198013","44.8965397322205","44.8364932142126","44.7606142728094","44.5715882841336","44.2007856973677","43.7101349467919","43.2234613387404","42.7829492093517","42.3406192317651","41.7622961036371","41.0932581054009","40.4666661300838","39.9222289099376","39.5019401891879","39.2388179832126","39.1637153835164","39.2450723264203","39.4242283010074","39.6589501095532","39.9179739567313","40.1719335510891","40.4699704713454","40.7951932922471","41.0484392638348","41.1698179227953","41.1943201472281","41.1498078610548","41.0047832674768","40.7897732247614","40.4988178040998","40.1368873641565","39.7533611189523","39.3392872626376","38.881337934696","38.434919263773","38.0199009542462","37.618416777064","37.2658423795901","36.9992084242846","36.7935604459598","36.6095083897557","36.3654849861045","36.0567845819529","35.7409839377715","35.4311454869436","35.166716603176","35.0187376559361","34.9991062112085","35.0608395073863","35.1362365387486","35.1798983338488","35.165956518691","35.0797318893066","34.9289408853056","34.6938699653578","",
"St. Kitts and Nevis","KNA","Population ages 0-14 (% of total population)","SP.POP.0014.TO.ZS","45.6199605805411","45.7245610705992","45.8212833154304","45.9511802625301","46.1252532201965","46.3487128345017","46.6496988887442","47.0213663343929","47.3981098328906","47.6558570772561","47.1511999372289","45.773198208388","44.2667999000749","42.876514089723","41.6194156111391","40.5340946877186","39.6025941769008","38.8110476849449","38.1516532845871","37.5734901122394","36.9463243873979","36.2206660733524","35.556757265118","35.0628336561629","34.7078099399235","34.4553367801407","34.2720184533321","34.1552191157976","34.1158993217491","34.1380833210658","34.2043430945786","34.0601615540909","33.5556128651954","32.9170859449826","32.2920780821754","31.6909228370269","31.1250787135294","30.6058303398729","30.1244388885732","29.6775857043564","29.2634952207304","28.7704461271184","28.1048663095794","27.3645685575996","26.6396053071932","25.9502121153391","25.3400904044579","24.8450396634229","24.4229742713782","23.9510619931154","23.2632106987715","22.6690554649092","22.2439563710586","21.7096177951518","21.1493130030368","20.6296787894877","20.2062687867104","19.8648260911149","19.5709286618378","19.3167417441402","19.0655003200341","18.8172272950837","18.5797321743971","18.3348304033534","18.1894840210917","",
"Korea, Rep.","KOR","Population ages 0-14 (% of total population)","SP.POP.0014.TO.ZS","41.3092292991568","41.752824484728","42.2526840711722","42.7356394654357","43.1171279072514","43.3467992916008","43.4535276246363","43.3344270384363","43.0660324250392","42.7072805399821","42.1464583353115","41.5488374753041","40.9796992559523","40.2955803293721","39.4810993941057","38.5274911034942","37.4808441743626","36.4855823001405","35.5591870432691","34.7553740365617","34.0313383409577","33.3396443125236","32.7108965892488","32.0254353516334","31.175904764782","30.1934060889943","29.1808362881272","28.2153435162816","27.3367606818138","26.5421122185444","25.8266060669951","25.2086111007974","24.6760116939931","24.2037079470069","23.712857729738","23.1361665835196","22.5390679679643","22.0014833417685","21.5566133262342","21.2162714874843","20.9800973389997","20.758511043446","20.4706343324079","20.1292286327988","19.7278636087447","19.2448382755669","18.696438457549","18.1120356536962","17.5160034868534","16.9408709284412","16.3887244099558","15.7923959857753","15.1880390437584","14.6611848821691","14.1995085365218","13.7638350874668","13.3553842297333","13.0157834990204","12.7122160201177","12.4104062587422","12.1146595856263","11.799988611027","11.4142590399463","10.970817085997","10.568126821068","",
"Kuwait","KWT","Population ages 0-14 (% of total population)","SP.POP.0014.TO.ZS","37.442133350479","37.7946462510605","38.3294588241406","38.9769321056643","39.5429647580025","40.031985448252","40.7003621267941","41.545067657609","42.3206980212021","43.0194041650405","43.6345187451954","43.8776477442444","43.7619281742593","43.5783741376674","43.3313173065625","42.9823878616625","42.3204490666291","41.4462215714657","40.6344683616363","39.9183499711454","39.3448021042251","38.7712782283479","38.1461917899187","37.5476230948254","37.1300127012461","36.7540947777528","36.5830004258512","36.6626895493388","36.6201692737764","36.4641932906826","36.0416863893648","35.122393579688","34.5946678255115","33.8210383449107","33.3868673923506","33.3633757217458","33.013475247602","32.297672462064","31.4091184632452","30.4158435434818","29.3747560378553","28.3383500450545","27.3506916472469","26.4339789779613","25.5820820318539","24.9136037925811","24.4701358525178","24.0955880579125","23.7190592740759","23.3256208942709","22.9972838970548","22.4751896417742","22.0573564777009","21.9898903740465","21.9356063643997","21.8071986259321","21.6090351303743","21.3840665879684","21.0766441823686","20.7775843172973","20.6195979040686","20.0885216424775","19.2159054870884","18.6028445384442","18.2188090706114","",
"Latin America & Caribbean (excluding high income)","LAC","Population ages 0-14 (% of total population)","SP.POP.0014.TO.ZS","43.2672265103246","43.422880822894","43.5423156376045","43.6172582614074","43.6380740175768","43.6144652013338","43.5572800342742","43.4620757105051","43.3341114454843","43.1807982639214","43.004689248441","42.8080589021277","42.5901522949864","42.35353062289","42.0945790116345","41.8121265260821","41.5159561348893","41.20507383637","40.8806924533251","40.5497845267462","40.2206995480089","39.8720604321615","39.5155893379353","39.1779469483212","38.8454096919834","38.51186495274","38.1725107425249","37.8207584763595","37.4591740064526","37.0917849175917","36.7083074901296","36.3123488373477","35.908933857129","35.5014138765391","35.0911817053452","34.67257830679","34.2423154658654","33.7986905151645","33.3487258405053","32.8981477999855","32.4489075323573","31.9949219883999","31.5348925581765","31.070987053884","30.6025710460243","30.1328600819513","29.6631561383719","29.1989049780049","28.7420972043598","28.2925508590396","27.8517547840871","27.4240941366388","27.0097609584334","26.6015568039308","26.2048989705465","25.8212530333067","25.4419080717192","25.0654123396073","24.699555233793","24.3433138638052","23.9983355582302","23.67987837293","23.3585761010806","23.0131869678056","22.6607850236294","",
"Lao PDR","LAO","Population ages 0-14 (% of total population)","SP.POP.0014.TO.ZS","41.77336132907","41.8436437903941","41.8901986770181","41.9510180376084","42.1007428020868","42.1926273446316","42.175169147761","42.1709882361926","42.1784951717676","42.2009130178112","42.2417745501183","42.2933576340182","42.354389897418","42.4313268520478","42.5387131811055","42.7083452904929","42.9520406450309","43.2424659477752","43.5315089617199","43.7727032303581","43.9384572584333","44.0272105893415","44.0576244932647","44.0598796696358","44.0539979248695","44.0358643197585","44.0029016970196","43.9639863634939","43.9272960940686","43.8948611820142","43.8758521366758","43.8781497897181","43.8984798492602","43.9323189030663","43.956119703403","43.9365347854073","43.8625944954678","43.7752516662667","43.6639072790899","43.486223793527","43.2247035077342","42.8815035528505","42.4744494566235","42.0145420849096","41.5187303293857","40.9135887192196","40.0304199087738","38.9872571852173","38.0023138838397","37.0990838628681","36.2914444994896","35.5673459797498","34.9125430397219","34.3053334744031","33.7191283260469","33.2337961453592","32.8603111754895","32.5273323571022","32.2217452330899","31.9208047987495","31.6070608821236","31.2704480300961","30.9169093958433","30.557668516962","30.1984061662183","",
"Lebanon","LBN","Population ages 0-14 (% of total population)","SP.POP.0014.TO.ZS","42.3894035129174","43.0634771177957","43.6481630098805","44.1001595683129","44.4078368219331","44.4267019272267","44.198224563548","43.9258667970556","43.6150263328815","43.2723452307166","42.9037128988808","42.5133982214463","42.1082399948839","41.6947765878267","41.2714097871686","40.9034191974166","40.6143807246662","40.2515173385423","39.8085118707158","39.3861450745334","39.0037330678224","38.6691605346063","38.4029786597471","38.1773514408419","37.9606463448983","37.7472415016525","37.5310401226773","37.3013785481817","37.0601851215297","36.8678329366041","36.7158673382891","36.497967722043","36.1672890140848","35.7598333475979","35.2949471168047","34.7734574517104","34.2140626715552","33.6403300064137","33.05736926076","32.4722338874767","31.9044741120441","31.3533668732584","30.7933184332309","30.2022855553138","29.5721568532807","28.924405846843","28.3053223160395","27.7325792091998","27.2103819553256","26.7614749273705","26.4097488578316","26.1386801721068","25.9164317111118","25.7298831457438","25.5697011047992","25.7961065553192","26.3908318433505","26.9464692941445","27.4621771841288","27.9082883114848","27.9465523054119","27.5996234077922","27.1853795163834","26.7158310156288","26.1864378535752","",
"Liberia","LBR","Population ages 0-14 (% of total population)","SP.POP.0014.TO.ZS","41.0595148928739","41.1079054257153","41.2316557772971","41.4494213036514","41.7291826382627","41.9899074898415","42.2122225972396","42.4179450683857","42.6070276947851","42.7823070008849","42.9284313645277","43.0489928374678","43.1597165952537","43.266538792457","43.3761364321104","43.4902954253154","43.6165141627299","43.7292294137266","43.8243143466442","43.929166916972","44.0270000945962","44.1200755058279","44.212665217167","44.2491114028741","44.2412548221332","44.2452909768587","44.2618856916861","44.2563917366834","44.1993697436922","44.0965892437143","44.1193982732127","44.1791233201023","44.070227601333","43.933417350076","43.7646647318736","43.5911065174262","43.4423238752518","43.3102471664811","43.2090126168321","43.1212076053179","43.0431644369341","42.9761345123058","42.9310922273511","42.9165107271683","42.9324542829552","42.9815743008702","43.0640057763487","43.1571582776411","43.1546320227134","43.1135593145115","43.0894776650759","42.6782236287804","42.3870583496368","42.4767269128929","42.4854470905519","42.3992221367802","42.26653037845","42.1337762631693","41.9566119538272","41.7171411461043","41.3767570155609","40.9559842588105","40.4841052806714","39.9967704533253","39.5295891528265","",
"Libya","LBY","Population ages 0-14 (% of total population)","SP.POP.0014.TO.ZS","43.5817106417753","44.2077342057383","44.8408098843375","45.4982748752926","46.0563748117542","47.0184006230547","48.3735956066409","49.4814164686062","50.2810350981498","50.7363003455058","50.850719945222","50.8890156572907","50.9225588711333","50.1554862009103","49.25214136438","48.8926743185838","48.5536173438771","48.2307507843915","48.0137846469146","47.872625969202","47.7043783870207","47.5316972740337","47.2914737853967","46.8014516421995","46.1470489913766","45.5039891041861","44.8379407246496","44.1413488842757","43.3986796545199","42.5805218608678","41.6855042343613","40.721815940698","39.6840584507382","38.5781986015345","37.4324896304197","36.2866918709239","35.1876822219544","34.1711028170024","33.2915653875845","32.5047587335277","31.9508789926676","31.6650594164414","31.4532567970379","31.3047172761849","31.2072853826486","31.1409609957537","30.9337413011012","30.5981549803711","30.3057928643253","30.0697859082586","29.9147685869102","30.690977413146","31.4966636741619","31.3040094273596","31.1424875780884","31.0256506628819","30.8644189558838","30.6110188217597","30.2697474520023","29.8830137824848","29.4627955066846","29.0094216329663","28.5102123126394","27.9611873480544","27.4124264346555","",
"St. Lucia","LCA","Population ages 0-14 (% of total population)","SP.POP.0014.TO.ZS","47.0818864725038","48.1011439664993","48.9196338818052","49.5657954658473","50.0823791513393","50.4859348154986","50.3689184317031","49.9570371189243","49.8443017417346","49.962455646131","50.2076780287793","50.3889980729413","50.3882002226373","50.228841466818","49.9305526905675","49.4960487694739","48.9499666444296","47.9079507072796","46.5597320303192","45.4589544619155","44.7564758152402","44.3102850634666","43.8646805295463","43.5109101159987","43.2614290098924","43.0645292412036","42.8390188892021","42.5527762661613","41.6572531212847","40.2333119677685","38.8987824295554","38.0794868119266","37.7133395002012","37.3465390623097","37.0213859757351","36.6977491093598","36.2441960561433","35.6795941508432","34.7399249401169","33.5046776684407","32.3643264235638","31.4435225432408","30.7208567133339","29.9922380971373","29.2354434695779","28.4491642464921","27.6444889851715","26.7757722433505","25.8868829880189","25.069391911979","24.2881341552252","23.4978259730735","22.7459853464784","22.0861921283278","21.4734248888098","20.8782507025262","20.3309497512041","19.8616892175432","19.4537812752448","19.0775716742232","18.7337482924312","18.4529077648693","18.1814622359199","17.8702007145068","17.5369345762156","",
"Latin America & Caribbean","LCN","Population ages 0-14 (% of total population)","SP.POP.0014.TO.ZS","43.0976289423796","43.2403039169433","43.3465941818785","43.4105705152182","43.4235523877278","43.3935409374263","43.329942401555","43.2279133298017","43.0915251706013","42.9271216113251","42.7360546328997","42.5211345078011","42.2839530913569","42.0278440879983","41.751297145645","41.453872112471","41.144672242802","40.8229971063053","40.4896250221589","40.151865861408","39.8169128791541","39.4654846472844","39.1091635171505","38.7722160474323","38.4422548701956","38.1134009599981","37.7813175102856","37.4399205249428","37.0906699188496","36.7363441837356","36.3668904855037","35.9850350543395","35.5944195319336","35.1979223332934","34.7974238190571","34.388371155011","33.9676857844319","33.5335445593587","33.0921503335895","32.6484550553287","32.2042607397429","31.7544302803011","31.2970166709451","30.8339856511109","30.3657409146726","29.8974925315456","29.4302451420207","28.9699518231705","28.5191735359779","28.0771851852497","27.6435320681969","27.2230335393245","26.8171059685231","26.4180315872338","26.0301977505098","25.6548361758772","25.2846823321184","24.9232957462449","24.5788940154981","24.2380352973701","23.8969163699725","23.5698783780122","23.235474541875","22.8761632449243","22.5092527306218","",
"Least developed countries: UN classification","LDC","Population ages 0-14 (% of total population)","SP.POP.0014.TO.ZS","42.4142161880129","42.5449415547785","42.6845293161346","42.858703751894","43.0525639071086","43.2291841492586","43.3886562447363","43.5367333953048","43.6712116463653","43.8021037282302","43.9343122858643","44.0750962612679","44.2258187831619","44.3555236543346","44.4524482561255","44.5263765960936","44.5910775800598","44.6475565677822","44.6887281569113","44.7264565311309","44.7852708918742","44.8529614512998","44.8839705700444","44.8710857626346","44.8486102140312","44.8217413718764","44.7733865160965","44.7003423678321","44.6172867358232","44.5470574806085","44.4807239032745","44.3880821112874","44.2812177302163","44.1949838705361","44.0666825868111","43.9366961918839","43.8860995763103","43.8253480182998","43.6903721924968","43.521180799978","43.3507513119859","43.2059599865081","43.09167929297","42.9757395540602","42.8488457149183","42.7153757964431","42.5797137389312","42.4317252544836","42.2707349012521","42.1013905261375","41.9127229286393","41.696718809085","41.4703604364095","41.2428405844283","41.011027254476","40.7670035521197","40.5077904924668","40.2641475016596","40.0451125117954","39.8287949682113","39.6100266099679","39.3973772718686","39.1649273448641","38.9076267285105","38.6572016929491","",
"Low income","LIC","Population ages 0-14 (% of total population)","SP.POP.0014.TO.ZS","42.6808240710497","42.7477730382437","42.8237314522281","42.9496679534915","43.1068554552656","43.2533424570025","43.4355277796789","43.6613241891172","43.8648030287276","44.0378928606947","44.1933844364016","44.3476679671316","44.4993778043945","44.6171485861196","44.6968007980934","44.7569506021518","44.8175413822219","44.8699930444163","44.8694532095726","44.8561068013557","44.8765665076846","44.8966852399627","44.8625506171588","44.8092014418804","44.789594889645","44.7773729819795","44.766407038165","44.740316616035","44.7150222706142","44.7342687588533","44.7783484427742","44.8091751248233","44.8286338312758","44.9099875101689","44.9164733188","44.8961393448137","45.0241083360666","45.1529380672049","45.1503969214617","45.0776341269125","45.0080893065335","44.9297537786969","44.863504050941","44.7981934724766","44.7124309559827","44.6215116575013","44.5106003775243","44.3643603733365","44.2557827081831","44.1798745177585","44.081340342571","43.9748361015722","43.9106323660974","43.9136979593142","43.912181583636","43.8385045037371","43.6779719295517","43.4722313333648","43.2314248571836","42.9665897488148","42.7159410153492","42.4758190742506","42.2095633714045","41.8997547008291","41.6033347900853","",
"Liechtenstein","LIE","Population ages 0-14 (% of total population)","SP.POP.0014.TO.ZS","28.8984566871835","28.6989531124885","28.5300758409078","28.4124293785311","28.2730303948855","28.1709447654885","28.0735340396517","27.9610309911016","27.9599611563457","27.9992241295704","27.9825951237969","27.7993887190886","27.4161646015687","26.956735277046","26.4970946168183","25.9575385278586","25.405943952177","24.898316751142","24.2915229176934","23.7081083267601","23.1451403973774","22.7402156196611","22.4668240027856","21.9990471653168","21.4504347172929","20.9248940148472","20.4334647969617","20.0313411866422","19.6624922284395","19.3449460255152","19.0653396797923","18.9029492631112","18.8790014634885","18.8945972820683","18.9160484951472","18.8815132278542","18.8214921199797","18.7498040690931","18.6746708337846","18.5779325938827","18.4247878476731","18.3127018299246","18.2233088834556","18.0167351732237","17.7719295694782","17.5105576454649","17.2006118568712","16.8951910520638","16.5996586115931","16.3731556401713","16.1076155950942","15.8411337349564","15.5920809935648","15.2912489840152","15.1173898419105","14.9679144385027","14.84647082281","14.7395675090157","14.6688172889046","14.6488033298647","14.5755410529574","14.4939043130827","14.4072538596536","14.3466841759685","14.2626034612491","",
"Sri Lanka","LKA","Population ages 0-14 (% of total population)","SP.POP.0014.TO.ZS","40.962816009168","40.9432466552804","40.8361116030669","40.69696416257","40.6049375896222","40.5423320740852","40.4385543058506","40.2988183501939","40.134472406819","39.9357741674562","39.7152381642225","39.4753985648399","39.1921981106556","38.8395193721482","38.4224068599809","37.993300383014","37.6023713377251","37.2494278480713","36.9401447701935","36.6797982443157","36.4389343623581","36.2210844738743","36.0091465922615","35.7788811852676","35.5433683359183","35.1695220971666","34.6156233610456","34.0391897101487","33.4902974577235","32.9641610636563","32.5451113387697","32.0624015745702","31.3694191271687","30.616066322648","29.8650766635717","29.1996828183449","28.6431072004507","28.1726307252222","27.7834408824305","27.4013056031597","27.0013168211035","26.625948882323","26.3292426361796","26.1135974015816","25.9547566770653","25.8375073321826","25.7452470864508","25.6652772996229","25.5872135359583","25.5083423526246","25.4195405747827","25.3135625183968","25.178419778154","25.0269759664236","24.8722308563944","24.6928809823796","24.4783427877771","24.2290828278519","23.9530298630511","23.6544870392859","23.3374525364923","23.0159928656676","22.6903041016266","22.3612730440352","22.0302867118189","",
"Lower middle income","LMC","Population ages 0-14 (% of total population)","SP.POP.0014.TO.ZS","41.4639792246872","41.7389482070479","42.0070277524649","42.2827336656948","42.4858050581121","42.5888649043628","42.6544365313062","42.6787729589519","42.6783516680556","42.6660942627696","42.613025622507","42.5589881748375","42.5014588299817","42.4229225924247","42.3327846441605","42.2143566144952","42.0902715540841","41.957538903606","41.823108507565","41.6980034100593","41.5796702918458","41.4898664025515","41.4191615314908","41.3491116899556","41.2867482835343","41.2225622348929","41.1403887772161","41.0335507380696","40.8987252664954","40.7449687932173","40.5752272032131","40.3815089969644","40.182862060351","39.9565470785824","39.7026128373662","39.4235370400092","39.112977368073","38.7728804248384","38.402548315772","38.017194382618","37.6359546018657","37.2721716377617","36.9310060663379","36.5938889205594","36.2436709723322","35.8901890349615","35.5375896187489","35.1869861216094","34.8512164633173","34.5281661532928","34.2078671152805","33.8926752437414","33.5848334026883","33.2823355169403","32.9703510401009","32.6440062840908","32.3066667011483","31.9661356085658","31.6297588259086","31.2925001239421","30.9460483968764","30.6143201081514","30.2788777516621","29.9183616598232","29.5432743493287","",
"Low & middle income","LMY","Population ages 0-14 (% of total population)","SP.POP.0014.TO.ZS","40.9025591361874","40.9717107138859","41.1457141865648","41.5036705817897","41.8109848938952","41.9572706158651","42.0206668819945","41.9710796820533","41.8989526751647","41.8556471264713","41.7612836031539","41.6653226795882","41.5249156133534","41.3713347993117","41.2862865120597","41.207353361936","41.1137273764832","40.8575700782612","40.3538505361392","39.8383140956915","39.4017831627757","39.0007018209932","38.668720356727","38.3159048994746","37.9249974606613","37.5639094664697","37.2392042778922","36.9659746468877","36.7080538135479","36.4791173826923","36.3064576186005","36.119562445986","35.9088643744257","35.6912100601582","35.4317065855632","35.128298032697","34.7902867600832","34.3962099290659","33.9758010302413","33.5543121278332","33.1188858506489","32.6673855143122","32.2004124373955","31.7430594330463","31.2942489165047","30.8462406166137","30.4552714197245","30.1423764340765","29.8775708728851","29.6482888256337","29.4353174034912","29.238379486117","29.0703520486745","28.9228117369135","28.7773677874405","28.6135576196537","28.4395241753168","28.2709712692936","28.0816370285466","27.8649193685658","27.6192989684185","27.3529437569502","27.0632077712917","26.7379774291651","26.389680555799","",
"Lesotho","LSO","Population ages 0-14 (% of total population)","SP.POP.0014.TO.ZS","45.1496945010183","45.238355666136","45.2667480585228","45.1699398912057","44.8981055824614","44.7730594978629","44.8727391070901","44.7723561446745","44.44267483173","44.044741546121","43.6051203186586","43.1499858934377","42.698912219863","42.270855432148","41.8949693795739","41.595987619099","41.4412628015897","41.48199139978","41.6546743618336","41.8803603360931","42.114743439573","42.3317189995781","42.5246598733575","42.6939487608616","42.8368450268574","42.9528585856067","42.6626125807106","42.4536365717774","42.6774465820286","42.8379966492728","42.9106048750729","42.8922992750947","42.7898580800625","42.6007194263519","42.3286578302615","41.9986763596971","41.6507957109508","41.2320267708785","40.7143418404654","40.1610446310927","39.6045886223603","39.0842805543436","38.5932272811816","38.1340902547708","37.7305594915401","37.3854371258466","37.0727418784743","36.8191828209998","36.673462865372","36.595927169853","36.5415972239964","36.5198715596604","36.5173572255966","36.5339187280939","36.5848288222283","36.6271637306933","36.6129809023752","36.4940970803304","36.2917847246042","36.0717170297621","35.8421971560475","35.5971058684738","35.2967409055687","34.9236330788346","34.5192835270474","",
"Late-demographic dividend","LTE","Population ages 0-14 (% of total population)","SP.POP.0014.TO.ZS","39.1111942527673","38.9894757765172","39.0389811490656","39.4403559408102","39.7675106022746","39.8384625975091","39.7909616052892","39.5584051121837","39.3169082554809","39.1513160704993","38.9200681955567","38.7037734113476","38.4125840824027","38.1173595189387","37.9820232107562","37.8902899462153","37.7813167920242","37.3674504027868","36.4645436194577","35.5350726770102","34.765396599766","34.0705319923076","33.5161212259642","32.8988323555472","32.1787421098621","31.515967159954","30.9449431373984","30.504426238146","30.1130739656313","29.7820405194836","29.5767967263608","29.3632481134365","29.0738174570586","28.7688071531642","28.4166522261718","28.0024962241694","27.5288358283432","26.9597579981135","26.3726480335837","25.7999528356648","25.1872425295286","24.5092549176305","23.7547795311789","23.0124264292876","22.3006322096643","21.5758945553662","20.979582402372","20.5758926475493","20.268494581514","20.0246814519059","19.8205954816614","19.6535608362186","19.5545621140712","19.5020331996534","19.47415685226","19.4313191304109","19.3916908657619","19.3913453940575","19.336210871336","19.2035595927679","18.9962969208805","18.7067786446114","18.3469244895369","17.9236072201509","17.4608748013133","",
"Lithuania","LTU","Population ages 0-14 (% of total population)","SP.POP.0014.TO.ZS","27.1449746478497","27.2820845207732","27.4479622007814","27.5035869047883","27.4397426433684","27.3377483443709","27.2599560652282","27.2297552397098","27.2416668851603","27.2191851601113","27.0607346218213","26.8486638162001","26.5671951949909","26.1342392456389","25.6164503505735","25.0990560978307","24.6196648707441","24.1998987548638","23.8318746867672","23.5279915975864","23.3084404210804","23.1152363367189","22.9380048133985","22.8350775075765","22.7895827635905","22.7385783442766","22.684899648156","22.6553034198084","22.5661250000511","22.5371573588954","22.5638749530617","22.5089374785132","22.4325765382945","22.2876142619015","22.0525044385729","21.7860965338659","21.5180577665738","21.225641957022","20.8644414851524","20.4418715652425","19.9536796059424","19.3255464145737","18.5953864497632","17.9248512126978","17.3626817196321","16.8349706209292","16.2959874096583","15.7565790898856","15.3084097276816","15.0438124791749","14.9222032530705","14.8337299082774","14.7354734476235","14.6486373111053","14.5849641070679","14.613488913759","14.7421177198012","14.9087808434028","15.0467907330584","15.1101157829283","15.1154362250468","15.1100157005533","15.0489745979606","14.8871500252794","14.7059775080318","",
"Luxembourg","LUX","Population ages 0-14 (% of total population)","SP.POP.0014.TO.ZS","21.2324871964381","21.5058386176986","21.7411775011223","21.9388071166617","22.1313020621796","22.3284627808403","22.4835398421386","22.5551573315848","22.5302441789043","22.4093382959413","22.2229262197494","21.958673045655","21.5587774238057","21.1809244532519","20.8705685842376","20.5418449702486","20.19844241531","19.8504094270812","19.5463742204951","19.1863188699731","18.7781048128225","18.4424599091869","18.1298211781206","17.7910476346822","17.4745659645119","17.2055386310516","17.000289083632","16.9129426359934","16.9788580257235","17.1537783784142","17.3629813990045","17.5773039964634","17.7998716717245","18.0387713997986","18.2592712188579","18.4301871262802","18.5522860771455","18.6715707744138","18.7939771946307","18.9040630662694","18.9417206926794","18.911763740474","18.8650693286229","18.7724361386161","18.6584856277227","18.5200386364638","18.3788853501838","18.2315156058051","18.0411480386633","17.8380987842906","17.6569243806783","17.3590970797402","17.0661882766187","16.9137587224523","16.746902183976","16.5619030228116","16.351674190154","16.1825193987214","16.0943659030326","16.0193368517632","15.9743861769085","15.9352870802188","15.8788481775567","15.8199242818352","15.7772392561468","",
"Latvia","LVA","Population ages 0-14 (% of total population)","SP.POP.0014.TO.ZS","22.2253112900581","22.4420345466754","22.5592440950655","22.5328123434526","22.3765762921357","22.1698297467731","21.9741073216759","21.8094459749525","21.7180328349913","21.6445591457462","21.5798841089449","21.5364021214325","21.4761502483019","21.3483785588358","21.1722428646756","21.0133642374155","20.8323534519014","20.6415298995918","20.4768271480066","20.419704285647","20.5111636904655","20.6476465989674","20.7868675317618","20.9479220611464","21.100834915929","21.2067707791142","21.2719742362568","21.3210203877626","21.3830991953425","21.4390156540619","21.4646907493107","21.4972026546468","21.4380954147436","21.2324773190005","20.985124939836","20.6709389452479","20.2379424269973","19.698992820657","19.0382244859263","18.3228613422497","17.6667141688438","17.0342697539795","16.3803983038491","15.7704029385963","15.2241833004001","14.74124619634","14.36202812758","14.1060244204771","14.0435498457899","14.1192109867101","14.1773336365036","14.2408170329109","14.3633730595707","14.5728039105618","14.8463580203886","15.1171438726669","15.4056431495467","15.6721888361644","15.8327920696746","15.9402077979881","15.9978297043827","16.0040878516876","15.9259950357856","15.6920488568824","15.4132909230147","",
"Macao SAR, China","MAC","Population ages 0-14 (% of total population)","SP.POP.0014.TO.ZS","40.119031477277","40.4597197140599","40.3313658719022","39.8410519669476","49.4343134430879","54.6980585850296","51.4977609173108","48.2415147663609","45.0111075356779","41.8932575027614","39.6306462234188","36.869493925051","32.2343061925976","40.988079449034","52.7770374954266","47.8352508813725","43.006988393725","38.3732330190594","34.1250134945482","30.2732985964963","26.8272266626574","24.8953486069583","24.542193296802","24.5331844748487","24.5745509371553","24.6409351906687","24.7373785597822","24.917718068969","24.3001789510714","23.75034085298","23.9910230887752","24.2417550566915","24.6416036599207","25.0183241919982","25.1970219534171","25.2199060429955","25.1073327789086","24.8222584678692","24.3371727253376","23.6592466051911","22.7717700756216","21.7026677899466","20.5589082791318","19.3742498182508","18.1464122770635","16.981170160907","15.9466453331866","15.0004164468753","14.1539939917527","13.4261660506331","12.7485427914262","12.2724133887506","12.2655633586435","12.5334241903454","12.8095998059983","13.0709168904769","13.2822753489413","13.4803021245695","13.7627282276721","14.1109789649077","14.3725391305239","14.4086566570949","14.2756544448727","14.0945341264288","13.910146585548","",
"St. Martin (French part)","MAF","Population ages 0-14 (% of total population)","SP.POP.0014.TO.ZS","46.3004352429126","46.6484268125855","46.8301303291363","46.9134481651867","46.7833834041231","46.206965572458","45.3525179856115","44.608918128655","44.3439311435096","44.3933197000682","44.4269885893832","44.4640706543557","44.5189982055083","44.4857121200637","44.3023084840465","43.8263711281614","43.047853768741","42.2088645220953","41.3614573346117","40.412997643557","39.327944015444","38.0736643916216","35.580366547293","32.5946887244232","30.4048641957329","28.9748369058714","28.1380499501576","27.7484306526116","27.6348477830646","27.6376970475938","28.1209587415189","29.0203295081683","29.7801007513368","30.3109471850827","30.6276136402271","30.7295554801493","30.6015012057195","30.2351356420618","29.6097158759061","29.1751327539399","29.1205494065875","29.1087051796062","29.1197316795342","29.1557339095539","29.1881462723463","29.1558594671068","29.0120607074846","28.7456667845773","28.3108070526726","27.6707074857886","27.2669307575429","27.2738308806669","27.3088221485963","27.204457688042","26.8928318714036","26.4845192539271","26.0309347679892","25.3749575839837","23.6768299455737","20.1377438606219","19.3811741018058","21.097426654651","20.96430612563","21.1306765523633","21.3364460943779","",
"Morocco","MAR","Population ages 0-14 (% of total population)","SP.POP.0014.TO.ZS","44.8503359116134","45.3886069293527","45.8669716128375","46.2837453732864","46.5058899856115","46.6350347767243","46.7662359487139","46.8438754525913","46.8571026720671","46.8128878313533","46.7246244963919","46.5873296741691","46.4312119819963","46.266310026691","46.0659947050416","45.83195778899","45.5627850683809","45.2510113028727","44.915825480716","44.5881830574661","44.2777710088873","43.9822662556967","43.6913039066938","43.3895523535773","43.0602116035462","42.6872698271704","42.2673101482279","41.8040961957291","41.300435656234","40.7612496120154","40.1924186247113","39.6094316491777","39.0116778926268","38.373860502762","37.6882539004295","37.0185797772099","36.3841218556737","35.7617277881063","35.1630413217922","34.5866982441098","34.0350430193423","33.4959422106313","32.9474309178206","32.3927273620027","31.8223904545714","31.242860235461","30.7015193032506","30.2235828693394","29.8139640446928","29.4756015604741","29.2048124965475","28.9759624642092","28.748790501187","28.511937126229","28.2848084390544","28.0671448691087","27.8420355842938","27.6275847764703","27.4330324756639","27.2315933728017","26.999138535403","26.7273305503121","26.4042985379971","26.0351984043489","25.6329078938824","",
"Monaco","MCO","Population ages 0-14 (% of total population)","SP.POP.0014.TO.ZS","14.5084372707263","13.743664672846","13.4429422288652","13.8440920259102","14.2617856434443","14.4787602711362","14.42467737403","13.9945330492241","13.8434953279003","14.2524442952457","14.4767525847659","14.4996236241938","14.4517737913281","14.1213305679643","13.5825952564941","13.5487539460011","13.9740099248875","14.2272632119817","14.2658472872151","14.0429487775402","13.5920361323624","12.9227274392701","12.5809553181068","12.8753062355823","13.279376498801","13.5463436705997","13.6822205035662","13.6860694152007","13.5541713537382","13.1683480977945","12.8217797322002","12.8867410080165","13.1400450034805","13.3513192336722","13.5169160650826","13.6717390616597","13.7887711032587","13.837037037037","13.8126597970094","13.6194634289329","13.4326518664592","13.5590347335655","13.8334130129698","14.0063939211416","14.0710361371199","14.0251474697299","13.8454339858068","13.5469179426777","13.2742806885287","13.1969657175522","13.2072911484011","13.1445994314416","12.9987611996197","12.7895167433069","12.5345992028344","12.2724923143891","12.1861251207211","12.2551621635968","12.2986803653566","12.5469049305938","12.7961524815705","12.7845407117087","12.9008643386461","13.1788019970993","13.4723408661438","",
"Moldova","MDA","Population ages 0-14 (% of total population)","SP.POP.0014.TO.ZS","34.5103394110819","34.9274480921229","35.1372929995892","35.0765239068057","34.7372522230021","34.1901084828817","33.5286449818421","32.8070519115741","32.0657469906606","31.3273370203806","30.6582074407777","30.056913846181","29.4620997270596","28.8802792073704","28.2867458431052","27.7118312324437","27.2081251626501","26.8000447322092","26.5215338559898","26.6578753332906","26.9032002387919","26.9246550588355","26.9785067573384","27.088600495293","27.2550172110834","27.4530784729545","27.6588830004228","27.7937304889306","27.8567828596261","27.8437642193279","27.7309134632234","27.5761153352375","27.4160989588529","27.2382539740169","27.0000423952791","26.6865924623902","26.2951934125184","25.7989828122266","25.1466032311235","24.3565804480864","23.4793828947643","22.53519882953","21.5740938869464","20.6610580430161","19.8895536193405","19.3052267943551","18.8433272346162","18.4304364482952","18.0499875115888","17.7275707528715","17.4937771743133","17.3587103129201","17.3316030300694","17.4347394013179","17.752382872694","18.2318834363172","18.7172191930679","19.1468131727048","19.4953790269623","19.779429293296","19.9923691755093","20.1461350426296","20.1457277167038","19.9922238488199","19.7887254216323","",
"Madagascar","MDG","Population ages 0-14 (% of total population)","SP.POP.0014.TO.ZS","45.2389137295053","45.7894849706666","46.2818036534832","46.6847131195867","46.8233888543691","46.7344008952563","46.6250443463591","46.5309217685822","46.45537175294","46.4011222696568","46.3736901796957","46.3752542631479","46.3995555805282","46.4357433955057","46.4804574760784","46.5374032087507","46.6112135640841","46.7037875323513","46.8116170811613","46.9215476755836","47.0111672370714","47.0601256459404","47.0652812314465","47.0281425630048","46.9495267698355","46.8329268961868","46.666761976992","46.464121997686","46.2599309334104","46.0681092782712","45.8973389962987","45.7480880595539","45.6109485375193","45.4884620547367","45.3916966912372","45.334258089239","45.3247726687971","45.3493267726932","45.3922819105974","45.4313351090272","45.4421797374212","45.4452017940063","45.4419346694197","45.4031098691675","45.319625156826","45.1815167419188","44.9960769673612","44.7879780789832","44.5598717883555","44.3071432753262","44.0154132782662","43.6623662747043","43.2554259706515","42.8208494978316","42.3854910292813","41.9714963039348","41.5878734183113","41.2409159055171","40.9322941985732","40.6510269439411","40.3891452851397","40.1348984137763","39.8661354559159","39.5721333221887","39.2568567902925","",
"Maldives","MDV","Population ages 0-14 (% of total population)","SP.POP.0014.TO.ZS","37.8760712582041","38.1954959630603","38.6928247844513","39.3761071857629","40.2838211042896","41.7849801156558","43.5499255804952","44.7192908400169","45.2119113155775","45.4440527418485","45.6355985505423","45.754713267997","45.765759574858","45.655693669995","45.5656810226042","45.6429259978485","45.7575131079034","45.7424471796222","45.7746456324824","45.8914317784984","45.9444292777626","45.9215784584077","45.799836519295","45.5690902594793","45.3617846013529","45.4792842156187","45.8878668396505","46.3038873416232","46.6096370288001","46.8072940706398","46.9681262846923","47.0756228928631","47.0468636681856","46.8423825158034","46.4510688855045","45.8488051774992","45.0308179624696","44.0506896519522","42.923484494312","41.6393306706271","40.1959445922874","38.6598899805592","37.134965159662","35.6447581882755","34.1749263882553","32.7392316001423","31.1832684936483","29.5136202959205","27.9825683433977","26.6971502404709","25.6643717155591","24.8636512039906","24.2745942536283","23.8514211870158","23.5287717864595","23.2102234242819","22.8470950219712","22.4629980776238","22.0713022763758","21.6703469740492","21.2431925929835","20.7675623627467","20.3824031947705","20.0489929542923","19.5920227207706","",
"Middle East, North Africa, Afghanistan & Pakistan","MEA","Population ages 0-14 (% of total population)","SP.POP.0014.TO.ZS","42.4460070488097","42.6725455767592","42.889245965838","43.125808601591","43.3552407176398","43.554956105943","43.7305974767947","43.8706292913853","43.9678472074524","44.0255383468559","44.0589425375039","44.0762853577319","44.0794218837087","44.0577361457612","44.0155861417256","43.9891116894457","43.9902999727227","43.9581992322966","43.8904223212693","43.8143081333669","43.696914162537","43.5077652138825","43.3839884694725","43.3808962930516","43.4210930353734","43.4495765899202","43.4338950384834","43.3952650041433","43.3474356331092","43.2838241618421","43.1605571920396","42.9557332296072","42.8034800464275","42.6670678422073","42.424900817281","42.0432234856107","41.5805337571567","41.050862752031","40.4635406394974","39.8551702164134","39.2292241825688","38.5987991891689","38.0340362937206","37.4866477586302","36.9040781066208","36.3433912428465","35.8079120854739","35.2799400961651","34.8674376511186","34.5814001459094","34.3758297221461","34.2196787075243","34.1203202417401","34.0825205677568","34.0779982971764","34.0396116221609","33.9693764353809","33.9000252974902","33.8136336588406","33.6584688955933","33.4616690839778","33.2480724447874","32.9054781852355","32.5243278283139","32.133802826699","",
"Mexico","MEX","Population ages 0-14 (% of total population)","SP.POP.0014.TO.ZS","46.7969840772597","46.9811878126112","47.1230238910708","47.2230853975607","47.3050675584528","47.3998237430878","47.4887341458285","47.557958871014","47.6192229876528","47.6743104222967","47.7205371025336","47.7501412924742","47.7449551887383","47.697469846023","47.6045827479916","47.4558648003472","47.2470398736764","46.9786338198018","46.6529162793947","46.2629198062836","45.803018259887","45.1652103605249","44.4019838383314","43.6663262992273","42.9556136651842","42.2758531481524","41.6163372774454","40.9588052408261","40.3131814254428","39.6817525294708","39.0379849498015","38.4050647056787","37.8325588473327","37.3341158055228","36.886517401127","36.4607814991395","36.0380963444525","35.6072210389726","35.1819139987556","34.7553158149552","34.3200781274208","33.8795595259076","33.4366958039727","32.9986287285332","32.5469201903697","32.0692922954767","31.5812288019191","31.1034912087738","30.6450452482194","30.2004247849867","29.7720329865474","29.3751716772477","29.0183118156619","28.6828647635981","28.3445326761251","27.9777528149171","27.5802572831292","27.1658495783116","26.7483787169189","26.3467733838135","25.9842947015035","25.6612568545109","25.3113209855908","24.9179721383635","24.5094927322392","",
"Marshall Islands","MHL","Population ages 0-14 (% of total population)","SP.POP.0014.TO.ZS","46.1486141812617","46.7113476575333","47.1183751190098","47.4036131644327","47.5211392968402","47.4673179140928","47.2178060413355","46.7193781827928","46.0628335515054","45.3190640475017","44.9889036839769","45.5951896946483","46.5853912681046","47.3353403034864","47.8040006325111","48.1618139063605","48.547426076015","48.9706330293311","49.4194623301342","49.8327084419187","50.1161676062974","50.2529905987444","50.3136556225952","50.3633908821924","50.4467240238253","50.5634045257736","50.6898131649952","50.8033702361125","50.7892063041989","50.5621070986097","50.178135293195","49.6790475667965","49.0767987065481","48.3559302239163","47.5210379049076","46.602645782184","45.6422347514095","44.667979455531","43.6953154856488","42.8054938597452","42.0301144823642","41.2929727615042","40.5759900436562","39.9333830378497","39.4089763764324","39.0590683158016","38.9267682838871","38.9939463822427","39.1716317509129","39.3907936599479","39.660092038391","39.729326205269","39.3891363114802","38.8192813875022","38.1606956382039","37.4617063349761","36.8148567356264","36.2386898493413","35.6652313127967","35.0879983638781","34.5497757952537","34.4272004254599","34.618359657659","34.705230896026","34.4745392564185","",
"Middle income","MIC","Population ages 0-14 (% of total population)","SP.POP.0014.TO.ZS","40.7989241164635","40.8671773384587","41.0465640760984","41.4183280629024","41.7345101044686","41.880736780627","41.9371124355958","41.8711213654529","41.7824941154326","41.7262010278933","41.616838969621","41.5057855008288","41.3477022923896","41.1774554349958","41.0817830991743","40.9935597184368","40.8895380115899","40.6133311343049","40.0766318093741","39.527347577799","39.0610143378104","38.6346274566012","38.2842442361783","37.9106129871181","37.4938253620907","37.1082546708816","36.7615586262006","36.4706064586464","36.1960393211284","35.9487509842371","35.7601045629211","35.5571222872982","35.3262872137436","35.0809522497238","34.7966822939402","34.467076609568","34.0889623063965","33.6505343492642","33.1919736819293","32.7358130339242","32.2647840480831","31.7760320769245","31.265839147571","30.7639914516972","30.2729323823591","29.7814332069636","29.3502552661263","29.0053339965817","28.7096098257112","28.4490225535342","28.207563277507","27.9839901205931","27.7893431898126","27.612837707311","27.4391499543941","27.2501642527685","27.0550445286724","26.8680548373087","26.659305076077","26.4206787878844","26.1481657314616","25.8514677968174","25.5308648064146","25.1737629529513","24.7896229930727","",
"North Macedonia","MKD","Population ages 0-14 (% of total population)","SP.POP.0014.TO.ZS","37.7451031630058","37.7859585622726","37.6154284931929","37.2293302210766","36.7448209676352","36.2929260553954","35.8033748376247","35.2494988916216","34.6847283598416","34.1028529732871","33.5231533558305","33.035510237749","32.6203639814952","32.2022988083895","31.7424578307809","31.296316071663","30.9255516669131","30.610618313369","30.2510789441907","29.8663063597974","29.4918930719417","29.0964493019759","28.7700759314699","28.5223763630823","28.2887233147266","28.061556929213","27.8220771934261","27.5796167077036","27.3635058261385","27.1324530598366","26.8675592912597","26.4904469565573","26.0526941146545","25.7052765908042","25.5218636740929","25.3647423561471","25.0883579215057","24.7629094429214","24.3972225712222","23.9415366632374","23.4189288869499","22.913892990421","22.4836634073823","22.1237900635675","21.7152177929392","21.2465843129495","20.7895433395892","20.3952070440909","20.0287178981995","19.6626125856153","19.3412397240075","19.044836041933","18.7849928611542","18.5822389334817","18.3345859402197","18.0456541871553","17.7836742154723","17.5458175254144","17.3522714279649","17.2420652799976","17.2117164628178","17.2219873778265","17.1987731988286","17.0678427766327","16.8227364757936","",
"Mali","MLI","Population ages 0-14 (% of total population)","SP.POP.0014.TO.ZS","40.2930745666398","40.356937064358","40.4024179368599","40.4692465649713","40.5917061146136","40.7026703008708","40.7945793813142","40.9057494809633","41.0322508948536","41.1736706711749","41.3251027010078","41.4991022185206","41.6915134908539","41.8914186090523","42.113524563891","42.365232217989","42.6532131940933","42.9516955946207","43.2467872068246","43.5591776323171","43.87372204117","44.1825634747348","44.4804005804182","44.747003836814","45.011532723887","45.3149517777611","45.6684327563154","46.0435029219584","46.3883985011767","46.6556184417947","46.8257119916155","46.9571596414931","47.0639497472168","47.1215924162765","47.1297848311205","47.0904210555822","47.0283584237877","46.9503249661039","46.8358332326731","46.708870506206","46.5982968418347","46.4920671804387","46.4063378648362","46.3633966379857","46.3693775701858","46.4373897023318","46.5389212166183","46.6498528767444","46.7837076137076","46.9430042884477","47.1315345221803","47.336972746179","47.6334110935979","47.8751994245005","47.9549289684478","47.9908241920006","47.9672952669491","47.8892998113538","47.7693714315401","47.5809167229536","47.3193439270552","47.032655704421","46.7500728135142","46.4602013683506","46.1422817334434","",
"Malta","MLT","Population ages 0-14 (% of total population)","SP.POP.0014.TO.ZS","35.7815428329605","35.0306862506555","34.2095110722461","33.377399709829","32.5548186752274","31.7462232512111","30.9482320537838","30.1488822252349","29.3018496995475","28.4508534178283","27.6647106999457","26.9353865426186","26.2573453557267","25.6251656933367","25.0457520675111","24.5367753234738","24.1155312181242","23.7946022739912","23.5798278185931","23.4666584548246","23.4473295088326","23.5151645240637","23.6478582524748","23.8039708426207","23.9538612070712","24.069677734098","24.0729814561088","23.9591376799351","23.7929927136624","23.6019000251014","23.3805734042206","23.1259669594419","22.8748020581946","22.6276185364487","22.3261520393022","21.9888466894379","21.6107619755227","21.1568832724564","20.6911569946759","20.2399414445115","19.7970717313295","19.3673043525756","18.928185282489","18.4450299037422","17.9079716892143","17.3679199747411","16.8535904653819","16.3623136819221","15.9164520525385","15.5360870923931","15.1987280270578","14.903497998839","14.6722830310084","14.4818853898624","14.3422837868785","14.2302864957004","14.1552576608555","14.0299528213677","13.7973305541654","13.5549402746543","13.3328123055191","13.2261838583537","13.2114837028959","13.1518361740932","13.0305018281824","",
"Myanmar","MMR","Population ages 0-14 (% of total population)","SP.POP.0014.TO.ZS","39.8951033673129","40.2320236519707","40.5509136668901","40.8551674285647","41.0324756612111","41.0655834562186","41.0523912068756","41.0064326829723","40.9323899454254","40.8367841211881","40.7228973792388","40.598406467788","40.4607471678466","40.3409621676139","40.2380029101464","40.1165490505629","39.9829850382873","39.8256236149765","39.6426422739003","39.4484330312323","39.2343674292552","39.0080440871132","38.8036231976626","38.5864279619254","38.3360548106303","38.0651002438302","37.7524468926309","37.3934929174491","36.9927864685737","36.583563047841","36.1889581956705","35.8105622884262","35.4394866836521","35.0572179763262","34.655170886652","34.2357656479074","33.8029714382111","33.3370126078507","32.8258667668524","32.2961733889402","31.7967047686308","31.3660069871323","31.0127141092249","30.7099967650721","30.4029077877482","30.0707781560347","29.7249790157025","29.3745077796606","28.9959029086803","28.6103384269351","28.2447976600705","27.8730729897438","27.5018186124546","27.145420036734","26.8121872985803","26.5026567187174","26.2057454277344","25.9085442977117","25.6259533440944","25.3740911526027","25.145748198512","24.9363048400717","24.7280913131202","24.5157260581987","24.3005300670048","",
"Middle East, North Africa, Afghanistan & Pakistan (excluding high income)","MNA","Population ages 0-14 (% of total population)","SP.POP.0014.TO.ZS","42.5627373414788","42.802009907996","43.0274431196674","43.2688507948944","43.5039906831997","43.7100197262263","43.8903481838789","44.0365450713633","44.1372540330063","44.2002259883685","44.2404203196663","44.2668472954313","44.2798250635504","44.2682862976732","44.2333395499492","44.2142275546528","44.2266135651856","44.2068207581299","44.1491974532223","44.0825276556482","43.9706203228831","43.7795182425325","43.6550869119198","43.6566575487007","43.7001029221126","43.73263238568","43.7211692959891","43.688348490439","43.6485560793079","43.5956149450629","43.4751998773911","43.2839301910586","43.1567011993634","43.0413224011011","42.8105571544197","42.4317245478137","41.9740809238118","41.4523036516801","40.8732453957405","40.2749227806242","39.6553042416091","39.0315214984367","38.4867670061719","37.9657995692553","37.4104518294204","36.8820589898291","36.391255755973","35.9210870031232","35.5668635815648","35.328094168436","35.1390106590039","35.027213383152","34.9847112064911","34.9981633324867","35.02880370723","35.0360904570002","34.9957506728924","34.9116286236206","34.7757241077541","34.5854207818437","34.3761451822784","34.1282922000659","33.8168464228814","33.4633579011524","33.084281665972","",
"Montenegro","MNE","Population ages 0-14 (% of total population)","SP.POP.0014.TO.ZS","36.1360534977939","36.330931487756","36.3766316469584","36.2285383622477","35.9269555803075","35.5221399425722","35.0600186578352","34.540825059911","33.9327528172106","33.2603673784979","32.600991936504","31.9999588868426","31.4462047205649","30.9179477979431","30.4115947597747","29.932729188317","29.4750808480536","29.0120631657141","28.5438418457375","28.120771349101","27.7754693751924","27.4512911748178","27.1338050649522","26.8692332433211","26.6334525620286","26.4142720913605","26.2183058377987","26.0355310815019","25.8646527087956","25.709108942341","25.5653935474305","25.3567024130836","25.0538521563625","24.7161673557831","24.3644007252198","24.0051569496073","23.6343489253809","23.2336936147711","22.8025021664889","22.3627484598739","21.9363648476372","21.5458894526894","21.1883240909704","20.8636284358454","20.5972826974526","20.3603028152354","20.1096910885653","19.8510053625123","19.620617703085","19.4272951872715","19.2249186624974","19.0045638644671","18.8271458787133","18.7105230949025","18.6493615922696","18.6079647215213","18.5531082573687","18.4919373630795","18.4355183137245","18.417143982873","18.4380731492676","18.4866949683738","18.4714002741409","18.3327493244438","18.1268437386694","",
"Mongolia","MNG","Population ages 0-14 (% of total population)","SP.POP.0014.TO.ZS","38.0622855067794","38.849947660942","39.5939866156925","40.4108320013068","41.3720626703047","42.3575366001681","43.3129767975019","44.1791600894405","44.9068239655915","45.3700413813209","45.604801773219","45.750377235501","45.8081928796821","45.7728626497863","45.6403463366918","45.4239796975939","45.1514577873227","44.8385069702067","44.4670890480426","44.0659834637886","43.6917351104471","43.3488643499909","43.0307368607363","42.7372980692059","42.47454515529","42.2523703320325","42.0800724518193","41.9553939972795","41.8491789445902","41.6628259779633","41.3524881460482","40.9617127178169","40.5123121865123","40.020540903118","39.4998750945465","38.9567220315835","38.3825100821273","37.7546117244451","37.0402406514632","36.1905925950272","35.1783289385471","34.0705359951842","32.9465581925659","31.8416768941294","30.7982464160957","29.8654046228907","29.0868323909167","28.4898324000068","28.0921749877772","27.9121390779214","27.9387444794672","28.0129849385131","28.1337161446474","28.4503155023501","28.933894969119","29.5319492475371","30.2067178109005","30.904816574345","31.6053636290742","32.3050691134454","32.7657940634538","32.9207581338777","32.8847775334722","32.6374717451465","32.1932994585014","",
"Northern Mariana Islands","MNP","Population ages 0-14 (% of total population)","SP.POP.0014.TO.ZS","50.5923424712413","50.7281823235131","50.9240799612048","51.0578426263679","51.0855876278273","51.0254786378916","50.7962683754241","50.3372563613527","49.8089415361101","49.6170596185613","49.1347099311701","48.0014196353312","46.9354647252008","45.9925795180289","45.1090108840288","44.2383006969798","43.3425101214575","42.4888353973332","41.7172969621823","41.0280515542077","39.5449774474483","37.0381579279211","34.3489932885906","31.8281165406749","29.6088777675026","27.7997190779146","26.4387507580352","25.4571656429701","24.7478484364656","24.1904439091118","24.4177058938892","25.517536548555","26.7034073680599","27.7651436841017","28.7652471645624","29.3255010222826","28.4896483034048","26.7995971446745","25.181375026493","23.6291368625458","23.027802769305","23.5333053857865","24.2087529482236","24.7743444333198","25.2484809621746","25.6350835551849","25.9374613768385","26.1626032812473","26.3388131129756","26.4959196030763","26.4896193451776","26.261693574713","25.9740015779389","25.7032108874483","25.4721772377512","25.2574567831733","25.0182183443956","24.7285246754806","24.3647737229252","23.9107398865549","23.4998316781687","23.2263351710339","22.9480446199922","22.5860044746694","22.002145559257","",
"Mozambique","MOZ","Population ages 0-14 (% of total population)","SP.POP.0014.TO.ZS","40.9857611940965","41.160963321383","41.404875681626","41.6485884046703","41.9037896442222","42.18396727542","42.4500164617433","42.68799753306","42.9014256748684","43.0882002382313","43.2564231056602","43.4228957726452","43.5780582980283","43.714590454144","43.8405070195807","43.9665626137383","44.1234750373687","44.3217709578752","44.5722553151414","44.8877823123158","45.2545629952626","45.5652261409831","45.7427180366784","45.8216834735513","45.8598619319299","45.8757480756256","45.8791998294831","45.8875981486868","45.8395563693395","45.7468953288496","45.668733673773","45.6089962548558","45.5462778336402","45.4293272770025","45.2454951250852","45.0374187147112","44.8563011748385","44.8127880017808","44.8672897353638","44.9503740067422","45.0571763579032","45.1467167310516","45.2152161228479","45.2671461481838","45.3114222542759","45.3463897706964","45.3721520810528","45.4120220494198","45.4955090591537","45.6234417108502","45.7583828331681","45.8376659618177","45.8559038902641","45.8410000059477","45.782612194013","45.6923754516538","45.5899361982539","45.4748777119797","45.3724880223127","45.2864707248402","45.1844236467054","45.079379521758","44.9533222526557","44.7548651470663","44.4790889381731","",
"Mauritania","MRT","Population ages 0-14 (% of total population)","SP.POP.0014.TO.ZS","41.8435698276411","41.7857478404073","41.7646080895368","41.8104627872448","42.002764009119","42.3628875331254","42.7905871435508","43.2117871021664","43.6156847282261","43.9973714639793","44.3507309470943","44.6678668644847","44.9450295500939","45.1799349995327","45.3741911007883","45.5269194335058","45.6429210319945","45.7485899546341","45.8380154418032","45.8856624775433","45.8966752993893","45.880267773942","45.837895867569","45.7764806084843","45.7031763765029","45.6177095851523","45.5207254107835","45.4201560775024","45.3205618855101","45.3617565085063","45.3978424881063","45.2915006831736","44.8701964024844","44.4308540385811","44.2812443111182","44.3542802669704","44.6255133178525","44.7158925495147","44.6066424329415","44.4320096250617","44.2140373143994","44.1334692420129","44.1631100235535","44.1750064060333","44.1886788046071","44.206282386009","44.2280151045573","44.2506844760018","44.1335061745498","43.9380614431921","43.8647617809033","43.9160086119393","44.0571848730904","44.17474031741","44.2277518319736","44.2531105658317","44.245265047356","44.2001786206453","44.1137841959478","43.9837384179987","43.8157848113456","43.6141760462711","43.3523205939736","43.0360811569433","42.7112125586057","",
"Mauritius","MUS","Population ages 0-14 (% of total population)","SP.POP.0014.TO.ZS","45.0151470387209","44.9760948638974","45.1051328241699","45.0783333946461","44.8162446803383","44.4324499558566","43.9600598451831","43.4331475523967","42.874122413846","42.2729713754131","41.6136127356014","40.8953562955464","40.0683689792743","39.1249091914703","38.1783372486916","37.2961623741727","36.4662744540213","35.6723203606436","34.915887305038","34.2193898787188","33.6038171650863","33.0711976046669","32.5966758149449","32.1545790840178","31.762947990483","31.4356135010173","31.1444954658572","30.849343766099","30.5160759256238","30.1430693078509","29.7652897297441","29.3717549936947","28.9541188365081","28.511996933928","28.026345168279","27.5103776834433","27.0143801129836","26.5765345476668","26.1734215096491","25.8442820104462","25.5825011496936","25.3052901735274","25.0150009865605","24.6946598840591","24.3329430040578","23.915599161639","23.4190589267677","22.8553187684937","22.254174724529","21.6571199369494","21.0946048189399","20.5649371398007","20.1092175585842","19.7401825817294","19.3293831406934","18.8617287877082","18.3973800968955","17.9120679035064","17.3975924741249","16.872312966951","16.3546398404642","15.8821325178851","15.4755453893982","15.1242395499958","14.8108552049334","",
"Malawi","MWI","Population ages 0-14 (% of total population)","SP.POP.0014.TO.ZS","43.0752557650847","42.9310026499556","42.8265038561661","42.8611771317392","42.9831098702751","43.1665461065091","43.4261517980726","43.6759530301101","43.9187776889605","44.1626622763708","44.3946452525106","44.5996092968986","44.7795141814774","44.9320759901578","45.0526832755095","45.152430798962","45.2411679940273","45.2932359723974","45.3070726540355","45.3193523233427","45.3539996383386","45.4010229028684","45.4432436395457","45.4663156501271","45.4638293821761","45.4495720331524","45.4461656767613","45.1318216644194","44.9585677292972","45.1961839844629","45.4122062650877","45.613030134973","45.8012068776178","45.9607445490209","46.0784047526713","46.1452907390132","46.1690829340835","46.183756255305","46.2273401454812","46.2287708941976","46.1694969804547","46.1252783292692","46.0968196464104","46.061498292421","46.0347377918598","46.0378387700996","46.0520564126749","46.0718361343699","46.1322760285316","46.2041987559139","46.2252156836057","46.1977766491992","46.1112192899911","45.951684697799","45.7217647368132","45.4289835052199","45.0660446655461","44.6414563644714","44.1768929011051","43.668681269471","43.1180685360249","42.536827230936","41.9334292329599","41.3160806004127","40.705553369279","",
"Malaysia","MYS","Population ages 0-14 (% of total population)","SP.POP.0014.TO.ZS","45.445851830969","45.9089092733521","46.2550557587037","46.4793873585595","46.5933857939142","46.5049443443802","46.2323989777578","45.8829607222981","45.4721130694263","45.0136930047682","44.5138632228036","43.9702541964619","43.394796145356","42.8177009792128","42.2482922363602","41.6819521869651","41.1240715236618","40.581177035378","40.0591248124466","39.5745796250157","39.1568116827666","38.8239621416289","38.5678768677169","38.3638526288932","38.1971004963816","38.0697979909008","37.9659342189464","37.8532514794965","37.700095873544","37.4892585889562","37.2233491172153","36.9074688359064","36.5684779943904","36.2601570813383","35.993867141032","35.7460209545725","35.5024130115141","35.251372985965","34.9731526352939","34.6172581031681","34.1681398875714","33.6735873830313","33.1546490668708","32.6001063550377","31.9978651270664","31.3550881758475","30.6995322756241","30.0405374194834","29.3553815028107","28.6268629147377","27.9408254737051","27.4049767233354","26.9727002793496","26.5645232214359","26.1736652102782","25.8167043794268","25.5019415023782","25.2040737436091","24.8758172313807","24.4741126096274","23.9610306519632","23.3932786237229","22.8336703559739","22.2879920337748","21.7863930270916","",
"North America","NAC","Population ages 0-14 (% of total population)","SP.POP.0014.TO.ZS","31.4899865687012","31.6320202097984","31.5326115786471","31.3626129945376","31.1834621021811","30.9457145063949","30.6183388163106","30.2018565175708","29.7207851106667","29.2150155321902","28.7043843384189","28.1460938418946","27.483044628282","26.7449071460237","25.9969517937355","25.2642793485361","24.5466741354556","23.8943460543319","23.3235347159313","22.8235441139981","22.4361972739314","22.1673150567633","21.9822525632097","21.8342362427155","21.6761457306373","21.4884117181274","21.3208927417647","21.2573375126122","21.2974477652571","21.3876938775144","21.4879947238243","21.6079429968548","21.7112404773836","21.7534088088996","21.7361808803086","21.6546992206473","21.5371156178713","21.3969131680117","21.252274539594","21.1138068347678","20.9711723947686","20.8223742927889","20.662959024272","20.4910868233603","20.3004468633572","20.0855701755946","19.8861919508236","19.7346041907801","19.6141609062046","19.5023030560526","19.3886833665547","19.2830887117223","19.1897428880687","19.0957917892825","18.9995149162509","18.8955482856261","18.7815137940448","18.6598338795843","18.5118812720297","18.339341435139","18.1332953474693","17.8973672396392","17.6375571400594","17.3504824109657","17.0843904332456","",
"Namibia","NAM","Population ages 0-14 (% of total population)","SP.POP.0014.TO.ZS","42.2327121915178","42.396236567609","42.5515502006467","42.7264453476792","42.8824547480686","43.0227171573125","43.1798310498476","43.3236356844744","43.4686877001544","43.6194802610174","43.7743775960985","43.9458789829154","44.1301792581662","44.3405217340951","44.562576083903","44.7674431802704","45.0341729118454","45.3196420593188","45.8663800884437","46.3346402513437","46.6025496352533","47.0757949240328","47.1887052321147","46.9041292092325","46.5858716244391","46.2135218663676","45.7733114486546","45.307064843947","44.767239041875","43.3648771575258","42.2908378535787","42.2179816321939","42.2025398919608","42.1839368064175","42.1584086399572","42.0954885887613","41.9756108895947","41.8634511430573","41.7764996512758","41.6751765399962","41.5218841259464","41.2893204699071","40.960268956579","40.5296111242795","40.015148690941","39.3786629234537","38.6827318309894","38.0587535915981","37.5290905573663","37.1094354536105","36.823093827621","36.6814438633478","36.6391467629977","36.6062266163376","36.5482214841369","36.5083891059237","36.5439180588165","36.66658954474","36.8285702257747","36.9756851032892","37.1394861734893","37.3547680656527","37.4728882698239","37.2923244107934","36.9797378397172","",
"New Caledonia","NCL","Population ages 0-14 (% of total population)","SP.POP.0014.TO.ZS","38.295633217863","38.5023206214176","38.6594948056742","38.8080636002271","38.989972572198","39.1570371245015","39.2981632227092","39.4220333309666","39.5276048521054","39.5564096939408","39.7137304218589","40.0276820839282","40.2673203758828","40.4107162052944","40.4510408781946","40.3771237764756","40.1779839047374","39.8889342249946","39.5641140366756","39.2118542521054","38.8168938875632","38.3735633891635","37.8878638444721","37.3499222595692","36.6873330245014","35.9098695973714","35.1216712298494","34.3587855152867","33.6315484933458","33.3212229368971","33.0855850750329","32.5911232743685","32.1488456081517","31.7128313680697","31.271790362653","30.8343959057484","30.4520225913751","30.2078163771712","30.037632009867","29.8741116658353","29.7564299097258","29.6049959048161","29.3542546251542","28.9845887336143","28.5648448009566","28.132301611009","27.6313743074533","27.1365041379998","26.6922091992515","26.2591375299077","25.8481088148267","25.4848663909133","25.1604186531092","24.8641726452377","24.5659606470987","24.2011809243982","23.7775339333787","23.360759806169","22.9596425208347","22.5959605932174","22.3026886459647","22.029598827547","21.7617536735127","21.5262385314771","21.3062488146679","",
"Niger","NER","Population ages 0-14 (% of total population)","SP.POP.0014.TO.ZS","48.9698647622523","48.8654543690868","48.8230107793201","48.8136112261051","48.7909805685661","48.7335899699126","48.6382330855226","48.5289091626416","48.4074413944655","48.2760220738114","48.1388141710774","47.9969327240656","47.8515529033028","47.7048762020344","47.5586592227351","47.4136259434093","47.2731509636436","47.1453895534935","47.0449032562632","46.9790097665952","46.9506619245756","46.9542104199205","46.9732748100183","46.9999710075517","47.0268616177984","47.0407069959122","47.0284471614659","46.9977481598532","46.9520603596588","46.8883001844294","46.8250077132562","46.7737456403055","46.7334801338704","46.7003794945691","46.6752430782788","46.6630470022297","46.6990975426565","46.8053474155524","46.9484716279167","47.1220457712681","47.3201571206025","47.5318308002984","47.7587312934403","47.9964380669695","48.2409684455255","48.4805950833121","48.7072470626196","48.9176643034255","49.1044654622964","49.2617088199017","49.3812509877962","49.4536128683953","49.4502634011164","49.4002059460531","49.3246975722044","49.1922991240803","49.0136097773765","48.8152696049509","48.5876170657302","48.3222707055363","48.0192473833845","47.681035207537","47.3266584157624","46.9657223410195","46.6010183145881","",
"Nigeria","NGA","Population ages 0-14 (% of total population)","SP.POP.0014.TO.ZS","41.1343780195856","41.10790964248","41.126465262901","41.2265840228353","41.3893019480233","41.5411468940292","41.6766482086161","41.8305586202545","42.0006651908748","42.1801526318495","42.3554949148017","42.543722691888","42.7508937105426","42.9632877837182","43.1859916862659","43.4164965123339","43.6612860806097","43.907202705536","44.1574165284945","44.4054466710206","44.6159282154174","44.8143563878913","45.0140759541294","45.2187056259049","45.3833857833907","45.4842952816099","45.5524169031546","45.5690152511925","45.5336682457059","45.4572469729353","45.3314344977666","45.1809782718814","45.0056668144973","44.7986205218306","44.5888698156015","44.4019887920735","44.2414087246454","44.0848121423779","43.9224264618132","43.7929054448321","43.7373767129489","43.741225268682","43.7819674050934","43.8459139903823","43.9136942787934","43.9921105663472","44.0888218596961","44.1836870823965","44.274882643178","44.3601791240729","44.4190640229883","44.4508967877579","44.4632626713534","44.4528313185697","44.4126646749356","44.3206336384855","44.1420861864568","43.8805787404257","43.5736689811882","43.2268011629494","42.8257357546021","42.3946991196532","41.9524339305195","41.4922288282697","41.0138455377957","",
"Nicaragua","NIC","Population ages 0-14 (% of total population)","SP.POP.0014.TO.ZS","47.5905248603053","47.8351722970011","48.0479115709583","48.1771486324961","48.1649239083851","48.0540903303499","47.9295029516049","47.8119231925396","47.7067108526273","47.614245966825","47.5348164411603","47.4693533608646","47.4085494980141","47.3557800737069","47.3160230440275","47.2798975201313","47.2532337230801","47.2409001869319","47.2505323725873","47.3137516688919","47.3472844539868","47.3127686678379","47.2693380870056","47.2259015002201","47.1864786403594","47.1305246839386","47.0324168230804","46.8924161884969","46.6913734679767","46.4069315061655","46.0644281558532","45.6786341183533","45.248272560228","44.7773238264","44.2656275948266","43.7167491827899","43.0947717683015","42.4067999383729","41.7031156272182","40.999810658742","40.307390535264","39.6107275702289","38.8999942620351","38.1837926901618","37.4800525288543","36.797850585317","36.1961395722768","35.6688674969555","35.1580794940567","34.6717755061741","34.2146423933978","33.7743388054169","33.3498043180923","32.9480152768007","32.5607643231677","32.1822946793168","31.8200856439352","31.4804959254581","31.1421029112136","30.7866147145045","30.4224413112216","30.0544671342344","29.6469354721648","29.2038763042394","28.758876248809","",
"Netherlands","NLD","Population ages 0-14 (% of total population)","SP.POP.0014.TO.ZS","29.9803315269005","29.671872133918","29.1377991930757","28.7470311189862","28.4760376675198","28.2590413478442","28.0514527564088","27.8468620322437","27.6481690324241","27.4698365336604","27.2874595141096","27.0514922960313","26.7582290996204","26.3729385059259","25.8839347079956","25.3468201891728","24.7743920435419","24.1648826311256","23.5459848004724","22.9206958293527","22.3372098224444","21.7999880667664","21.2533085901255","20.6874347472418","20.0853229943537","19.5141137683929","19.0553087792368","18.7052184296487","18.4762560819991","18.3687796438214","18.3581923823745","18.3987228053413","18.4515131946938","18.5065225358226","18.5618027607724","18.583771026498","18.5768956792722","18.5915624275374","18.6449646167174","18.7128956604265","18.7684173238911","18.7873720740754","18.7622662772851","18.7196155267408","18.6407037249342","18.4908819601463","18.2959480385767","18.0939108628529","17.9024300278998","17.7293029611937","17.5793851794456","17.4391849721949","17.2792377456397","17.0822699249717","16.8645600403075","16.6382472460947","16.4165469270507","16.2134912508367","16.0002168612242","15.7938725270359","15.6195584090952","15.4869781775407","15.3509962706976","15.1712741911722","15.0256450781311","",
"Norway","NOR","Population ages 0-14 (% of total population)","SP.POP.0014.TO.ZS","25.925401571184","25.6013141416642","25.2498391658223","24.9951997791898","24.8417164728556","24.7527242899334","24.7021381567333","24.6535248711058","24.5896190024968","24.5492297983211","24.4873392578804","24.3852318037672","24.2824998344101","24.158036435453","23.9895470317703","23.7927511229011","23.5496971787057","23.2521319731608","22.9256184317364","22.5641988950276","22.1673982803275","21.7505475743605","21.3275165162479","20.886468650622","20.4224086539716","20.0059026112492","19.6352992769217","19.2948521361299","19.0617249988389","18.9514428141767","18.9395015536588","19.0024808626292","19.1150071256752","19.2523670748275","19.3730749017576","19.4827245057201","19.600676491443","19.7109684672132","19.8056422554669","19.9146440652591","20.0086642512459","20.0359043675671","20.0153525308648","19.9449511016023","19.8163660092002","19.6416643810549","19.4478954376939","19.2535267497839","19.0808982443954","18.9489238390452","18.8113525385332","18.6280832018297","18.4415330806328","18.2891679131092","18.1340056585098","17.9809282529036","17.8728998929141","17.7817532492452","17.6387642308259","17.4376307856202","17.2110323076155","16.9884915942143","16.7861521076037","16.5067663290493","16.1887491796165","",
"Nepal","NPL","Population ages 0-14 (% of total population)","SP.POP.0014.TO.ZS","40.68186910888","40.6685128516347","40.6230859920183","40.5230479900476","40.4345514028732","40.3871163425385","40.3500027457091","40.3236335631968","40.3120449218905","40.3138488289177","40.3257605555142","40.3662972191872","40.4241795533385","40.469315073374","40.5291398750114","40.6060186602041","40.6840675529466","40.7441423391331","40.7856919975211","40.8288730335317","40.8583610520741","40.8891234986385","40.928691349162","40.9601609288064","41.0083626559109","41.0827425349623","41.1684461110747","41.2839441625329","41.4209287888223","41.5161214111329","41.5344909207489","41.4968322437344","41.3913380719095","41.3371717685682","41.3614660652248","41.4088119366851","41.4524061398315","41.411481854931","41.2989487447339","41.1385269816842","40.9492588131371","40.7152447284913","40.4117441597828","40.0462151567192","39.6369579549347","39.1762327448935","38.6580082693578","38.0904438368535","37.4515270208781","36.7462051395106","36.0007885318358","35.2982927702946","34.7058126019274","34.173187266863","33.6340117169945","33.0460361586909","32.5018792391984","32.0596418768482","31.6230621357665","30.9398988286205","30.0759898275165","29.3609213364135","28.9372432563332","28.7136275165317","28.4291693571977","",
"Nauru","NRU","Population ages 0-14 (% of total population)","SP.POP.0014.TO.ZS","34.8128052088985","35.1733528857233","35.6633524153862","36.4584329857457","37.4920663704778","38.617851324702","39.3811533052039","39.5386747086152","41.3479772439949","43.3672694119435","42.864594977271","41.304347826087","39.7166764533177","38.093504223711","36.4483281577237","34.8694096601073","33.3569254724326","31.9279631439341","30.9262811729241","30.5590893873452","30.8884094920573","31.8663094782498","33.2234591703464","34.5950222114039","35.6571564999403","36.545433282657","37.4535262826746","38.3411580594679","39.2110862567516","40.1576060912624","41.1556848887965","42.0609137055838","42.5356750823271","42.461888734904","42.1208384710234","41.6646170495352","41.1126387115781","40.4923016573502","39.9097862325946","39.3688033768529","38.8984509466437","38.5321553723903","38.1986807518722","37.7224376180535","37.1272365805169","36.5757786844462","36.0791348980914","35.7135728542914","35.5811978620311","35.7877396166134","36.3088718510405","37.0784847734588","37.7130612642447","37.9908719216507","38.1661624389109","38.2417381778346","38.1569506726457","37.9636170964324","37.6214332389458","37.5938551825321","37.9927853645967","38.2756117350643","38.3230234725871","38.1810526315789","37.7767546980287","",
"New Zealand","NZL","Population ages 0-14 (% of total population)","SP.POP.0014.TO.ZS","32.8031475778011","32.971910244153","32.9893072989307","32.9325568251551","32.8541223928975","32.7446853178284","32.6033961676854","32.4665920913029","32.3442821640243","32.1750704236228","31.9293347069772","31.6610658961029","31.3689354227916","30.9954640628737","30.541300545733","30.0692268211835","29.5767251187979","28.9957509754764","28.3675023912055","27.7643513234735","27.2043083887975","26.6860864293898","26.1606537643915","25.6231481681377","25.1116674482465","24.6448622839217","24.2117648349478","23.8033055882463","23.4816313261717","23.2944370821993","23.2625552384273","23.1841503071525","23.0781447886747","23.0803197719281","23.0802805996801","23.065382820757","23.0352322779788","23.0012179139253","22.9548632237586","22.8769138855933","22.7614557750545","22.5922059735146","22.3643380981866","22.1052051957118","21.8323222313515","21.5346215296155","21.2711325365739","21.112395135944","21.0216095268129","20.944849620287","20.8627617304087","20.7600770346958","20.6221263050453","20.4269743195271","20.1662376356489","19.8783752767917","19.6320817346339","19.4533729821704","19.3128555125267","19.166122596844","19.0190132142776","18.8607134351072","18.6402472692225","18.374736798151","18.1186736949994","",
"OECD members","OED","Population ages 0-14 (% of total population)","SP.POP.0014.TO.ZS","30.1676059471623","30.2094128935647","30.0812923210961","29.9288330668661","29.8084643945993","29.6920521351097","29.556345030648","29.4082118681375","29.259620593198","29.0904437838747","28.8929132019046","28.6803473305442","28.445697169447","28.1716287920053","27.8703373344441","27.5437236810645","27.1939554466941","26.8424497737433","26.4882748699255","26.1301261475839","25.7991955068616","25.504441376784","25.2145706276467","24.9160556407897","24.6078579381275","24.2835010210759","23.9569529873699","23.652655320691","23.3934608997328","23.1651822281351","22.9507260331336","22.7527215924617","22.5731704134895","22.4035768073171","22.2156322633272","22.001619097896","21.7770886925954","21.55266782364","21.3318571926361","21.1233814288229","20.9222712532769","20.71552801043","20.5078219329802","20.300361290988","20.0847625795581","19.8579058397941","19.6353785872677","19.4334170166813","19.267703663232","19.1208399521036","18.9843743989544","18.8600470119723","18.7265575949884","18.5909333652955","18.4561491620518","18.3190322977818","18.1868234252652","18.0600680747297","17.9200396995948","17.7700185120776","17.6065708095757","17.4224135452237","17.2051429627462","16.9506560804676","16.6911932652383","",
"Oman","OMN","Population ages 0-14 (% of total population)","SP.POP.0014.TO.ZS","41.546548485394","41.5603492428965","41.6591052494722","42.0314107559015","42.6455807292463","43.2359281007389","43.7657397078176","44.2975387176483","44.8260808717585","45.3464134334488","45.8560692943804","46.3512589953143","46.8313651211437","47.2895444199398","47.5245920951876","47.5477747077795","47.5089925684347","47.3961332352018","47.2684226661217","47.1734751073631","47.1382714372463","47.1388510573904","47.1410370428692","47.157074430852","47.2083602324727","47.0383559163473","46.5483531251691","45.9026719915736","45.1403402309501","44.2999699324913","43.4085015822408","42.4769359315529","41.50384485707","40.5051751641584","39.9243551780893","39.6656963892239","39.2500716297175","38.6920650078365","38.0358687939513","37.3292568251218","36.5866296486421","35.8118306635264","35.0208085478815","34.2137253412996","33.2194787054837","32.053799452151","30.9237134637217","29.9084419965341","29.0605776673321","28.4152847717345","27.8635193581307","25.4615483870548","22.7508175327743","21.9478245854822","22.1421363323713","22.248742202612","22.1316012573796","22.280067435147","22.8822646971347","23.9853669193144","25.5561723486132","26.7107610305162","26.2208613288245","25.2277705941197","24.7148273855078","",
"Other small states","OSS","Population ages 0-14 (% of total population)","SP.POP.0014.TO.ZS","36.3301158498226","36.4133579698398","36.4461363031205","36.4038307622161","36.2781401183527","36.1402186983579","36.0204330668751","35.8862207662504","35.7337807057341","35.5656063437042","35.3869368398024","35.2106317034285","35.035314899093","34.8366931107132","34.6444667157616","34.4641659420112","34.2821741543743","34.1063668945853","33.9486337796255","33.8334774876661","33.7700076223719","33.7630069189335","33.7888830093027","33.836150854659","33.8890502979986","33.9459328819074","34.0111611111033","34.0738734364458","34.1190046860811","34.1568996697076","34.1954963843722","34.1687202723915","34.047886093045","33.9352830666359","33.8831149677646","33.7361524223906","33.4654178640593","33.1143202842424","32.6912590668425","32.04600869365","31.4233349478607","31.0489988613952","30.692122348929","30.3064267803549","29.8695007138753","29.449223202915","29.0602820433588","28.6676058056848","28.2775752238944","27.9093419205272","27.5737120909256","27.2701889041606","26.9943180965978","26.7465733903008","26.4922498927318","26.2149323157662","25.9409846790056","25.6453031592272","25.3207342937456","25.0008051309927","24.7091746465133","24.4336647907527","24.1228752237795","23.8076955645673","23.4971790254907","",
"Pakistan","PAK","Population ages 0-14 (% of total population)","SP.POP.0014.TO.ZS","41.3154239400619","41.4076358151974","41.5777919435071","41.8479684692793","42.2385407700644","42.6532186939881","43.0087077236847","43.3056556236399","43.5445634770997","43.7275331824554","43.8631351672747","43.9738555712793","44.0532891124242","44.0904785664488","44.0940788575776","44.0626627460401","43.99695200748","43.9087213371009","43.8134735055343","43.6550049448372","43.3370935658707","43.0712526278291","43.015796446497","43.0938294673713","43.2992678101523","43.495015038056","43.6152936629298","43.7247184379043","43.8429567357115","43.9779270213722","44.0600595876689","44.1257917946496","44.3133387574836","44.4703394678433","44.5125313997912","44.4766840840449","44.3345774185798","44.1269121942777","43.8731381847052","43.6052111103869","43.2810511750917","42.9150808439862","42.6000131188981","42.2571229742894","41.8116784208867","41.3367999745231","40.8849528020757","40.4019704668785","39.9653548774131","39.6243452926267","39.3404697423593","39.1356717469259","39.0113777975483","38.9429265910198","38.8636272293292","38.7612117135196","38.6498575102833","38.4997568066237","38.2979161633197","38.0886554477603","37.8598272201773","37.5856838554854","37.3097827836474","37.0380613955353","36.6849298308646","",
"Panama","PAN","Population ages 0-14 (% of total population)","SP.POP.0014.TO.ZS","44.2138996780208","44.3469717929474","44.4781272666885","44.6076855900867","44.7030270104286","44.7521650933846","44.7737019217398","44.7599878297095","44.7027223474261","44.6077549884066","44.4852665393097","44.3337139904671","44.1458302468615","43.9133595751024","43.6273272643469","43.2804766367359","42.8715456671178","42.4074925509561","41.8986706931481","41.3651162419637","40.8269537080837","40.2913713606643","39.7695918887925","39.272212046367","38.7928759848455","38.3155414906982","37.8358078020721","37.361803151214","36.9044026643455","36.4751936501069","36.0724113173939","35.6832440584938","35.3074987638285","34.9479570272401","34.595327182099","34.2431264972618","33.8871610123922","33.5205523469121","33.1408777178589","32.755548945702","32.3758204352723","32.006493488512","31.6492370285913","31.3048720502526","30.9749198323242","30.6494320674562","30.3305650077503","30.0289746297444","29.7411750994137","29.4623526497308","29.1899347808413","28.9303424430646","28.6801735077597","28.4279432660638","28.1713434686489","27.9111709759094","27.6450009201838","27.3693752688348","27.0770458848131","26.7423044439624","26.389881723939","26.0430615788402","25.6700356960016","25.2761698939099","24.8949248346335","",
"Peru","PER","Population ages 0-14 (% of total population)","SP.POP.0014.TO.ZS","43.9892287564329","44.1667394183944","44.2615877140504","44.2835604458022","44.2790730030751","44.2568927842587","44.2296102640899","44.1969911429712","44.1593237421843","44.1155127862628","44.0475026120756","43.948669133172","43.8257761804215","43.7260519484954","43.6452518051871","43.5322467644849","43.3903695082125","43.2264219453177","43.0428668533193","42.8336011070836","42.6123352297062","42.3761286221182","42.1032156134247","41.7984693805954","41.478893351015","41.1560328578624","40.8325018069807","40.5018613184","40.1570694242771","39.8017335444831","39.4340999632906","39.0717817626266","38.7026746160243","38.309368887548","37.8698706148732","37.3842777168054","36.8865036640149","36.3732485932513","35.8413426510132","35.2895763541102","34.7183249956548","34.1205537237609","33.5041140008504","32.8898048423033","32.3000363705691","31.7355795782316","31.1868499243287","30.6604983635347","30.1634044813683","29.7030250154593","29.2761338484285","28.8896594299112","28.5328733322626","28.1855769344601","27.8450273952307","27.5072198728725","27.1922157273874","26.8437608206563","26.3792882617581","25.9076658749804","25.503688428423","25.1403582025054","24.765130780365","24.3581613536547","23.9704046258316","",
"Philippines","PHL","Population ages 0-14 (% of total population)","SP.POP.0014.TO.ZS","48.3970013155254","48.769999938005","49.0595878454773","49.2257519715495","49.2331810875959","49.182028599846","49.130578944191","49.0161495864398","48.8318438046304","48.5953279414341","48.3981361113241","48.2216540819866","47.9913038183671","47.6972961073983","47.3549995614988","46.9203642872531","46.3589934680028","45.7746030795825","45.2410063556053","44.756930964549","44.3160326402566","43.8993031008628","43.4751758815083","43.0831535598578","42.7602084726625","42.5157869506326","42.3431020992071","42.1748969384789","42.0271679405556","41.9388601463444","41.8248333240301","41.7504795595948","41.6304155474752","41.4180632115166","41.2424839310505","41.0591652251713","40.819108621224","40.5158045434638","40.0997023077561","39.6293234354757","39.1869455922461","38.7864525277474","38.4237312865935","38.0368771666517","37.6399606528214","37.2470594438714","36.9079887688595","36.582978520252","36.2781170424486","35.9821082436953","35.6064798487603","35.2356688958703","34.8495192375482","34.4490974871982","34.0549945825812","33.5421646435711","32.9321204085392","32.3359092763244","31.786152133261","31.2733955871098","30.6822971768056","30.013648868555","29.3310099808108","28.6075480855588","27.8680674907316","",
"Palau","PLW","Population ages 0-14 (% of total population)","SP.POP.0014.TO.ZS","47.0061645671402","48.1789638932496","49.1269273971204","49.7758294311049","50.1408861251457","50.2867978193885","50.2336989217456","49.5950127411722","48.4205776173285","47.2174926068644","46.457316268637","46.2241687218301","46.0103329506315","45.5863607393244","44.9257084302211","44.1722639273015","43.449617017899","42.6968983274121","41.8987901442984","41.0675204668882","40.0863825279113","38.8541708664275","37.6580408838473","36.7253575272951","35.986353752718","35.405632465208","34.4778407672835","33.167056197021","32.0075110959372","31.0337905654065","30.155973523822","29.3989560984982","28.8448308211896","28.4684684684685","28.2379248658318","28.0401279441698","27.5320040783958","26.7285177821957","25.8360549542498","24.8207814194641","24.1337956565946","24.0285241835469","24.1174208434816","24.1975685436696","24.2198733634369","23.9120014128214","23.2404430153626","22.5391151176044","21.9296630454796","21.4035650338064","20.9632267007311","20.591896003319","20.2752525963243","20.1807570262919","20.3274061529777","20.3438476040406","20.1382255436309","19.8910846620256","19.6721771590558","19.4516237779526","19.2417940647482","19.0547151774166","18.8158117011093","18.5418135664927","18.2447514904919","",
"Papua New Guinea","PNG","Population ages 0-14 (% of total population)","SP.POP.0014.TO.ZS","43.4158876993969","43.6625985734509","43.9118332447036","44.1626318778206","44.4089784632131","44.6480933169933","44.8799837604243","45.1133599696945","45.3401753845517","45.5683078343383","45.783142147027","45.9637865409092","46.0185490782054","45.924280159026","45.7537144383972","45.5170587254143","45.2172893075258","44.8571706480266","44.4480399931551","44.0011488776193","43.5338903379581","43.2088678873769","43.0332891532512","42.8815499486596","42.7537609786216","42.6437196090586","42.5467952704982","42.4495515193559","42.3509380691186","42.2524510824066","42.1303661085947","41.9459814010364","41.710771319122","41.4708352238663","41.2369870732579","41.0048666337373","40.7826630100399","40.5754865766211","40.371201203471","40.1712737056446","39.978501239872","39.766189215188","39.5310873803501","39.2816652261587","39.0139855288548","38.7519555440295","38.5078663607856","38.263272770721","38.0091943458455","37.7489962111342","37.4912147379395","37.2406749874608","36.9893421799963","36.7319356149011","36.4665984078496","36.1945723590529","35.9139696157572","35.6185408979951","35.3123554508703","35.00210739712","34.699081185428","34.4072534060076","34.1151247168833","33.8042289262327","33.4795064322546","",
"Poland","POL","Population ages 0-14 (% of total population)","SP.POP.0014.TO.ZS","33.3967637777241","33.3772614081697","33.0066449642432","32.4756129128168","31.8535330485283","31.1378197155934","30.3215261874861","29.4655231867422","28.6064659578041","27.7670713606737","26.8797837151071","26.055740975273","25.3712305999916","24.7703765912703","24.3239425272137","24.049960371741","23.9530199584032","23.959937984052","23.9796986409856","24.0655455250413","24.2532637889615","24.4679390187096","24.7118519732866","25.0034867952514","25.2864387169496","25.5098545724207","25.6332519197827","25.6279242863021","25.4873437590235","25.2594875795993","24.9715277349857","24.6362790795689","24.2683485014767","23.8520127030554","23.3806304389993","22.8352171022363","22.2476083000804","21.614719136254","20.8887447702058","20.1599860529667","19.4421313160022","18.7381146197646","18.1057995980477","17.5172635906572","16.9753082538234","16.482736676183","16.0363445123707","15.6730707952971","15.4208011695577","15.1512644480293","15.073385003417","15.1686807506967","15.1444691655031","15.1063497368774","15.0921480357317","15.0989653719979","15.1349068094424","15.207155433197","15.3086980135663","15.4223233212563","15.4887942190267","15.4620974810097","15.3237547413116","15.0967665723491","14.8057804830982","",
"Pre-demographic dividend","PRE","Population ages 0-14 (% of total population)","SP.POP.0014.TO.ZS","42.6342722551213","42.733286332851","42.8585122765605","43.0277668898119","43.2205126976357","43.4089850608628","43.5898282296218","43.763397713363","43.9272057996491","44.0892983326706","44.2594444625841","44.4413185168737","44.63704113042","44.8341434055887","45.0087229374778","45.1654807221811","45.3275360612255","45.4756841177049","45.5845336200623","45.683833179262","45.7882644944508","45.8906271154792","45.974193909296","46.0362560056653","46.0894043354225","46.1233316438233","46.1405930542385","46.1334492050255","46.109827043774","46.0908351731477","46.0623324007442","46.0159431107653","45.9496569185473","45.8844826337815","45.7466763634648","45.6297673367281","45.6532823889236","45.6833484662094","45.6384809980824","45.5659814866533","45.5079385321102","45.4625178060089","45.4321473914641","45.4020024479864","45.3648492857591","45.333502758904","45.3175678110559","45.2998369415413","45.253181975273","45.1888765585593","45.1162243755678","45.0245822830497","44.9279620274059","44.8216647705398","44.7052887084201","44.5634980835686","44.3704173989244","44.1386317490981","43.8802370006588","43.6035698451101","43.3071761904822","42.9948388727102","42.6657410846547","42.3127236657557","41.9535508204428","",
"Puerto Rico (US)","PRI","Population ages 0-14 (% of total population)","SP.POP.0014.TO.ZS","42.3218750912151","41.5652821061057","40.7927428847283","40.1410196664001","39.6241702442538","39.2099837149763","38.8501422117958","38.4964760682658","38.1161718060856","37.6772285145806","37.0743067456303","36.3493387972792","35.6631907815015","35.0635961624095","34.5492392642094","34.0934265487185","33.6871078308781","33.2875229792796","32.8501200808053","32.4134496963386","31.9221888924846","31.3721206240318","30.873130757685","30.4223072064381","29.9875608795974","29.5475171292065","29.0846176740665","28.616647643224","28.1672574965865","27.7229642634743","27.2819374377303","26.8533226141925","26.4187448286265","26.00045556953","25.5930553587437","25.2011047222789","24.8603341442761","24.5519652497077","24.2612165788768","23.9765648801047","23.6842581865084","23.3783493525986","23.0475009594662","22.6739818756646","22.2567899993063","21.8119978935782","21.3521078646211","20.8906516258259","20.4381686138975","20.0117830867859","19.5432449777056","18.9757065567051","18.3655512170561","17.7347232384442","17.0867987905311","16.432395657746","15.7791517998738","15.3016861397677","14.7601812485335","14.01952781424","13.3781925358805","12.82620857553","12.3682010485446","12.0048827545151","11.6286791330835","",
"Korea, Dem. People's Rep.","PRK","Population ages 0-14 (% of total population)","SP.POP.0014.TO.ZS","37.4776176275722","37.0095548112944","36.6060956712257","36.4886877050326","36.5812088416321","36.6903192085159","37.2632851266004","38.3402314148962","39.2282562022398","39.7629055279778","40.0671564694","40.2567828653109","40.2115321066845","39.7905973544997","39.2940001843086","38.824840294254","38.2888708962281","37.6585809771541","36.8505357847286","35.9729230239514","35.095467614319","34.1733592162062","33.1099424664753","31.9908170624346","30.937735695752","29.9146428704672","28.9658128694122","28.0469365666735","27.2961325329299","26.8269157143786","26.5133919534861","26.3599207751795","26.3387341877022","26.3613049427496","26.3882294233159","26.3781064116063","26.2947754574147","26.1596056913577","25.9992299529802","25.8108163691707","25.5819536536299","25.3077315632263","24.9866135415371","24.6464335556351","24.2896221194995","23.8756312474936","23.4264179092367","22.9735754132041","22.5318602235629","22.0917644317955","21.6458300137248","21.2115400932274","20.8035085893359","20.433490239613","20.1016519357989","19.8161569636388","19.5749069496802","19.3775156304054","19.2231523884548","19.1186353060325","19.0786194318464","19.0574120490497","19.0238196928122","18.980618440224","18.9471019146775","",
"Portugal","PRT","Population ages 0-14 (% of total population)","SP.POP.0014.TO.ZS","29.2863648791228","29.1148679660156","29.0824375523844","29.0504356898653","29.0556510410827","29.1214365060393","29.1933106185255","29.2297685867421","29.188135651996","29.0934271438915","28.7345838557332","28.3805564209744","28.1897471039114","27.9146155267287","27.6563784609108","27.4298358173236","27.2431660310952","27.0541462129246","26.7541107289935","26.3510068115947","25.8837483969196","25.3996864677981","24.9533259116058","24.5380926117991","24.1186371796309","23.6502625365269","23.1110916754657","22.5212515145731","21.8985196743954","21.231469611355","20.4921876157463","19.7262181083864","19.0749773137753","18.5973725428476","18.1770360944129","17.7599363142056","17.3898345085332","17.0734652803064","16.8051303183402","16.5981872606033","16.3868519779024","16.2174606368576","16.1446019050721","16.0874171209877","16.0123166969927","15.9228985526841","15.8017820017256","15.648549001645","15.4999197516528","15.3598949421379","15.1871456309211","15.0484995693637","14.9441080931976","14.7779358925294","14.5556516147563","14.2987543136546","14.082772202662","13.903346135127","13.7175842801694","13.5319073483259","13.3376979493505","13.1454802207554","13.0022182335776","12.8936466432193","12.8014201999608","",
"Paraguay","PRY","Population ages 0-14 (% of total population)","SP.POP.0014.TO.ZS","46.3107378842785","46.182020904911","46.0534278025269","45.9826085150222","45.9675382919316","45.9690053979046","45.9663448192252","45.9165015503408","45.8175877840387","45.6714724657456","45.4807690697094","45.2445142079731","44.9579489899617","44.5869113008948","44.1646947522129","43.7384538651514","43.2902499459917","42.8254835302923","42.3671204073992","41.9522573800823","41.6148118307304","41.3726525080922","41.2454355968351","41.2031250117727","41.2034975165078","41.2340178322061","41.2843147584179","41.3495396497715","41.41909297781","41.4776964982328","41.5136229409793","41.5266612681705","41.5054825918613","41.4323505465428","41.2942875497535","41.0806092092776","40.7825698878922","40.4110660493925","39.9835470243981","39.5056938805063","38.9852178099884","38.4449029230549","37.9025314521353","37.270330736131","36.5538179953155","35.8472784166655","35.146033780203","34.449979327755","33.783792088943","33.1553180686434","32.547364517234","31.9647643717756","31.4263097489439","30.9367073161559","30.5063370177424","30.1529378547493","29.873417498703","29.6522664370493","29.4697304026531","29.2982426250081","29.1342730887552","29.0219356684184","28.926431676879","28.7810049639502","28.5879240940415","",
"West Bank and Gaza","PSE","Population ages 0-14 (% of total population)","SP.POP.0014.TO.ZS","47.470762911077","47.6643498307633","47.8534299013061","48.0708543391032","48.2747193643733","48.4550383069964","48.6415665120369","48.8438308886972","49.0340243273517","49.1754006428973","49.2993466242102","49.4047112568539","49.4918222794591","49.561346415933","49.6160163270108","49.6603861190374","49.6935758999297","49.7088627479971","49.7065122893481","49.6928820908105","49.6585398062773","49.6085981158899","49.5546416056477","49.4990200938671","49.4426906951865","49.3804492348259","49.3159094846617","49.2572969525397","49.2055219618425","49.1602727757432","49.1232626187025","49.088025145427","49.0479708606622","48.9895326560184","48.8925172359666","48.7586623585131","48.5859019233685","48.3624405090895","48.0918954749555","47.7825454183752","47.4460326940939","47.0769997085389","46.6449491988235","46.1409202663688","45.5844485641381","44.9818202926547","44.3433314239186","43.6852209194205","43.0295527038693","42.4209549719655","41.9015535676566","41.4607471134859","41.0743994574068","40.7222113242063","40.3924788289722","40.1148606732404","39.8733125263478","39.7257493949967","39.6498159760895","39.5223919312078","39.3067665649116","39.0266165034066","38.6899535744646","38.3702289515375","38.0471055745642","",
"Pacific island small states","PSS","Population ages 0-14 (% of total population)","SP.POP.0014.TO.ZS","46.3581897719836","46.4736981235006","46.5765223200765","46.6635761811365","46.6893237864154","46.7046694263206","46.7078956990087","46.6771016705499","46.6234653950682","46.5058553084257","46.3161767420781","46.0926240755607","45.8354359033318","45.5298722815367","45.2025093641859","44.8727514378627","44.5190207141684","44.1391730452059","43.7742027917647","43.4170048234089","43.0994828221769","42.846710247786","42.6182220218912","42.4130142941828","42.2362619650262","42.0841661228538","41.943128364946","41.8290029679915","41.742513880962","41.647059828917","41.5178359102158","41.3461319194046","41.1413293709475","40.9288582222391","40.6672898618434","40.3490709573596","40.0200799190699","39.6507120991032","39.2405723882994","38.8218064454416","38.4153973487827","38.0405385272511","37.6749101086218","37.3152275078718","36.9843175166804","36.6757402142826","36.389124335671","36.1215933895403","35.8917109115721","35.7092660753661","35.5547828568461","35.4095590094985","35.2618909916004","35.1251463803675","35.0089951311371","34.8978504981405","34.7884133720114","34.6732697215654","34.5298052107476","34.3750356354366","34.2069144059266","34.0320077092786","33.8449266841384","33.6101390666334","33.3299372316501","",
"Post-demographic dividend","PST","Population ages 0-14 (% of total population)","SP.POP.0014.TO.ZS","28.2459819670046","28.2723516734827","28.1205795618871","27.9443340661234","27.7535192375591","27.5657462113671","27.3841020064521","27.2169090502922","27.0474598091399","26.8124638760469","26.552886144008","26.2896617842063","26.0024531118564","25.6750886165327","25.3156501122839","24.9244805975901","24.504515740223","24.0804762995484","23.6553747444029","23.2375323889244","22.8583983349251","22.5311756776928","22.2240690086733","21.9155769749833","21.5998444099022","21.2655692363226","20.9319338240653","20.6277191974579","20.3802837940364","20.1738705385556","19.9894946035128","19.8273747381125","19.6866632222653","19.5518687763259","19.3856660416042","19.189100371324","18.9851803661832","18.7847124617471","18.5855256900075","18.3985763184121","18.2220501939582","18.0356791135109","17.8456315712161","17.6587082501439","17.466877366722","17.2690160684482","17.0834145528322","16.9306420373482","16.8194903738423","16.7362335367287","16.658515858939","16.583611173652","16.5065800096687","16.4323849301876","16.3628466624191","16.2923541515872","16.2235760604114","16.156308998186","16.0655856445","15.949975161238","15.8135296228164","15.6509738329744","15.4554369888932","15.2208551373226","14.9920687981222","",
"French Polynesia","PYF","Population ages 0-14 (% of total population)","SP.POP.0014.TO.ZS","44.0158477847761","44.4036074419585","44.772322272709","45.0569166392716","45.281636654511","45.5005597937876","45.6889130533279","45.8271900500708","45.9101016891781","45.9531745238895","45.9492766017165","45.6494736975976","45.0607737526305","44.4565795848988","43.8900430901816","43.3552165317617","42.815200431526","42.2775853224934","41.7793034398913","41.2914250275452","40.7819979421107","40.248784097136","39.6931219471214","39.1171444458354","38.5736304960078","38.12037781406","37.7522964191749","37.4475581389243","37.2001045119446","36.9901198392126","36.7746035484955","36.5406461799137","36.2787685704697","35.9819532662079","35.6334161567351","35.2065118540596","34.7027245171061","34.1325453962199","33.5045149876981","32.8140915911156","32.0780820264878","31.3098249674823","30.539742629921","29.8374245440853","29.2072488597871","28.5819430341822","27.9627920052579","27.3778515076678","26.8234474381379","26.3300078112969","25.9156256929559","25.5681253611161","25.2635183011789","24.9328880436068","24.5526660937995","24.1468909474351","23.720572037503","23.2510313778065","22.5843457564002","21.8328623624045","21.3067988496073","20.8571009893063","20.3140046651306","19.7333153100917","19.1014046872588","",
"Qatar","QAT","Population ages 0-14 (% of total population)","SP.POP.0014.TO.ZS","44.237711746737","42.5214213709677","40.4566383975084","38.6617838250911","37.2189739306282","36.1531257316788","35.3280141843972","34.6668385734195","34.1763942931258","33.8561812366841","35.0835199119893","36.8793111324289","37.5372423749117","37.3952292829713","36.7150235112369","35.7139527777634","34.5567958134718","33.3397696251415","32.1288628351064","30.9916109328488","29.9940017433","29.1913712197988","28.5696402032503","28.0636864629112","27.6060860416583","27.1600164507618","27.0419850322419","27.2001269503823","27.239890629996","27.1413334085132","26.9664031732798","26.76219213921","26.5634282039872","26.3889075203619","26.2363615067888","26.0937150634327","25.9352933782089","25.5261348536468","24.8354118579254","24.1148374572755","23.4757491988235","22.950768890364","22.5310564464536","22.1746329305663","22.2037739264805","22.5252981103273","20.1724143247902","16.3628841754268","14.5731228080257","14.0360688616591","13.8880413660073","14.1643612468594","14.4950467118693","14.6477661328292","14.4019803711911","13.9487391601597","13.7022711639581","13.7371040372083","13.9548780902974","14.555646853503","15.3971195434075","15.5429590668786","15.2480159587617","15.1605930954569","15.070743135057","",
"Romania","ROU","Population ages 0-14 (% of total population)","SP.POP.0014.TO.ZS","28.1073410618781","27.9745451679396","27.6921484580308","27.2512579738027","26.6654352092074","25.9672819840097","25.2444270181829","24.9598035218994","25.0680296089237","25.1154741737408","25.063632390264","24.9424784533655","24.8708598581718","24.8994540353216","25.0699667844975","25.331781398124","25.6541733903562","25.9982274338539","26.2771219394271","26.5337393257428","26.8025948000094","27.0707762043008","26.7765666116597","25.8795401814499","25.098268733798","24.5835342402974","24.2596955621437","24.0477478899593","23.877527705538","23.6534604779379","23.268752672788","22.7627113617838","22.187604371739","21.604169431554","21.0485035040385","20.5007912754516","19.9900429910331","19.5941862469122","19.3498463230742","19.0621749126676","18.6250920592591","18.086183490426","17.4703932815118","16.883964422453","16.3647264716158","15.9859734801903","15.7972820770563","15.7179298496515","15.700374086419","15.7161250490932","15.747081106864","15.7692992080519","15.7461739684631","15.697380256843","15.6595114806191","15.6570250459469","15.7105150740248","15.8244652586317","15.9498541474299","16.0441184599659","16.0985844556462","16.0980080122979","16.0158785210186","15.8764699816463","15.7157647653274","",
"Russian Federation","RUS","Population ages 0-14 (% of total population)","SP.POP.0014.TO.ZS","30.5113198313093","30.8924583787758","30.8463930201085","30.6432811105832","30.1735773171685","29.54980752674","28.9229744427178","28.2608484684983","27.6043941581532","26.9078911254786","26.1478809436173","25.4454338017414","24.823629723055","24.199945137635","23.5947765030903","23.0363750518387","22.5320968432568","22.1201802540735","21.8133742495547","21.6607280168958","21.6732752471605","21.7401907656565","21.8813748015356","22.1470426307649","22.4245573655856","22.6329872449342","22.7931527423869","22.9291547523952","23.0377464850513","23.0398779848104","22.917611294418","22.7252295780177","22.4031225766748","21.981855602614","21.5837557595404","21.1639298469649","20.7349870470142","20.2245312370982","19.5224444310767","18.7566246607213","18.01557830933","17.2694385011974","16.5750598706998","16.0224794768026","15.5810817359527","15.2157589138173","14.94454124561","14.8275942355487","14.8809478590881","15.032530397139","15.1714444654675","15.374370794023","15.7112972699086","16.0854380353918","16.4703625455145","16.8548179087007","17.2040849979726","17.4581488715681","17.5865003152647","17.639402169887","17.6685472254658","17.7204822466031","17.6893198696339","17.5149816677095","17.2783413289713","",
"Rwanda","RWA","Population ages 0-14 (% of total population)","SP.POP.0014.TO.ZS","49.2156207808339","49.7444137481295","50.2096342621291","50.6160762382167","50.804530421084","50.6258891508263","50.2248180563209","49.7289629066968","49.2015245685775","48.701658080979","48.2475744965952","47.8507669673789","47.4959807692991","47.1666643843743","46.8744216879426","46.6271880631843","46.4492337631977","46.3713477272651","46.4033144458564","46.5432825892774","46.7750019193915","47.072353866914","47.4049421619249","47.7402504508018","48.0559634699368","48.3380131285431","48.5753031936742","48.757362127597","48.8713806159553","48.9114725084088","48.9792831674668","48.9432295126104","48.7144042185703","48.4267144059264","50.1020449100661","52.3793653921191","51.4308671463179","50.4910874430933","49.2448940539038","47.7964629340905","46.4295077734101","45.218797734236","44.3058779692816","43.7179707402285","43.3304901011343","43.0768174773992","42.9329485422797","42.8503193242131","42.766229831425","42.6254231739464","42.4153167705891","42.1655956321197","41.9072944434118","41.6574088597303","41.4114617672864","41.1487495470369","40.8506984077684","40.5134608208179","40.1229508721816","39.6628690297816","39.1565729772995","38.6402735701139","38.1567617974614","37.7313644590553","37.3607979172264","",
"South Asia","SAS","Population ages 0-14 (% of total population)","SP.POP.0014.TO.ZS","40.7466475604187","41.015050553762","41.2838908315418","41.5598152167715","41.7470576704494","41.8125867823109","41.8320261509443","41.8094060538889","41.7740208499513","41.7383358165192","41.6397831483816","41.5364967670011","41.4469722834262","41.3404346107578","41.2253455301519","41.076826333463","40.9176147810494","40.7521943040122","40.591773386927","40.4399120030479","40.3081001294797","40.2129321106382","40.1203285678314","40.0173687992519","39.9174216412211","39.8174638064484","39.7038569499152","39.5655893358413","39.3949119503478","39.1979469737126","38.9824514878741","38.7464363811681","38.4899953998328","38.2195851069982","37.9326667496314","37.614962556361","37.2634379426588","36.8948224934104","36.5143275647944","36.1193123006316","35.7217582633558","35.335897462331","34.9630356922794","34.5875829873476","34.1935769669577","33.7892199825439","33.3703878150823","32.9402625803698","32.5125260649578","32.0785590777561","31.6278280048583","31.163862520087","30.6906743565686","30.2070190171879","29.6943653651555","29.1629752460013","28.6288958290032","28.100820875285","27.6036405269037","27.130608962439","26.6672112934384","26.2501936646375","25.8463626920385","25.4240865637554","25.0021312578236","",
"Saudi Arabia","SAU","Population ages 0-14 (% of total population)","SP.POP.0014.TO.ZS","43.3537194144625","43.6255082190824","43.9146052488248","44.2640433354913","44.5953753896882","44.8490168743135","45.0773589483164","45.2694155215216","45.4066388126519","45.4895710239693","45.5214002533916","45.4733593785873","45.3411488760783","45.1638489128042","44.9778398140915","44.8097540826555","44.6463584247118","44.4759718971767","44.3150488433271","44.1781367106042","44.0634643171946","43.9346249254932","43.7844371147924","43.6538984668426","43.5780007215511","43.5545269594203","43.4978389987112","43.3776598832402","43.2803489856259","43.170237214816","42.9867168864652","42.7453447547941","42.4476667938913","42.0991944735459","41.6928590691817","41.226488036002","40.7054503398848","40.1322481719667","39.5154181671311","38.8540108180063","38.2878287808382","37.6814617956497","36.7958729287309","35.6980776867589","34.4614372113549","33.1598393765725","31.8622448313875","30.628839345838","29.4988991590152","28.4936337866094","27.6245836244784","26.8934381816653","26.2915939682828","25.8020944969312","25.4037894204104","25.0686289993327","24.9155127716875","25.1658463819685","25.6624586752422","25.7510157866464","25.4909400592239","25.2064849390766","24.6445233084711","24.0974420859461","23.818581981118","",
"Sudan","SDN","Population ages 0-14 (% of total population)","SP.POP.0014.TO.ZS","46.4725221110339","46.5543192478096","46.6340054095581","46.7366541450753","46.879442197096","47.0105207130898","47.1135230780523","47.216325900026","47.3144370449916","47.4110859902611","47.5017551215734","47.6024735453746","47.6942263704181","47.9190803470941","48.0731254146042","47.9635522658609","47.8318193653129","47.6878394420431","47.4203428766577","47.125358326906","46.8345946002982","46.5850326247932","46.404565392894","46.2741193045725","46.2059834871953","46.133692262607","46.066198553073","46.0159197067516","46.0110793934735","46.0629523873875","46.1354789474759","46.2130689793222","46.2904257008806","46.3348078393585","46.3272515327505","46.2765829923364","46.2253781504112","46.1564278652083","46.0517327205009","45.9498685120016","45.8436104915153","45.7298056547077","45.6249326219373","45.5563739472475","45.4899061699754","45.3978653332072","45.2778070815804","45.1145993189596","44.9168115273208","44.7042312700391","44.6129504468938","44.6220789873917","44.5443089974541","44.3676473217215","44.0197447832769","43.5599841062077","43.1195457322089","42.5501547122157","42.0098567064301","41.6799263452386","41.4339626569199","41.1789830778437","40.9119122964239","40.6494318097629","40.471351616002","",
"Senegal","SEN","Population ages 0-14 (% of total population)","SP.POP.0014.TO.ZS","44.1649528107188","44.2555745516715","44.2917922141044","44.3211561228771","44.3473802079943","44.3485329581785","44.3249361362501","44.2888608109465","44.2482538984632","44.2138227603929","44.1931430241065","44.1913211689872","44.2152441022134","44.2693775593348","44.3728095212247","44.5565491673451","44.8280876738123","45.1957138358346","45.611592758854","46.0027009091611","46.3521860231509","46.6537122026332","46.9024166305422","47.0998753420031","47.2448571310098","47.3156358028344","47.2925806665473","47.1968171287266","47.0466490836694","46.8508231544946","46.6252933900981","46.3648695689395","46.0696807634792","45.7573600237009","45.4456522772637","45.1481679515186","44.8691156757892","44.6123846676279","44.3735851764799","44.1520233458676","43.9460296982623","43.7481432872134","43.4774838351289","43.2249783046188","43.076328266673","42.9441771560643","42.8317393391854","42.7468408207458","42.6917462330148","42.6694983841395","42.6730350117181","42.6848690395822","42.7005059804502","42.6806757189143","42.5669714141041","42.3643492484461","42.0962643936666","41.7561348863197","41.338892959775","40.8595094154888","40.3310678021691","39.7622761897608","39.1603034665879","38.6295981592884","38.1823663294065","",
"Singapore","SGP","Population ages 0-14 (% of total population)","SP.POP.0014.TO.ZS","44.7047453487492","44.8263982218082","44.705144826893","44.3540759661589","43.8329191521882","43.2093370696579","42.5047659319693","41.7086920092243","40.8043014946579","39.7794516259108","38.6535300479356","37.4659902378886","36.2435280321799","35.0025475686287","33.7409706609398","32.4625538290773","31.205397560701","29.9856532899858","28.7825036193091","27.6133018055346","26.4190092033085","25.1933208047075","24.2361985174032","23.6534577769802","23.2950546560855","23.1001164704074","22.8506804228658","22.4053292781352","21.9895263149582","21.663873438699","21.399474468769","21.2381121522206","21.108987872019","20.9544041819324","20.7423920005079","20.4106435191402","19.9795746283319","19.5457804930567","19.2285111757457","19.0264756059222","18.7907425695342","18.5640836642643","18.4471263723378","18.2492578375616","17.8099306994698","17.2361725987021","16.5801539258163","15.8167655277966","15.0892257352747","14.5511659044584","14.133474912616","13.7463459327136","13.4010013905211","13.1066177818821","12.8770131369208","12.6825690982427","12.5211872971862","12.4248348769561","12.3293830835908","12.2130675867847","12.1745227285284","12.1688552167305","12.005289665656","11.787475387969","11.686158685972","",
"Solomon Islands","SLB","Population ages 0-14 (% of total population)","SP.POP.0014.TO.ZS","46.2666800297807","46.1451802507837","46.0359368266975","45.9321875271578","45.8425057974328","45.8862122773819","46.0436364316509","46.2084081707206","46.3858285496963","46.5634448750989","46.6785404832964","46.7602062706042","46.9024754790007","47.1317273922471","47.4652700336597","47.8974517359131","48.1858745568756","48.2700886350758","48.3141841831472","48.3209612399055","48.2841665441871","48.2007093737516","48.0781739811912","47.927905070086","47.7541756280602","47.5455425721928","47.2622172271298","46.9367713510321","46.5874736960468","46.1971103267534","45.8047580973645","45.4383980733807","45.1095242827331","44.8142906554845","44.5394466589327","44.2761028088274","44.0190046425771","43.7616341636102","43.498237768779","43.2122610775133","42.8850838538013","42.5419426662956","42.2214866137466","41.935757213021","41.6929864668118","41.497431587489","41.348899039552","41.2423736218036","41.1707187641267","41.1150632742825","41.011467855481","40.8465579759289","40.6552227005796","40.4427300002521","40.2102096260707","39.9558189907963","39.6765595501666","39.3660083582298","39.0156691359905","38.7147787465992","38.425355071471","38.090576671783","37.7429052090348","37.3630556289925","36.9703661385892","",
"Sierra Leone","SLE","Population ages 0-14 (% of total population)","SP.POP.0014.TO.ZS","38.2256933599282","38.2543556373473","38.3180648459756","38.4908432442757","38.812196057565","39.1223763922749","39.3755284060767","39.6318818725062","39.8877440306579","40.1266831118618","40.3461508115295","40.5516566255522","40.7442754872462","40.9276218147826","41.109445467305","41.2821446778813","41.4336936496721","41.5718193808848","41.701745690772","41.8204339268695","41.9297580230856","42.0344181087411","42.1353401504555","42.2380164781279","42.3469308187111","42.4567551318389","42.5647657380371","42.673651167005","42.7769097481457","42.8605637479279","42.9323595186222","43.0099072903329","43.0975939223774","43.1860133296305","43.2769484592408","43.3697025181262","43.4601627448973","43.5432506005632","43.6310592825293","43.7473939296814","43.8413386889875","43.8853154426259","43.9114806802745","43.9135370678065","43.8803939678286","43.81510302474","43.7307915098073","43.6268518933219","43.5022344139186","43.3603992571231","43.2027809730609","43.0185145377879","42.7966381115785","42.525954708569","42.2025890057058","41.8332811142348","41.4359733910813","41.0242626027215","40.6049231438006","40.2013918536636","39.8111457761194","39.4052666208913","38.9762343725204","38.5317106104217","38.0887344368752","",
"El Salvador","SLV","Population ages 0-14 (% of total population)","SP.POP.0014.TO.ZS","45.5329355603889","45.6980379203461","45.8396231661153","45.9744991133098","46.0979969520057","46.2017567931649","46.3308964054719","46.4869049234983","46.6448611622851","46.7809874779287","46.8008650793251","46.7130607051507","46.5833296506474","46.398043406056","46.1728580108825","45.9177077446788","45.624294366008","45.2851794917578","44.9074665669272","44.5153522418148","44.1952730183576","43.9362214886933","43.6639490039648","43.3768070345907","43.0549498348636","42.7420403536025","42.4333613705502","42.1240676009729","41.9348968620524","41.8427021507351","41.7457995326245","41.6538150105827","41.541572141769","41.1343355730737","40.4590533395378","39.7822905954664","39.1270214766335","38.5166730600567","37.9735446703423","37.5038352437617","37.0934837262252","36.709315925108","36.307051186807","35.8682448908691","35.4070772570221","34.9312451633502","34.4481079356072","33.9364485601867","33.3505492722078","32.6953749984086","32.003487991059","31.2984113467584","30.5907040836771","29.8840301887702","29.2039695243597","28.5774166873057","27.9984943876995","27.4802252212851","27.0434896899944","26.6748281488368","26.3333356590365","25.9958408074195","25.617058623933","25.2103928855349","24.8061237642969","",
"San Marino","SMR","Population ages 0-14 (% of total population)","SP.POP.0014.TO.ZS","25.0162043038631","25.0308573598759","24.9559709562799","24.7708082026538","24.4890145490958","24.3246366762012","24.4885147667285","24.8501809136138","25.2785398353956","25.6372562616148","25.9089032613183","26.0301862207503","25.9441620312458","25.728577069896","25.415133998949","25.076131471175","24.6683586697716","23.8516298239041","23.0172885305938","22.3663227016886","21.6770905721566","20.9931091321169","20.3395978327401","19.6819398519918","19.0794773113756","18.5652976362545","18.0155504506096","17.5155936611492","17.0165262121046","16.5417755414948","16.1448349307774","15.7747662569598","15.424153868474","15.1601830663616","14.976030294485","14.9077828126242","14.9245531071562","14.8737427569233","14.8574162679426","14.8717851811259","14.9221985894996","15.0149209741001","15.0906676852003","15.1687108301758","15.2256005673256","15.2617118457204","15.3044830266909","15.3451245927922","15.3544433782806","15.3555998670655","15.3656505624765","15.2973359445429","15.1808524942853","15.1338488994646","15.0731642229174","14.9213887495944","14.6700232718118","14.3507475711211","14.0145097528129","13.6770265200704","13.398622316177","13.2084749439583","13.0404810794955","12.6954717260802","12.2569310026503","",
"Somalia, Fed. Rep.","SOM","Population ages 0-14 (% of total population)","SP.POP.0014.TO.ZS","44.4110222363142","44.6541628303547","44.8455104408563","45.0033613461589","45.1061616692958","45.061363716446","44.9265706528369","44.8080017669517","44.7052739807429","44.6181292004937","44.5462736747611","44.4892645082681","44.4469010851936","44.4192592826958","44.3827944319654","44.3404875895926","44.3171167242199","44.3337880190662","44.4095792377504","44.5170423498929","44.6408688724104","44.7960327930723","44.9772349843796","45.1658807149552","45.3664907335259","45.577029052755","45.7981336348957","46.0307828864926","46.3253590699012","46.6785090888494","47.012115174885","46.9598244552071","46.4961624188793","46.3624534322827","46.5489643822758","46.7188706887996","46.8691696383606","47.0034155427965","47.1282706941901","47.2468251076197","47.3562497164463","47.4602796349359","47.5686495471286","47.69382501458","47.8764318405665","48.1778763100527","48.5765046818134","48.8729005836699","48.9157970567647","48.8240144112619","48.691722919143","48.3036733034628","47.9102528211558","47.786851403904","47.7036342691037","47.6216330984","47.5398292811773","47.4139147855084","47.2615588436204","47.1380616932062","47.0325890512153","46.9504424112153","46.8214482984594","46.6787118745069","46.5932329118749","",
"Serbia","SRB","Population ages 0-14 (% of total population)","SP.POP.0014.TO.ZS","27.2403677657728","27.1266689788446","26.964306473441","26.6919089305776","26.3000643063006","25.8157592940029","25.2684902606042","24.6830162575728","24.0817169843085","23.4903507422551","22.9506427433309","22.5288077601786","22.228978165359","21.9852869747752","21.7489153019969","21.5009089542892","21.2593944693897","21.0481649344615","20.8720396183379","20.7299104013972","20.631820560575","20.593504748075","20.5780029145252","20.5349456395935","20.455467526496","20.3362334404358","20.1792258026713","20.0015446349078","19.8097382882052","19.5858436085333","19.3209643570195","19.0558501662691","18.8090524088469","18.5542602731777","18.2830805323128","17.995510709089","17.6975190521332","17.3878709351078","17.0621080149917","16.7281864768472","16.4007238577728","16.0923189674967","15.8170887477758","15.5788176569278","15.3729241732677","15.1931727428074","15.0246555449398","14.8659045202392","14.7180968139239","14.5842534642318","14.461041031782","14.3600179148045","14.311937965954","14.3063334267661","14.319447946837","14.3412040790536","14.3333371222311","14.2963535836151","14.267774773829","14.2533414248396","14.2609917583165","14.3077246054747","14.3546142379414","14.3502902099022","14.3110315939988","",
"Sub-Saharan Africa (excluding high income)","SSA","Population ages 0-14 (% of total population)","SP.POP.0014.TO.ZS","42.9990769301115","43.122537456504","43.2542445112948","43.4127325052133","43.5819881390096","43.7355913388462","43.8790747157328","44.016910735308","44.1454381318903","44.2706337889785","44.397147144355","44.5289708248532","44.6635019843522","44.7888946017825","44.8961563165312","44.9916055843063","45.0939445654283","45.1896527484511","45.2585952717063","45.3242373288779","45.3830022576153","45.4302071459036","45.4643733802825","45.4835250458356","45.5032784279694","45.5129165972341","45.5091832458083","45.4865550374714","45.4427361695084","45.3877831500873","45.3179594538565","45.2445258025905","45.1851435553122","45.0903135062168","44.95395936047","44.8634445803457","44.8592068380503","44.8268792316454","44.678956311238","44.5024135431458","44.3536405735756","44.2267161405924","44.1186958490816","44.0265666807322","43.9508331372911","43.8994159136781","43.8707180825118","43.8499737609015","43.8165516760572","43.7754769815174","43.7276400046726","43.6603456462257","43.5909890386581","43.5131091071195","43.4232944199956","43.3027316183452","43.1549833668977","42.9647627403272","42.7176805141718","42.4505999649015","42.1616197575836","41.8600670771117","41.5521667643554","41.2259744733163","40.8927700045915","",
"South Sudan","SSD","Population ages 0-14 (% of total population)","SP.POP.0014.TO.ZS","42.5319258455996","42.5650984101986","42.6317689864921","42.777995738883","43.01079820794","43.2724106419298","43.5397505208683","43.8029342992292","44.0448408149564","44.2717988502861","44.4861060518874","44.6700304196552","44.8256350216196","44.956660909992","45.0661638097162","45.174275450161","45.2880611742748","45.4114995343601","45.5489452671268","45.6931778057695","45.8484562392452","46.0128816047231","46.1679347809393","46.3224224264165","46.4808588930323","46.6162704972968","46.7107429519041","46.8610976291591","46.1549370017111","45.3619212393373","45.4357692966087","45.4573667003193","45.5500122765937","45.7161290778203","45.7938816655045","45.8483911328629","45.9870168053501","46.0431677529079","45.8238802291965","45.5669227497924","45.4819021205542","45.5171972126334","45.7209560413815","45.918860099116","45.7760504883078","45.3472615733327","44.8497538370869","44.3150812915454","43.8081213729695","43.392780873508","42.7802677285501","42.1674721758877","41.9126758049281","41.8593066237708","42.4640606458036","43.0822057568621","43.7448834738583","45.0467233968183","44.9096397235714","43.560891549232","42.425690521829","41.6344661865048","40.854105652504","39.8515366650951","38.917470670119","",
"Sub-Saharan Africa","SSF","Population ages 0-14 (% of total population)","SP.POP.0014.TO.ZS","42.9266323032236","43.032723915435","43.1481444133601","43.2947480751606","43.4588985027273","43.6214633230796","43.7821076483934","43.9374285437327","44.0858025247483","44.2300496829681","44.3758309941682","44.5295588118217","44.6857200734859","44.8273989682686","44.9430016771345","45.0435245215863","45.1538049807694","45.2568181113959","45.3314422691882","45.4011462481371","45.4630429691168","45.5149259496607","45.5516877373807","45.5621718297839","45.5639545738987","45.5595346162349","45.5473771612111","45.5266721301773","45.4930032631324","45.4511420837398","45.3980141599049","45.3298250434959","45.2782738816582","45.2088149972706","45.1025192615832","45.0383970420041","45.0546020969985","45.049455874325","44.9416939576237","44.8052911459152","44.6877112570288","44.5815510550282","44.4835668105639","44.3934011627128","44.3139103962804","44.2527314141916","44.206756881812","44.1604979986811","44.0958380806035","44.017478673258","43.9260996598014","43.8120736336563","43.6918946835989","43.5621458898113","43.421454251807","43.2550505450499","43.0664160661488","42.8415679527944","42.5708020280245","42.2872348970344","41.9857657454876","41.675417175714","41.3617585452018","41.03394539204","40.7033206410008","",
"Small states","SST","Population ages 0-14 (% of total population)","SP.POP.0014.TO.ZS","39.6266000902221","39.7401065344604","39.8349638732256","39.8885698812366","39.8681321668455","39.8293775032063","39.7844198160112","39.7012968824497","39.5810648769485","39.4139128603685","39.1826964021069","38.9161570954191","38.6288628359649","38.3032710752153","37.9707806821389","37.6288703488626","37.2734897690106","36.9135883462875","36.5690343625292","36.270638938917","36.0321506851591","35.8495101583012","35.7050344620221","35.5997309458625","35.5211997648261","35.4618513223429","35.4126740705214","35.3635877960019","35.3025042796388","35.2369664921897","35.1718392481733","35.0595390285133","34.8895816936181","34.7217439789023","34.5783584091564","34.3555854451993","34.0359356237167","33.6515983577274","33.2074671999737","32.6229420863864","32.0556408743436","31.6402138623348","31.237710580021","30.8221805492233","30.3861638145271","29.9979271353296","29.6098143425292","29.2234988019613","28.8489230934396","28.5024659550338","28.1788146954504","27.879014090997","27.6089235634369","27.3695303098894","27.1315771346564","26.8798696655313","26.6315730549798","26.3737178831483","26.0746305092451","25.7917503815285","25.5514026379009","25.3086058070949","25.0340202159256","24.7457681343486","24.4548349767247","",
"Sao Tome and Principe","STP","Population ages 0-14 (% of total population)","SP.POP.0014.TO.ZS","32.8772863612304","34.3031590897513","36.5628039335759","38.5122269527823","40.1895139383762","41.6413225446429","42.8953296911492","43.9799717375944","44.9341269310506","45.7874952354665","46.1659356018885","46.0500441195008","45.8817141940499","45.7420469093456","45.6266534391534","45.5321308299119","45.4373190137479","45.3379481057163","45.2278397338849","45.0928547310459","44.9149618444553","44.6812105550862","44.5457915479767","44.4944218508246","44.3793822959941","44.4573800364446","44.6972559604138","44.8540416697756","44.9595300093639","45.0307970561515","45.0744023418442","45.1349082910025","45.1912419014909","45.1746418634597","45.0801423916524","44.9067793468994","44.655451877163","44.3142350176179","43.8753543491698","43.3551901826708","42.7931133847388","42.4573868488471","42.3324873350387","42.2025953424266","42.1039282204115","42.0336613265941","41.9964017918594","42.0098468174626","42.0552036042879","42.0840748143837","42.054542854314","41.9726419947266","41.9757811221554","42.0422216181934","42.0319464137787","41.92025602748","41.6908662001046","41.3578263568963","40.9492499536127","40.4731667541426","39.9345550039207","39.352634021292","38.7865933143324","38.2803854091995","37.8283196022697","",
"Suriname","SUR","Population ages 0-14 (% of total population)","SP.POP.0014.TO.ZS","44.547169954304","44.5680842991233","45.130533404717","46.1011197371345","46.8202387712937","47.4413321229186","48.0145559967989","48.4794807968974","48.7767049428114","48.8737563214506","48.7658192819983","48.4507516610024","47.7653571540905","46.8329659084449","45.9505456891636","45.1011069356034","44.2605894063443","43.4180849281877","42.5860152764599","41.7977129358425","40.9692122852492","40.1470468773513","39.4846702340959","38.9819298421634","38.5955020166486","38.2780924718067","38.017102949048","37.8104131787897","37.6528676593068","37.534355920604","37.4254077346861","37.3097951148518","37.2037611098938","37.1177435662641","37.0405445398047","36.7093763929931","36.0739922065492","35.3334040072087","34.5190427312308","33.7024928440096","32.9532794984926","32.3032434882065","31.7544101669213","31.2801075008713","31.0138872944001","30.9179925382116","30.8239856608704","30.7356087198879","30.6308754563789","30.4916772142584","30.2994237375051","30.0490680309958","29.7567863953945","29.4311272011529","29.0725320791904","28.6859103858659","28.2817558957188","27.8819059040311","27.5121035841621","27.1645250326858","26.8331002022647","26.5425735075158","26.2550468255548","25.9463559373241","25.6391948060546","",
"Slovak Republic","SVK","Population ages 0-14 (% of total population)","SP.POP.0014.TO.ZS","31.4621226338011","31.4774634904388","31.3180540111762","31.0347116516739","30.7554636605624","30.3847208993717","29.8654627843066","29.2617914277934","28.6352889549619","28.0504970147082","27.5334957624731","27.0327632247746","26.5691689387766","26.2469833977453","26.105471635564","26.0499343186052","26.0122695799183","26.0385591370466","26.0776823922333","26.090077190459","26.0944122011258","26.1177335764593","26.1990485583625","26.3244637143954","26.4188101445359","26.4563207631049","26.4364402268417","26.3056582172467","26.0549768231362","25.6901447190311","25.2467301092008","24.8055109733931","24.3523242341941","23.8598874278119","23.3026421653865","22.7014004865638","22.1119032169846","21.5210047265442","20.9247569582176","20.3187033943561","19.6916672289344","19.0469374397358","18.428618249015","17.8551340018109","17.3386593120566","16.8766500610505","16.4364201615594","16.0454000456388","15.7281566754268","15.5349904759871","15.4615455805437","15.4269685390725","15.3856863558816","15.3454402766956","15.3281194586269","15.3333740446523","15.4062667729696","15.5448134053743","15.6869209322697","15.7942056374998","15.8547162995723","15.9261506893838","15.9683376980892","15.9071734431039","15.7612022097569","",
"Slovenia","SVN","Population ages 0-14 (% of total population)","SP.POP.0014.TO.ZS","27.1697130474981","27.20962683176","27.0894401441202","26.8891092312207","26.6197107646451","26.2427569699475","25.8342109881096","25.452448089481","25.0615416918206","24.6857868099588","24.3279779246733","24.0418129400683","23.8695816180933","23.7576079187637","23.6569608667009","23.5510547436782","23.4395758295686","23.3210772199959","23.211256193411","23.1207440879874","23.0120137525229","22.8851570242754","22.7781644703398","22.6526623147215","22.4926088085824","22.3316438072874","21.9981774555682","21.6319700928637","21.3920727518433","21.1091335650428","20.7536309932848","20.3065687004706","19.8181384101127","19.3299412475472","18.810347932013","18.3353914174121","17.8392263310773","17.2961818385681","16.8350576458494","16.3788351872659","15.9492373727612","15.5830915439124","15.2096723617505","14.8210781484474","14.5012527933907","14.2692710525519","14.0852941969354","13.9548173367773","13.9530405012529","14.0331046056019","14.1374989484557","14.2764266371991","14.4214908433703","14.5676402659643","14.7049128680254","14.8235852669996","14.9172663074562","15.0135763499983","15.0857183723161","15.1074701233225","15.1382490506771","15.1623094269489","15.09619766758","14.9298337043688","14.714920235154","",
"Sweden","SWE","Population ages 0-14 (% of total population)","SP.POP.0014.TO.ZS","22.4292117818242","21.956241081697","21.5408698879041","21.2131100996377","21.0165886740064","20.9443544442444","20.9424140448019","20.963122351514","20.9377869013241","20.8907078008108","20.8438922335379","20.7989044840384","20.7770093291105","20.7469931651295","20.7152957017214","20.6926557626533","20.6293069494537","20.4957211520953","20.2706739225316","19.9489121203104","19.594099899422","19.2379494013431","18.8724379992608","18.55142107654","18.3235347409247","18.1620512024589","18.0158544824306","17.8884551960263","17.8323449711113","17.8383648014981","17.9356124725312","18.1348199521432","18.3622152151349","18.5908328435441","18.7820707752338","18.8530202116356","18.8160845851016","18.7433497438931","18.6593215596419","18.5611671851335","18.4314966657841","18.2727638416791","18.1075975346459","17.9213246158842","17.693310903829","17.4112453910097","17.1265286533754","16.8957654254909","16.7255176303431","16.6251556662516","16.604472996616","16.663946876681","16.7873603266311","16.9674927244282","17.1617120872329","17.343759463192","17.525253746745","17.6761928964721","17.7606158064773","17.7766784624178","17.7359001549834","17.650117992462","17.4887850472637","17.2497847224289","16.9857798610144","",
"Eswatini","SWZ","Population ages 0-14 (% of total population)","SP.POP.0014.TO.ZS","46.8941932083733","47.1812865165995","47.4371515819856","47.6732141746381","47.7810305145442","47.7287036595933","47.6503764112286","47.5056261085665","47.3221176843896","47.2130819576411","47.1716202173314","47.1894876788049","47.25792340928","47.3663884702257","47.5066812038845","47.6741403168381","47.8651137905337","48.0803592496324","48.301221873934","48.5121249343814","48.7262515618597","48.9492281640088","49.1581615050215","49.3155092062153","49.4231270633425","49.4847747650794","49.4424497639956","49.2692231908307","48.7178012448143","48.0972785867749","47.6426434945672","47.1254622520961","46.6244477515751","46.3655845121863","47.0172078716038","47.445394249065","46.8873046846389","46.1789526491727","45.3147518394747","44.4207892648494","43.5997804906504","42.8929908678297","42.2945957846658","41.8019124402362","41.3942115726614","41.052750107389","40.7625715118274","40.3867223493062","39.8616144465193","39.3088833361158","38.8011064633653","38.352357484366","37.9710258407716","37.616262090815","37.2169208984607","36.7817992890347","36.376187193211","35.9795353889178","35.5570203335616","35.1175210234313","34.6861547400312","34.2849932475187","33.9505618309376","33.6689947062428","33.3522553319202","",
"Sint Maarten (Dutch part)","SXM","Population ages 0-14 (% of total population)","SP.POP.0014.TO.ZS","40.7441517774913","40.5118706853006","40.3339460784314","40.0530133928571","39.7323135755258","39.3928779918272","39.0544596912521","38.8127403609112","38.6328515589492","38.5087424344317","38.4471468662301","38.3493031358885","37.9445837002913","37.1502557948588","36.2378569325876","35.4319019079562","34.8052081725078","34.3335423802402","33.9991846718304","33.8010748102022","33.6744560838034","33.2694331679447","32.2596104474036","30.87150560962","29.4647903244038","28.1970867243792","27.1350421633501","26.3181165027081","25.7467205879334","25.4136573808705","25.3127115926018","25.4147875721822","25.640294606795","25.8341009508048","25.9422878090046","26.0103235553317","26.0574412532637","26.0783033738278","26.058731125573","26.0245670104757","25.9963930004712","25.8559526134219","25.4792396763618","24.9992019663549","24.5503313348059","24.1472354363254","23.8093035447215","23.5220566932496","23.2282395534771","22.8882386312741","22.4563168562932","21.8767327166078","21.2306374473553","20.6504155742734","20.1518890691682","19.6749529642528","19.2148814348088","18.7914300001282","18.3609488315874","17.860812935656","17.2822044747912","16.6221644896683","16.0387768904921","15.560597908723","15.1359269212581","",
"Seychelles","SYC","Population ages 0-14 (% of total population)","SP.POP.0014.TO.ZS","38.5727504048115","39.1285126449551","39.665579300091","40.2528486163863","40.8771743742045","41.5154340169878","42.1267604209845","42.6802190753442","43.1265599552853","43.4181400299539","43.5504681855047","43.4386287278983","43.0496229499552","42.5073541393298","41.8885327128617","41.2137052313472","40.5144797029151","39.7291900661425","38.8049825733037","37.8740301510602","37.0590321533946","36.3565075168597","35.7403123406331","35.2113809245173","34.7748360667603","34.4129757599628","34.099299222697","33.7739618012967","33.3711856308986","32.8949977775498","32.3871700255464","31.9020536913649","31.4552283216737","31.0159797929563","30.6219786051267","30.2570863546473","29.8338023883776","29.3494704992436","28.8073337669175","28.2135062971678","27.6128807700617","27.0372493514015","26.5057013406012","26.0076521819059","25.5196782957388","25.0201644523111","24.4990207252166","23.9843442515415","23.4614657338124","22.9311744349981","22.487917364248","22.1805944920844","21.9523221120521","21.7680045057179","21.5881782436493","21.3733161117043","21.1735460431065","21.0159526446167","20.875347705146","20.7364184597601","20.5892377650863","20.4484195548328","20.310302933737","20.139819695898","19.9511572361283","",
"Syrian Arab Republic","SYR","Population ages 0-14 (% of total population)","SP.POP.0014.TO.ZS","45.2707392746336","45.7044806986988","46.0595663939153","46.292618658921","46.5752561520377","46.9380529052207","47.255420328571","47.5317251672568","47.7712909982812","47.9766817585699","48.1510463969819","48.2786468334643","48.3669079076566","48.4550631621423","48.5360564545285","48.5933197954639","48.6370809537616","48.6768310145441","48.7106400650013","48.7276737306018","48.7187254487429","48.6642551248144","48.5378287891234","48.3666495554508","48.1749807243304","47.9604041965724","47.7407726466345","47.5082323411968","47.2416167215401","46.9275502378673","46.5594871537019","46.1444426357932","45.6765497713919","45.1818399903477","44.6995715441706","44.2404463192733","43.7960462986524","43.3463893483673","42.8697689497739","42.3671767573718","41.8509188185424","41.3154510606573","40.7617464781911","40.2027598012454","39.6281738199168","39.0542891495529","38.0600470361533","36.7269172941908","36.2577717977771","36.3157804810167","36.1434481665353","36.0781674245822","36.5269848488094","38.0045084862671","39.7603363063372","40.5548593027672","40.1904653387766","39.3089805243971","37.9352196321914","36.1049486541256","34.5884513066839","33.3574184597375","31.9347917036965","30.3355281413058","29.1634383255752","",
"Turks and Caicos Islands","TCA","Population ages 0-14 (% of total population)","SP.POP.0014.TO.ZS","45.4058398071256","45.3704527261407","45.2488687782805","45.1478661236055","45.0552364118427","45.1396253092966","45.4231891748474","45.7357490057446","46.1722065063649","46.6784608580274","46.9778522897732","46.5241571080987","45.6043956043956","44.8476886443879","44.269089749721","43.8496054463871","43.4159159159159","42.9414335664336","42.5354697536529","42.0407883931016","41.0986976928671","39.7382397572079","38.2691496414151","36.8769045018111","35.5640955256657","34.3223231633671","33.1992154101494","32.2347150509096","31.4370562850912","30.7245599928527","30.1818181818182","29.8508675687757","29.6002158911292","29.3240520241803","29.0166277407885","28.7413214629771","28.4925945894517","28.2641669700279","28.0522875816993","27.8384097110084","27.672922395152","27.507470691901","27.0767587512745","26.4227361638477","25.7831641582079","25.2068785825951","24.7139132684538","24.3000437770038","23.9103089964452","23.4464907217937","22.8555096001883","22.041755819231","21.1068571606437","20.2537663804119","19.5335235378031","18.8307608250239","18.1847840271434","17.6724083933605","17.2371476352611","16.8908039985637","16.675490869766","16.522815432051","16.3705763673047","16.2182345556085","16.0708721486209","",
"Chad","TCD","Population ages 0-14 (% of total population)","SP.POP.0014.TO.ZS","40.9949218605909","41.2336137526786","41.4837299935319","41.741464458456","41.9185579107229","42.0043384835105","42.0983907279004","42.2256155564502","42.3740809355237","42.5441717985486","42.7374465774708","42.9521028787599","43.2252266228849","43.5377279734344","43.8547488430695","44.203661229487","44.5962072981736","45.0147021920198","45.4191740154864","45.6967264055628","46.6343959990721","47.492064461095","46.5840860883114","45.8196512242098","46.5269726169389","47.2572137829865","47.1768034280258","46.9539428524565","46.8490974966681","46.8296885723486","47.1057273368653","47.0683977806449","46.8989163285277","47.5360551721142","48.1502554010128","47.9137443250618","47.8242692279249","48.2082993171382","48.4715147301117","48.5935406900771","48.7653976524928","49.0051480419858","49.1365666093602","48.9932263774036","48.6746015841071","48.5555341952577","48.6203796898012","48.7039194171307","48.7011292102055","48.6906004904171","48.7588461390083","48.7462482351035","48.6981869197164","48.6137670882709","48.507822627738","48.5266754239477","48.5126785890912","48.3988071505168","48.2481371851463","48.1220928242913","47.9659011352258","47.6821746087752","47.403703285376","46.737173705724","46.0646280137324","",
"East Asia & Pacific (IDA & IBRD countries)","TEA","Population ages 0-14 (% of total population)","SP.POP.0014.TO.ZS","40.7477438286368","40.5670105514881","40.6698898096058","41.2323348961759","41.7564336048393","41.9997844025238","42.0834076990427","41.9317443784964","41.758603068399","41.6813018875744","41.5360319283214","41.4001786396699","41.1620779736633","40.9196453396257","40.8617637323796","40.8438915797345","40.7909216693501","40.3564354225296","39.3295028479395","38.2457131306307","37.3282882397096","36.4881742261015","35.8054449065501","35.041382446645","34.1559296157936","33.3441646877586","32.644731925385","32.1063142045108","31.6374229205028","31.257630672097","31.0431968843396","30.8331812520039","30.5527155913891","30.2661264814213","29.9332114629006","29.5397321647733","29.080809220097","28.5199333608953","27.9514847621615","27.4027243295102","26.8124073220615","26.1626909339554","25.4288246069012","24.6955256034345","23.9839870206863","23.2517624242571","22.6580842307192","22.2675660564649","21.9667263995702","21.7257351223852","21.5219760694593","21.3524083083291","21.249070952789","21.1893500603331","21.1467568573719","21.0767730390165","21.0031631486871","20.9740807376223","20.8904559890612","20.7258820911078","20.4738476771101","20.1265937890144","19.7125413143691","19.2425083419699","18.7374419982173","",
"Europe & Central Asia (IDA & IBRD countries)","TEC","Population ages 0-14 (% of total population)","SP.POP.0014.TO.ZS","31.9559019247372","32.3175073682095","32.3938437942219","32.331126262838","32.0812049774072","31.7087026907665","31.316718288589","30.9276010640352","30.5514100208054","30.1372739269285","29.6660117338296","29.2110437293206","28.7979897443785","28.3864979673819","27.9910006478959","27.6199876962658","27.2898298092633","27.0176609888544","26.7840265145188","26.6567194973772","26.641257001203","26.6585814399891","26.6843704680961","26.741716525325","26.8178790809749","26.8717387830047","26.9048925954411","26.9143947910525","26.8953537834043","26.8274637556422","26.6989465317951","26.5261292124698","26.2949769675612","26.0116679640459","25.6956977609996","25.3226897925037","24.907310918173","24.4339579088694","23.8584069554093","23.2346340597567","22.6105070738224","21.9667617813179","21.3413369342017","20.7952204809317","20.3284912294232","19.9293102897115","19.5977099346962","19.3549559608474","19.2388210796928","19.1842522275508","19.1636058286659","19.1985908925624","19.2918266295779","19.4220390071249","19.5764082588952","19.7463096841146","19.9244471308134","20.0763693751302","20.1800137672596","20.2613258107332","20.3294993849797","20.3843847873079","20.3832091457539","20.2667524814885","20.0599977883478","",
"Togo","TGO","Population ages 0-14 (% of total population)","SP.POP.0014.TO.ZS","44.0115712654876","44.1401007918521","44.2445712089636","44.3591945142166","44.5025771573833","44.6214500065003","44.7055089019465","44.7957302256136","44.8867682854575","44.9901238628353","45.1086935942535","45.2376340393516","45.3722429967868","45.5099930617634","45.6484007929896","45.7825370515483","45.9095862435128","46.0185806662695","46.0984467048812","46.1509640988586","46.177308416072","46.1777090764568","46.1572267725443","46.1157951273062","46.0460562577768","45.9473832648739","45.8255354074689","45.6858951934083","45.5275984404238","45.347505067066","45.1501852698874","44.939261614548","44.7195979230053","44.4904501024194","44.248194888892","44.0136577407618","43.7680706705753","43.4766657566195","43.1564238196018","42.8665037820965","42.6283840591404","42.4483863400451","42.3091868533892","42.1781839575596","42.0355768832415","41.9136469008907","41.7680995050717","41.6420451093216","41.5706100289976","41.5444807284277","41.5826970007085","41.620759363803","41.6307196887759","41.6037626817975","41.5431256453288","41.4586839132579","41.3557964080985","41.2322139885998","41.0868775017321","40.9267242092348","40.7386316548498","40.5051722000814","40.2169600368591","39.8825494023621","39.5258110006841","",
"Thailand","THA","Population ages 0-14 (% of total population)","SP.POP.0014.TO.ZS","44.2611052457779","44.563080948011","44.8293812304607","45.0812737315063","45.2772389702277","45.3581443058988","45.3617334450204","45.3149969030929","45.2076013510806","45.0255251205031","44.7507340407329","44.4041723904292","44.0011059228652","43.5351351738564","43.015079396694","42.4444457498777","41.8238034848922","41.1265474448455","40.348421716329","39.5292979177223","38.6921175929786","37.8407155613062","36.9567929829126","36.0233198850578","35.0697517905561","34.138168112761","33.2465890725914","32.3798514407511","31.5307895029214","30.7366952480936","29.956445144681","29.2059667956649","28.5443502289084","27.9631009497711","27.4390330769954","26.9329839940645","26.4305250074499","25.9249456041976","25.4204345179942","24.9097122975893","24.3812541349037","23.864773108586","23.392572108771","22.9600014978071","22.5519806890073","22.1501781056438","21.7452936287241","21.3411817964261","20.9439196982311","20.5550264323466","20.1409904913568","19.6852762105663","19.2264296015021","18.8099541307216","18.4502177280848","18.10770407317","17.7345182179105","17.3369766439765","16.9415128347237","16.5514326299846","16.1671338087241","15.7908306139144","15.4329660912268","15.0896793114488","14.7494821643648","",
"Tajikistan","TJK","Population ages 0-14 (% of total population)","SP.POP.0014.TO.ZS","40.1893537405223","41.4309118896766","42.5064849570504","43.3994242916008","44.0698132781589","44.4181864566277","44.5759014490234","44.6557412738868","44.6678611165177","44.6291523922577","44.5771540861604","44.5209497902991","44.4418887076397","44.3195367269861","44.1573518532194","43.9696329216303","43.7645830202515","43.5534788743768","43.3612188165714","43.239701536898","43.200566271669","43.205475658198","43.2248592764356","43.2614868574122","43.3268579244853","43.2669297609322","43.1255355302936","43.091062487814","43.1519347501954","43.3779242847714","43.7083886545968","43.9741355896416","44.2704357984919","44.6324349538563","44.8489777813178","44.9037834126757","44.7478271118256","44.324964099163","43.7459492969769","43.0392840632888","42.2731394185165","41.4955214903072","40.7049790796196","39.9463924338165","39.2562439562118","38.6139756274604","38.0284762460262","37.5769956887071","37.2631824662668","37.0171476710328","36.8164959856657","36.7252686990589","36.6529537249672","36.5064614867471","36.3702995364577","36.3116103491041","36.2734305093456","36.2279337781669","36.2464467533288","36.3201453184618","36.4444747143913","36.5560594842423","36.5901421123994","36.5062325318436","36.2614039233108","",
"Turkmenistan","TKM","Population ages 0-14 (% of total population)","SP.POP.0014.TO.ZS","40.3902993477467","41.6543760604058","42.8101829765206","43.81110497752","44.5140234097152","44.9218402377349","45.2157919641413","45.4428780457368","45.5502434148845","45.5140522032478","45.3684068616734","45.12432651708","44.7837918517974","44.3622611396127","43.9032042195247","43.4401406735711","42.9735298296301","42.5065697745211","42.0575061090533","41.6466919061419","41.294885995107","41.0154558341104","40.8109708153335","40.6881390719712","40.6583600698714","40.7202265965848","40.8445106701892","41.0004342939595","41.1264938595043","41.1999914265264","41.2264576411717","41.1891044189888","41.1383813956413","41.0127200685943","40.8001920002176","40.546396756922","40.1612029028437","39.6146405240815","38.9283974527642","38.1373144827555","37.2983083904888","36.4466898567922","35.6054505065033","34.8028641005801","34.0247853358136","33.2686658655726","32.5561133339894","31.8880307304703","31.2833382194933","30.7545208812398","30.3064451663409","29.9597935537723","29.7266329410693","29.612106797707","29.6146862623519","29.7155943672304","29.9031798694379","30.1697110262221","30.5019184064245","30.8693214649238","31.2273090652083","31.527704250545","31.6897972156483","31.6704546905005","31.5068646687967","",
"Latin America & the Caribbean (IDA & IBRD countries)","TLA","Population ages 0-14 (% of total population)","SP.POP.0014.TO.ZS","43.3543978917164","43.5044343481889","43.614143599094","43.6763886079954","43.6843315924493","43.6478613269754","43.5763597728558","43.465516808361","43.3207481699787","43.1489273272503","42.9526462754201","42.7354712294549","42.4977196887449","42.2420420835997","41.9673802059489","41.6746447271594","41.3743002477346","41.0664286433302","40.7518324218485","40.4361764511438","40.125698664244","39.7995869461421","39.4656623438746","39.1470320776655","38.8329454729008","38.5182140884054","38.198539632863","37.8667608390327","37.522693959785","37.1687687639823","36.7949192633809","36.4049619248045","36.0042889617329","35.5963065695904","35.1829421766997","34.7597768934398","34.3244828235051","33.8772214486772","33.4249375910237","32.9715717282593","32.5187282382488","32.0610944332483","31.596720255506","31.1280437779805","30.6555460584929","30.1838811026941","29.7128780181352","29.247850542765","28.7911573391724","28.3420196273743","27.9012221801307","27.4744413917792","27.0628033424596","26.6583168629026","26.265298663603","25.8851531653136","25.5104591189569","25.143608686086","24.7935474036437","24.4497257229092","24.1039535642592","23.7711801667129","23.4303861321047","23.0655877459251","22.6943821035356","",
"Timor-Leste","TLS","Population ages 0-14 (% of total population)","SP.POP.0014.TO.ZS","40.1029867437412","39.728882170205","39.346712278118","39.0489314340229","38.765006512473","38.7075238469966","38.9286517638298","39.129891975088","39.3108873800047","39.4690952792417","39.6000864267511","39.6956124387508","39.7477147282763","39.7569204664286","39.7276527034586","39.4440097766811","38.9698651870126","38.5056160694791","37.9852586495498","37.5459317790766","37.4337849867243","37.8037314551403","38.3667165309968","38.8308213068637","39.2601237373995","39.7010040693877","40.1747067599002","40.7075944724706","41.3119770316438","41.8614189444544","42.2197438134951","42.4132507921334","42.5637856272472","42.7272223720275","42.8705744156553","42.9630252497706","42.9881152976947","42.9534624712912","42.853414292694","42.7265223188774","42.6038266620856","42.5007602348541","42.3679006686508","42.2110369160548","42.0430450104082","42.0507839995444","42.2079424778081","42.2634241194799","42.1470424857097","41.8773175214539","41.5653656218265","41.2647185323464","40.8969631284227","40.3963510673646","39.7826472296596","39.1229919722454","38.4458665411828","37.7850816048216","37.1670249592659","36.5772713593854","36.0057493909559","35.4378087877651","34.8343363430319","34.2297762167645","33.6584470791168","",
"Middle East, North Africa, Afghanistan & Pakistan (IDA & IBRD)","TMN","Population ages 0-14 (% of total population)","SP.POP.0014.TO.ZS","42.5627373414788","42.802009907996","43.0274431196675","43.2688507948944","43.5039906831997","43.7100197262263","43.8903481838789","44.0365450713633","44.1372540330063","44.2002259883685","44.2404203196663","44.2668472954313","44.2798250635504","44.2682862976732","44.2333395499492","44.2142275546528","44.2266135651856","44.2068207581299","44.1491974532223","44.0825276556482","43.9706203228831","43.7795182425325","43.6550869119198","43.6566575487007","43.7001029221126","43.73263238568","43.7211692959891","43.688348490439","43.6485560793079","43.5956149450629","43.4441063561014","43.2514365123978","43.1231435046297","43.0068220968879","42.7745876403419","42.3935340516541","41.9333182980485","41.408772055831","40.8276618155521","40.2273948702618","39.6058198673349","38.9802299660498","38.4345479147146","37.9132838170698","37.3577903634046","36.8297271189301","36.3397344702327","35.8705946655211","35.5180449782313","35.2814809944351","35.0943739167716","34.9845658974878","34.9441531831994","34.9598506643097","34.9927220052886","35.0017259914352","34.9625445769283","34.8787518059543","34.7421785794805","34.5511931616031","34.3417084940312","34.0938218951223","33.7823007176781","33.4283428670664","33.0486365449457","",
"Tonga","TON","Population ages 0-14 (% of total population)","SP.POP.0014.TO.ZS","45.7178479673568","45.744962299925","45.8021160995139","45.8802253599499","45.9247277624749","45.9469604673063","45.9203230665684","46.0116396348989","46.2063243293076","46.3277211058763","46.3889859777374","46.3933128434386","46.3368286093686","46.2166894695652","46.1677151852322","46.1810949552504","46.0923157618673","45.7616955285604","45.2607646765325","44.7882761201298","44.3379581566849","43.8843409918444","43.4101010925755","42.9131206759322","42.4346486103103","42.0305459592687","41.7467605346393","41.4706913814923","41.1719831462377","40.9434322907759","40.7614882722581","40.6059332001942","40.4613961858582","40.3019889513801","40.1149092506439","39.9133944295058","39.6896550004737","39.3465013136526","38.9357662433732","38.5889696803402","38.32436512381","38.1596208677636","38.0958569798842","38.1250957267575","38.2003597567359","38.2744556216937","38.3377410520174","38.263871971216","38.0447579891609","37.8214127469042","37.5835083031113","37.3846675870019","37.2410070770849","37.0880904018118","36.9462240523783","36.7307601677742","36.511599257041","36.3773130021688","36.2065617407037","35.9919371247143","35.7722308154413","35.6514155437271","35.6419337027094","35.623700375248","35.4032378054341","",
"South Asia (IDA & IBRD)","TSA","Population ages 0-14 (% of total population)","SP.POP.0014.TO.ZS","40.7466475604187","41.015050553762","41.2838908315418","41.5598152167715","41.7470576704494","41.8125867823109","41.8320261509443","41.8094060538889","41.7740208499513","41.7383358165192","41.6397831483816","41.5364967670011","41.4469722834262","41.3404346107578","41.2253455301519","41.076826333463","40.9176147810494","40.7521943040122","40.591773386927","40.4399120030479","40.3081001294797","40.2129321106382","40.1203285678314","40.0173687992519","39.9174216412211","39.8174638064484","39.7038569499152","39.5655893358413","39.3949119503478","39.1979469737126","38.9824514878741","38.7464363811681","38.4899953998328","38.2195851069982","37.9326667496314","37.614962556361","37.2634379426588","36.8948224934104","36.5143275647944","36.1193123006316","35.7217582633558","35.335897462331","34.9630356922794","34.5875829873476","34.1935769669577","33.7892199825439","33.3703878150823","32.9402625803698","32.5125260649578","32.0785590777561","31.6278280048583","31.163862520087","30.6906743565686","30.2070190171879","29.6943653651555","29.1629752460013","28.6288958290032","28.100820875285","27.6036405269037","27.130608962439","26.6672112934384","26.2501936646375","25.8463626920385","25.4240865637554","25.0021312578236","",
"Sub-Saharan Africa (IDA & IBRD countries)","TSS","Population ages 0-14 (% of total population)","SP.POP.0014.TO.ZS","42.9266323032236","43.032723915435","43.1481444133601","43.2947480751606","43.4588985027273","43.6214633230796","43.7821076483934","43.9374285437327","44.0858025247483","44.2300496829681","44.3758309941682","44.5295588118217","44.6857200734859","44.8273989682686","44.9430016771345","45.0435245215863","45.1538049807694","45.2568181113959","45.3314422691882","45.4011462481371","45.4630429691168","45.5149259496607","45.5516877373807","45.5621718297839","45.5639545738987","45.5595346162349","45.5473771612111","45.5266721301773","45.4930032631324","45.4511420837398","45.3980141599049","45.3298250434959","45.2782738816582","45.2088149972706","45.1025192615832","45.0383970420041","45.0546020969985","45.049455874325","44.9416939576237","44.8052911459152","44.6877112570288","44.5815510550282","44.4835668105639","44.3934011627128","44.3139103962804","44.2527314141916","44.206756881812","44.1604979986811","44.0958380806036","44.017478673258","43.9260996598014","43.8120736336563","43.6918946835989","43.5621458898113","43.421454251807","43.2550505450499","43.0664160661488","42.8415679527944","42.5708020280245","42.2872348970344","41.9857657454876","41.675417175714","41.3617585452018","41.03394539204","40.7033206410008","",
"Trinidad and Tobago","TTO","Population ages 0-14 (% of total population)","SP.POP.0014.TO.ZS","43.1381506574108","43.1884153677807","43.2448737182521","43.2687949268765","43.2340083880727","43.1178070388023","42.934174252455","42.6832200983252","42.3459710259792","41.8595889083986","41.1638066891552","40.4059007465701","39.7347182687125","39.0885745654893","38.390196399652","37.6240603073938","36.8175592381394","36.0169403212158","35.3048184049377","34.7518303563569","34.3926956596157","34.2184282451608","34.17996092086","34.2212439365171","34.3036368371763","34.3896635029399","34.4296454772553","34.3746816892893","34.2083388038959","33.9673139365794","33.662564980193","33.278797691122","32.8075563420957","32.232510573295","31.5560354145232","30.7685210314171","29.8801816396379","28.9295405665258","27.9415092604359","26.951335600249","25.9758769395832","25.0336648392726","24.1618590844442","23.3803151467888","22.690020663307","22.099547015997","21.6089962596545","21.1933851212468","20.8410269192604","20.545394820805","20.3074090580635","20.1233276677924","19.9759368973984","19.850239230724","19.7278365865509","19.6026276449887","19.4729601273742","19.3303560154035","19.0453911324475","18.8380786776699","18.7459888381244","18.5453555530536","18.2981192529153","18.0270238350691","17.7602988231385","",
"Tunisia","TUN","Population ages 0-14 (% of total population)","SP.POP.0014.TO.ZS","43.2434421163327","43.3656895322416","43.5313018945506","43.7793460369707","44.0488971895508","44.2435904884152","44.4692685554438","44.6989105895343","44.794241109728","44.7843096195434","44.7086870016768","44.5849335499317","44.4295594394722","44.2533575379223","44.0592459655558","43.8530502655986","43.653945626759","43.4314113845177","43.0476559540621","42.5166566791901","41.9618252261703","41.4005728820679","40.846324006489","40.3060974226658","39.865986975565","39.5601737296696","39.3057762247984","39.0204887376577","38.6447989674009","38.1784998392965","37.6415954382415","37.0571231336512","36.4310487812196","35.7522880679528","35.0353020830192","34.3006858719247","33.5487849069206","32.7760605935325","31.9612233375992","31.0921639254332","30.187075992463","29.2765087815686","28.3874151326346","27.5323651618725","26.7290815620407","26.0259339586743","25.4464157132764","24.9736285821206","24.6024784126549","24.3392663971096","24.1930089039734","24.1531960831838","24.2032521207652","24.3632813066232","24.5510093409003","24.7048700152882","24.8604273509871","24.9964068061122","25.0818610609846","25.111470818599","25.08334894347","24.9611231491401","24.7385633871698","24.4349031603884","24.03896145257","",
"Turkiye","TUR","Population ages 0-14 (% of total population)","SP.POP.0014.TO.ZS","42.0130485112751","42.1735572201443","42.3666005518692","42.5367108190523","42.6804189731359","42.766201621136","42.8357812446877","42.8951180530908","42.897952744776","42.8414715036481","42.7004698845936","42.5160742224706","42.3200975086768","42.096318560406","41.8331704042455","41.4812499116237","41.0989638910248","40.7430916362821","40.3975320965787","40.0713421558873","39.7979650008708","39.5870632901803","39.3003925692556","38.9072518127672","38.4921143098813","38.063472344007","37.6288371388402","37.1887824975063","36.7378069295286","36.2854275617701","35.814815249548","35.3244733205271","34.8271263633842","34.3155268615911","33.7954568969694","33.229210676482","32.6071878894678","31.9803475940976","31.3681870898476","30.7772152160357","30.2153121586146","29.6854011664073","29.1901239299668","28.7279576145851","28.2947558335615","27.8896620375756","27.5032455937707","27.1284968579624","26.7395258471046","26.3209480547037","25.8951372486496","25.4938937511227","25.1085490904292","24.7039256858802","24.2758055452092","23.862729110196","23.5547704330919","23.3213655170857","23.1214938912891","22.9618328859766","22.769897603882","22.5061384445013","22.1897661942093","21.8397289718795","21.4489074757866","",
"Tuvalu","TUV","Population ages 0-14 (% of total population)","SP.POP.0014.TO.ZS","40.9573993033848","42.1122521246459","43.1002719536801","43.8880194748739","44.1237830319889","43.9156679205669","43.8923577521766","44.0955329500221","44.251800480128","43.9442372580359","43.1838248278298","42.3306948109059","41.3438735177866","40.1566487723312","39.3507385778083","38.8866181639827","38.0982121945507","36.9755440879515","35.5443765720446","34.4957193568595","34.0008145533533","33.424129683763","32.7657075748679","32.1286429580177","31.6185775752974","31.7218666500963","32.3090964405233","32.9172141918528","33.505517727166","34.0548340548341","34.5419413503069","34.9742383512545","35.4503208674486","35.8720070133143","36.0684224816726","36.1711299100167","36.271676300578","36.306579437264","36.2607131520474","36.2310446503791","36.2531433361274","36.2749700099098","36.2587685113016","36.0063947191996","35.5032599837001","34.9715780471855","34.4587539157675","33.9569829110194","33.4851274101347","33.0927687234144","32.8151498021481","32.6221067767522","32.5437834377429","32.3803463478933","32.1103423160961","31.9301286144304","31.7718102383458","31.622044346306","31.6031812473838","31.6699744825631","31.6649838934564","31.6476185804679","31.9855884707766","32.6014976312974","32.9480068425691","",
"Tanzania","TZA","Population ages 0-14 (% of total population)","SP.POP.0014.TO.ZS","44.8967870160832","44.8471400249276","44.7991951376827","44.8284499100331","44.9523923181401","45.1524393220727","45.3884304312532","45.6254694117897","45.781558301126","45.8642486212002","45.9566309207346","46.0529778207352","46.1117601023557","46.1656702431806","46.2611532339479","46.3631048519458","46.4567979710819","46.5540904779219","46.6943185923274","46.9059147792189","47.1558347795684","47.376029668577","47.5336176130577","47.5621106653673","47.5243577370204","47.4018454389598","47.1808433042941","46.9052807470344","46.6713274711814","46.5159896361297","46.335160160453","46.1577604636459","45.9768634079742","45.5400380863922","44.8642612024663","44.5045298768605","44.6811569868598","44.8083242149327","44.7266645647017","44.6565522825667","44.5504576696326","44.5289898810167","44.5771523721452","44.6334985685323","44.7154020770346","44.8245085329322","44.9374830972727","45.0290375918483","45.1218017695164","45.2656102446209","45.3286831910931","45.2374882756915","45.0987303537962","44.9363412600391","44.7713352160243","44.5263834221289","44.2195725911407","43.9599219375669","43.7638338723472","43.5911795764862","43.3726253088519","43.132862155989","42.9162231426002","42.7238946208612","42.5361081072203","",
"Uganda","UGA","Population ages 0-14 (% of total population)","SP.POP.0014.TO.ZS","46.319774981537","46.6116520703799","46.806381330439","46.8850520404444","46.8314582087899","46.7226626667587","46.6355934586116","46.5677290287247","46.5199295575355","46.5059937198308","46.546537076337","46.657349650214","46.8734348870767","47.1179741311102","47.2784490924429","47.3846334915106","47.4698529640527","47.5256538018939","47.5564470628334","47.6644865805977","47.8511105331145","47.9873900634178","48.0472776016603","48.0587220474309","48.0142719470635","47.9867732810213","48.0037050400712","48.0199189302859","48.0629560165297","48.1304941161145","48.2243593054541","48.3200655169891","48.394663368154","48.4861953183673","48.641306361329","49.0537385255037","49.4409322315359","49.7055814602875","49.910084277905","49.9801148289887","50.0598808757445","50.1278071798848","50.1275316875855","50.0835075001924","50.0817746146451","50.0758834198652","50.0388770182653","49.9618703475134","49.8359005096751","49.6729642740261","49.4823383731335","49.2876630135861","49.0759539059955","48.8277683231098","48.4979360863145","48.072905958285","47.5229368415062","46.9022040457185","46.3282822373983","45.7632788183389","45.2237814826309","44.7325571492453","44.3070937826772","43.938060491134","43.5430165404573","",
"Ukraine","UKR","Population ages 0-14 (% of total population)","SP.POP.0014.TO.ZS","26.6547501659872","27.0008007992393","27.0946723753685","27.0609345014146","26.7854279431657","26.4229725181447","26.0990994840262","25.7915261466608","25.4923338963684","25.1364508487011","24.752238382412","24.3956600644847","24.0312557896087","23.6366932485473","23.2161811754103","22.8078036838833","22.4233271736601","22.0545826930786","21.6784439187194","21.4598041836368","21.4183303856227","21.3859008920062","21.3673880142608","21.4569586867255","21.5922859556384","21.6604858455752","21.7105989077617","21.7323940798085","21.7079783512582","21.6803142774636","21.6242574971411","21.520463476995","21.3978356124691","21.2323301880145","20.9673466075485","20.6213294319837","20.2160242174164","19.7424317295935","19.1617358973195","18.5112470931682","17.8612107837776","17.1232466717402","16.3455165049174","15.6836803688186","15.1400119132113","14.6998313942155","14.3420785444911","14.0946422267541","14.0095546962377","14.0408271916291","14.11161130362","14.2129304265852","14.3854608183119","14.615300557738","14.8615460537224","15.0784638672107","15.2599001175706","15.3881165021825","15.4195267317566","15.3715841763117","15.2834003668463","15.1444728325745","14.821728136724","14.2955371058716","13.8885360192623","",
"Upper middle income","UMC","Population ages 0-14 (% of total population)","SP.POP.0014.TO.ZS","40.3249635522178","40.2335428232255","40.3421893076161","40.7846345554106","41.183507949799","41.3613641810292","41.4123705493641","41.2811615150165","41.1291548978185","41.0424697248608","40.8937026019659","40.7433107707298","40.5131920604342","40.2755128560734","40.1732462050974","40.1027253996778","40.0081660007328","39.6195299712688","38.7760958193709","37.8984428691963","37.1535442809735","36.4530618152688","35.8710511500109","35.2433034596252","34.5272336241142","33.8640757348432","33.2830012494586","32.8214301240456","32.4101706312205","32.0606736405932","31.8216796918546","31.577830161711","31.2851533390033","30.9854615571417","30.6361672580776","30.2231204186698","29.7458682017486","29.180008740263","28.599806576777","28.0347930249929","27.4351825510896","26.7824414478448","26.0657474714755","25.3590779213919","24.6829168222042","24.0085206576104","23.4471819485167","23.0466692183733","22.7336697526665","22.4799376158657","22.2613819979332","22.0774415829693","21.952446551998","21.8632508178972","21.7888609979292","21.7015876642869","21.6149829553251","21.5519856285334","21.4413976259261","21.2698185950341","21.0340958317173","20.7304844062323","20.3759033995801","19.9682240637082","19.5247135600347","",
"Uruguay","URY","Population ages 0-14 (% of total population)","SP.POP.0014.TO.ZS","27.5815305197815","27.6422208903866","27.705112891984","27.785976340878","27.8753367891857","27.9376219966697","27.9671581822657","27.9602690356798","27.9168418278331","27.8458319807309","27.7608999405727","27.6600039480314","27.5444514714735","27.4424872851419","27.382142046235","27.3637512533422","27.3631303947838","27.3387704219492","27.2695221509956","27.1687025048105","27.0367787020999","26.8865291643016","26.7454088265067","26.6198214421042","26.4987736836917","26.3735578980304","26.2499445652423","26.1323294085553","26.0008151992781","25.8210073083733","25.5818107378456","25.3151188678668","25.0738008055861","24.8759364271117","24.7354769798037","24.6630129427109","24.6190185396111","24.5761623406741","24.522505699184","24.4530642217285","24.363416703751","24.2468240451291","24.1094445290773","23.9386002500315","23.7313888577958","23.5227135427271","23.3140290192465","23.0842426867952","22.8390963235623","22.5720531550341","22.2892773415135","22.0102382918005","21.7486742973334","21.5240049059332","21.3228151127368","21.1456177329271","20.9805452813511","20.7672710504473","20.4930190712481","20.1749643935287","19.8076445556416","19.4316121158379","19.0668560355279","18.6854031360825","18.2929719075618","",
"United States","USA","Population ages 0-14 (% of total population)","SP.POP.0014.TO.ZS","31.2651682873382","31.4048603384548","31.2912203205933","31.1112606521768","30.9336435620614","30.7041263614981","30.3892583762192","29.9884467064152","29.5227094803098","29.0333487891679","28.5510237021067","28.0196796475161","27.3695028751825","26.6364837413721","25.8925344681463","25.1633390643636","24.4483730935641","23.8031997655606","23.2469503375959","22.7657238231882","22.3992224700001","22.1491725827448","21.9778829682915","21.8397269395646","21.6893632648893","21.5089538697462","21.3491267194098","21.295423535945","21.3499481980659","21.4579815008556","21.5741825324378","21.7085535134036","21.8228025332826","21.8733782397857","21.8655933871843","21.7917939129387","21.6814653684564","21.5489433156282","21.4142361799314","21.2897180471563","21.1634383772125","21.0312593316457","20.8861195346714","20.7263897088877","20.5479906521636","20.3453590636092","20.1585030857082","20.0187977424137","19.9086542295061","19.806037367846","19.699845970005","19.5987027309377","19.5063858063675","19.4092161082283","19.3063454853775","19.1916943798524","19.0672311047361","18.938947483366","18.7864697356003","18.6084404882877","18.3928572241369","18.1461171256033","17.8818251956671","17.5946376490897","17.3245769214436","",
"Uzbekistan","UZB","Population ages 0-14 (% of total population)","SP.POP.0014.TO.ZS","39.8254487789113","41.1721529410895","42.379331873263","43.4024615619675","44.1973888663182","44.6515666044897","44.8237167681281","44.8805958807338","44.8163482112062","44.6848283149831","44.5577320562671","44.4352874069671","44.2767737283272","44.0491333248175","43.7294678507523","43.3079487100105","42.8084232588641","42.2582998894115","41.7176776045731","41.2492761534603","40.8486967920772","40.521635986706","40.2807285496165","40.1353605268576","40.0837518210358","40.0804857485636","40.0980374622852","40.1029605278797","40.0452056268167","39.9386064591789","39.8832594607093","39.8776601149363","39.8490362421327","39.7873472089605","39.6536308949566","39.4401182305896","39.1545603775543","38.7582789819083","38.2206241418817","37.5388250089879","36.7361357921733","35.82906250657","34.8788332683497","33.9662810755397","33.1095839888434","32.2556122668784","31.3747138544495","30.5644964353682","29.9088214016813","29.3914902070749","28.9380568213571","28.5292465229957","28.2243383145655","28.0899971117679","28.1377620651641","28.3081007916705","28.529321549206","28.7533610823221","29.0174502499198","29.3439503667878","29.7356662994145","30.1776585415555","30.5682549668664","30.8710611630266","31.1034262577169","",
"St. Vincent and the Grenadines","VCT","Population ages 0-14 (% of total population)","SP.POP.0014.TO.ZS","48.9859280106651","48.833404177269","48.5739832179376","48.175343270431","47.7361990874601","47.3849757771387","47.0980918290305","46.8450667926636","46.601503359983","46.366711025316","46.1537659955817","45.974068874391","45.8196134574087","45.6589033392272","45.4766891162305","45.2543656051082","44.9941450544238","44.7215168776164","44.4346603486273","44.0830703962659","43.4550226218292","42.5549734233655","41.6916347782596","40.997117130609","40.4254923992683","39.9134610067646","39.4138074605491","38.9211867218785","38.4468361980155","37.9850186256139","37.4959753872572","36.8258310573286","35.9615675190429","35.107109593294","34.3600416233091","33.6933589862668","33.0620850608651","32.4698052421547","31.9694292277788","31.6435262777199","31.4174996697345","30.9944405776161","30.3388282831847","29.6602042575006","29.0261400546819","28.4172006100516","27.8228614280358","27.2420795918642","26.6787356399483","26.1442610489738","25.6537693766285","25.216623913451","24.8102045790013","24.4198251268085","24.049379271865","23.6995138369484","23.3670432587202","23.0383388698031","22.7322112727065","22.46392811543","22.2383749009911","22.0767981641563","21.9043372596672","21.6467221002245","21.2913453128727","",
"Venezuela, RB","VEN","Population ages 0-14 (% of total population)","SP.POP.0014.TO.ZS","46.8236469710289","46.9346104511096","47.0017738645072","47.0370350552495","47.0154820280256","46.933208493894","46.7944696853206","46.5807035517889","46.3047825058682","45.9787297061306","45.6045158893868","45.1876386938992","44.7343497658519","44.2574487482967","43.7890712922459","43.3404797799498","42.9082510698733","42.4946911545611","42.0961713525801","41.7138178490325","41.3462680027991","40.9848713898895","40.626513374732","40.2744230010436","39.9346463406884","39.6098166966127","39.3050277773028","39.0185508935245","38.7337796596639","38.4395682436134","38.1276803713722","37.7914986612096","37.4291225790084","37.0416448585608","36.6339499570729","36.2112260032021","35.7799998614428","35.3454917930645","34.9102263763749","34.4747086869606","34.0311060090086","33.5866047457355","33.1367452425375","32.6827092427795","32.232854550793","31.7984151567452","31.3953593440894","31.0066257222635","30.6279482746231","30.2586937516444","29.8949755529611","29.547394234234","29.2134607340948","28.8779881705784","28.5371453548462","28.198406801707","27.9084297733252","27.7920942011296","27.9217220901306","28.0354811155868","27.831238330721","27.37666844466","26.7906588435873","26.1537708367387","25.5270054158092","",
"British Virgin Islands","VGB","Population ages 0-14 (% of total population)","SP.POP.0014.TO.ZS","42.9155399031507","42.3797373825378","41.9454770755886","41.3878104393911","40.9744751178307","40.7896330386339","40.4493046475692","39.8600589834037","39.0444444444444","37.9313962026644","37.2697070371489","37.1124318969787","36.9192437344277","36.6337111164697","36.2778730703259","35.9277767301527","35.5448688019423","35.145145608593","34.7618391438152","34.4231646146831","34.0761040478009","33.5453238663588","32.8537874339401","32.0586927523344","31.1739469578783","30.27356997513","29.4160504171068","28.637852689422","28.0084471541946","27.6152832674572","27.40934127161","27.2842404398591","27.1491849218067","26.9843138409017","26.7723773411467","26.5366181787606","26.3527739042463","26.2349710751513","26.1851543819524","26.1853475583487","26.1764197317393","25.8318907482208","25.0285820947759","24.1511735604401","23.4413583619239","22.9304880625396","22.5901277916139","22.4064181664071","22.3809342665855","22.349591255626","22.0700619681668","21.4524555903866","20.7777228538474","20.1980853848944","19.7545658637219","19.3767664323502","19.0935120136962","18.6794703201933","18.0598436102375","17.5150091359958","16.9963241729389","16.4865972837514","15.8889845768418","15.139156085674","14.4916520990094","",
"Virgin Islands (U.S.)","VIR","Population ages 0-14 (% of total population)","SP.POP.0014.TO.ZS","40.9069573775456","41.2863714616318","40.0443690460655","39.2161594710042","38.8300363522826","38.7227446522683","38.5092387787233","38.0781103452044","37.4215359075896","36.523118093067","36.4121115313241","37.2257399499337","37.9664457994674","38.3906285080363","38.506062382961","38.516057183668","38.4977101018057","38.2912890572163","37.7312667139661","36.8225981521192","35.6486395526445","34.4790196198777","33.5518012195678","32.8359109466444","32.2675971267552","31.7574170250549","31.2786503436808","30.8025401319217","30.2721021707358","29.6160034534181","28.9597536837475","28.4868924005922","28.1544936960405","27.9237601776462","27.7709530600622","27.6434734647708","27.4852686952804","27.2622979636774","26.9553227204811","26.5376043028975","26.0429090473713","25.5105942842926","24.9484631171167","24.3685864842378","23.8031427789807","23.229544683639","22.6333178222429","22.0653927575563","21.5440351533284","21.1551250948398","20.7650196122697","20.4136046417846","20.2098793840726","20.0198725250224","19.8638228618768","19.5416344547246","18.9795167046744","18.3320629747418","17.6161817521925","16.8513804581946","16.4634320147309","16.4876236772411","16.5096466181927","16.5190604543704","16.4966727518992","",
"Viet Nam","VNM","Population ages 0-14 (% of total population)","SP.POP.0014.TO.ZS","41.0891184978157","41.791816105925","42.4231863692028","43.0972338840642","43.4443777545685","43.5008710624619","43.5899670941382","43.5481230074842","43.3927662406342","43.1896723226214","42.9313537614059","42.7067477276497","42.4170105858693","42.0984513112803","41.7671492778998","41.390846436592","41.1678381286516","40.9600821654678","40.613691037348","40.4075731676174","40.2835685124366","40.1775950918882","40.1643606278704","40.1635214760587","40.1349423114812","40.0689671035717","39.9225866027448","39.6461473817559","39.2398353505953","38.8357359593084","38.47501744249","38.1034985242954","37.6992803470976","37.2371834984269","36.69927598418","36.0749134558613","35.3545931184615","34.502384536838","33.5149837760557","32.471103504676","31.4961702476892","30.6394046245935","29.8825706634867","29.1880757495965","28.4837029560429","27.7250150709141","26.9399503247597","26.2228403061407","25.6084036792733","25.0612134100019","24.5835209604548","24.2245099188846","24.0066178711579","23.9358308841883","23.9697389313899","23.9927664031257","24.1320754107789","24.4196414223158","24.5830496141364","24.53947310095","24.3889440319711","24.1976460962436","23.9348788388279","23.6058472126142","23.2240051365074","",
"Vanuatu","VUT","Population ages 0-14 (% of total population)","SP.POP.0014.TO.ZS","44.5631761108783","44.8196243840971","45.0512295833425","45.2218904338035","45.3714024605543","45.5387822344753","45.6870719876745","45.804955619896","45.8377401185528","45.7981863877596","45.741973999177","45.6783871530415","45.6095323387432","45.5344605585965","45.4526293061346","45.3557198920897","45.2439101060563","45.112926522726","44.9751279975992","44.4597290351688","43.9687706693296","43.9134534476124","43.9523941323","44.0361941321634","44.1071997545404","44.1519536958548","44.159228833491","44.1240788121323","44.0568929810913","43.9720069532457","43.8970029548333","43.856621001558","44.1235536619144","44.8483347234155","45.2225321237987","45.0389649240894","44.7605924703721","44.390869629952","43.9524880406925","43.4764457725435","42.9477509783607","42.3868377383775","41.8266849787862","41.2603488986082","40.7005459114972","40.1537293604099","39.6297762865089","39.1574323469332","38.7655577885904","38.4509121064923","38.2396457465451","38.1489155904031","38.1539957449972","38.2392467836625","38.375035304018","38.5257853221145","38.6728117712566","38.8237997608678","38.9483573670898","39.003097767176","39.0050809998712","38.9610241002261","38.8356042952085","38.6133638776749","38.3139477236845","",
"World","WLD","Population ages 0-14 (% of total population)","SP.POP.0014.TO.ZS","37.398947202015","37.4692001388481","37.563933284623","37.787951398339","37.9664516558849","38.0303884227707","38.0433528061241","37.9808877864873","37.9077210047276","37.8410091649078","37.7309154195905","37.6156707034876","37.4704058032602","37.3096272474812","37.193471302165","37.0771213480197","36.9477903158236","36.7021862830621","36.2782923913088","35.8501942753187","35.4919997971016","35.1742084314216","34.9156016251069","34.6392948654412","34.3302129658904","34.0384253148506","33.7727715131991","33.5513813901127","33.3503508890199","33.1722765797062","33.0357986722909","32.8838734142576","32.7128538765563","32.534910603424","32.3202768240864","32.0662372930533","31.7840100215274","31.4570066003451","31.1051368590204","30.7510127930992","30.3869827728848","30.0083856991206","29.6152262326215","29.2294528985289","28.8492028023727","28.468623674337","28.1340322881319","27.8661660906243","27.6449347491692","27.4585199577519","27.2870189007391","27.1316414514817","26.9970645067309","26.8800986658117","26.7655449584278","26.6350053012178","26.4962497038757","26.3652306030435","26.2148482319915","26.0368962144909","25.8318504993232","25.6069729744405","25.3465091424327","25.0448644090697","24.7264983832487","",
"Samoa","WSM","Population ages 0-14 (% of total population)","SP.POP.0014.TO.ZS","50.0584493801699","50.2484934543188","50.5676811710295","50.9477349627148","51.1639917209462","51.2754095414464","51.3236898522198","51.3576149038605","51.3882098654247","51.3513415754559","51.2377092674171","51.0406798453366","50.7527432232354","50.3665128723143","49.8860681984722","49.3074394824708","48.6320398947258","47.9859533154307","47.4292796281952","46.9037496354734","46.3977848438285","45.8847885657722","45.2214627231446","44.4422783929364","43.7102808220821","43.0621192279223","42.5518223882295","42.2232958171549","41.9911967020303","41.7505095752749","41.4972063073269","41.2126257616551","40.7942206475059","40.3482472660378","40.0482794665003","39.8844592872221","39.9089003867758","40.0503530061139","40.1773012976197","40.3227282686777","40.4887580152462","40.6573818285053","40.5459394701606","40.1933344119075","39.9119992912695","39.6433279762112","39.3617247974258","39.0441476426865","38.7458115692741","38.5468909502463","38.440078229222","38.4052425878087","38.2787611069833","38.1169979094006","38.0784554857351","38.065337839847","38.1051012535688","38.2149264049033","38.3294312608993","38.4572849110614","38.598167440456","38.7091341993367","38.7857967439451","38.7278861642274","38.4642199436289","",
"Kosovo","XKX","Population ages 0-14 (% of total population)","SP.POP.0014.TO.ZS","40.7686281756885","40.6683270369114","40.6131247344979","40.5184723414766","40.3889130164606","40.2442758586212","40.056559746275","39.8218524215963","40.1973138045541","41.2005262046676","42.1935008863155","42.528694549695","42.2772041793868","42.0320829101486","41.7220969787759","41.3575724447408","40.9627080183388","40.5309547853888","40.0247122917435","39.4555474561591","38.8699840106479","38.3534089594371","37.9402084940548","37.5658973660248","37.1881151035565","36.8157956056689","36.5887721750794","36.5020286186782","36.7307790573143","37.1447111731307","37.3222075296764","37.0639315993821","36.3732076299595","35.5828623411374","34.8273084128486","34.0746385929258","33.4071622247526","32.7630383691867","33.5532265108968","35.4184438506917","35.4083581485082","34.0951061231016","32.7385865352765","31.4845759551125","30.4325690671765","29.5820754423849","28.9493256910829","28.5719424191707","28.3338553067482","28.1437124080234","28.0102641939799","27.6833771496845","27.1204993877772","26.6220165785533","26.2665352114078","25.9339411586154","25.2820256521378","24.402203697828","23.6885663680369","23.1476511673225","22.5998434410537","22.1331072376368","21.7480060490842","21.2942944258941","20.7108304299052","",
"Yemen, Rep.","YEM","Population ages 0-14 (% of total population)","SP.POP.0014.TO.ZS","40.3097047964043","40.3615536904587","40.4396338362024","40.6154774519172","40.9173569699961","41.3464666460122","41.8464504692557","42.3440683292912","42.8298024810764","43.2972997775769","43.7901532267869","44.3042622889379","44.7954928021764","45.2659138380529","45.7186075468078","46.162165870504","46.5998490239814","47.0311874510159","47.4546203890267","47.8802483989387","48.3048182990106","48.7054688294898","49.0753179387202","49.4224120343089","49.7446328872426","50.0308521402611","50.3022949968114","50.5393005221056","50.7422174749225","50.9246662008441","51.0624907945691","51.1556440258748","51.2008610831026","51.1921165845558","51.1009497901035","50.9135004191742","50.6357498684384","50.2927796571281","49.9073797114688","49.4894247959213","49.0469786434723","48.5773402967619","48.0901758696844","47.5959387182711","47.0950627552382","46.5198001674851","45.8903268083098","45.2698622627776","44.6552786312949","44.0686433577556","43.5241835292283","43.0498391258569","42.654997041797","42.3318180304734","42.0599551205541","41.8427177255362","41.684013303431","41.5612919694606","41.4727578688006","41.3900254497061","41.3521086083527","41.3543731237748","41.3080564804707","41.2261185664195","41.1284265424891","",
"South Africa","ZAF","Population ages 0-14 (% of total population)","SP.POP.0014.TO.ZS","42.0916898585882","42.1030770281703","42.1004536980677","42.06195149044","42.051558444256","42.0943414062075","42.1457137834311","42.1924134290106","42.2234018172295","42.2444569606318","42.2539553888369","42.2353417464096","42.1878737909082","42.122372677039","42.0435246819629","41.9494712922143","41.8396807025453","41.6798499440539","41.4694124035023","41.2600375733014","40.925681151447","40.4827968473704","40.0938898693114","39.7692993142234","39.4802811736821","39.2044333653244","38.9367771575391","38.6686005366661","38.3882771622209","38.0826885891975","37.7319235436718","37.5225359167785","37.5674287439335","37.2543286993916","37.1906431666503","37.4922163976114","37.5347555431687","37.2493821446539","36.5326922303721","35.7389734098846","34.9044343850356","34.0374070356067","33.1606903166146","32.3346690213439","31.6292074037739","31.0682348006136","30.6129789232537","30.2192995376567","29.9130286624476","29.6757710969323","29.4031990378429","29.1248859212829","28.90203928814","28.6881386176942","28.5045913030218","28.3085126400749","28.3271458066446","28.2635806593204","27.8564496966846","27.4300151160759","26.9991523285718","26.6135516247987","26.3211830824158","26.0848983807105","25.8837591619497","",
"Zambia","ZMB","Population ages 0-14 (% of total population)","SP.POP.0014.TO.ZS","46.0170325351354","46.167242327455","46.3243192055982","46.5284488983044","46.7446404007362","46.8715995684283","46.9388857955891","47.0081808175991","47.0816246340478","47.1869135854239","47.4160568301707","47.7354603817131","48.043987399844","48.3353844632623","48.6022599574704","48.8482362829017","49.0642549805909","49.2392851306639","49.3702718240325","49.4548209714674","49.4798144285731","49.4286085796625","49.2949820486298","49.141648338276","49.0282981185065","48.9213536799326","48.7936435438118","48.672030939685","48.5689053824424","48.4793027369362","48.389798628825","48.3085452256112","48.2430583072836","48.1991590319517","48.1908158431131","48.2129526932975","48.2412697926145","48.2270527020901","48.1868451459352","48.1296108164216","48.0216356530982","47.8266806925648","47.622124223172","47.438903200637","47.2732395394753","47.1158655151172","46.9519899043271","46.7865180861682","46.6108246749716","46.4297268807546","46.2529019531858","46.095184683839","45.92793611803","45.7218187652092","45.4670133935691","45.1785994081317","44.858476697668","44.5091267320686","44.1450304054804","43.7567582888466","43.3344027971507","42.8932123845063","42.4387153873048","41.9551205572872","41.4573443514813","",
"Zimbabwe","ZWE","Population ages 0-14 (% of total population)","SP.POP.0014.TO.ZS","47.3436222112814","47.6960687095199","48.0858904145727","48.5412375948935","48.7605166243423","48.6979536106898","48.6206854209099","48.5464924656304","48.4768767215927","48.4099470155326","48.324110923523","48.2310724957051","48.1682452419465","48.1409267597184","48.134205807954","48.1469775809694","48.1857150469095","48.2823236639979","48.5283274051264","48.826527461632","48.6929833867396","48.4066198985962","48.2745004935551","48.1823672798759","48.1373386936858","48.0404954037804","47.8972072382784","47.9022028200543","47.8925203015081","47.5952547429382","47.1347224598626","46.592753134354","46.775058946577","47.0542423485566","46.6116185206153","45.9180032873184","44.9777720461507","43.9962787474128","43.0932897440871","42.3550091303847","41.8530607199513","41.5134262506253","41.3940075877426","41.4942665221588","41.6805341076781","41.8934849764666","42.0224240282769","42.1321466991168","42.3582157146964","42.6758527936554","43.039097491324","43.3757527532793","43.679702982084","43.8937851905141","43.9315584244601","43.8226043687856","43.5952351370459","43.2827192633888","42.9204370069491","42.5422575941545","42.1837994135142","41.8719254855762","41.6115433791364","41.3232835325935","40.873763046968","",
